utt_id,text,context,speaker,show,label,split
2_174,Oh! Satan's minions at work again?,And there's five hundred extra dollars in my account.,CHANDLER,FRIENDS,1,train
1_4281,It was the kind of thing that makes it kind of hard to face her now.,"You never told me what happened between you and Bernadette. I did a stupid thing. Yeah, I guessed that.",HOWARD,BBT,0,train
1_11098,"Wow, you still have it? I just assumed it was balled up in the corner of a barn somewhere.","I don't suppose you also brought napkins, clean bowls, utensils and a roll of toilet paper. Right here. You guys are the best. What's with the clothes? Well, with all the new stuff I bought for work, I needed to make room in my closet. I meant why are they folded? 
But whatever. Ooh, what's this? That, believe it or not, is my prom dress.",BERNADETTE,BBT,1,train
2_2,"ThatÕs a good one too Pheebs, now all that I have to do is find a plane load of people whose resolution is to plummet to their deaths",That's a good one. Mine is to pilot a commercial jet.,CHANDLER,FRIENDS,1,train
2_58,Why?,"Welcome back! Hey!  Can we pick up where we left off? I don't know, I'm still pretty tired out from this afternoon.",PHOEBE,FRIENDS,0,train
1_7402,I didn't know they gave Nobel prizes for making boom-boom in the potty.,"the paper was rejected, but recently, he was proven right. And now he's on the fast track to win a Nobel prize. Yeah, that's basically what I said. The point is Higgs is being celebrated for work he did 50 years ago, so that got me thinking, perhaps I've already hit upon the idea that will win me my Nobel prize.",LEONARD,BBT,1,train
2_84,"If that doesn't keep kids in school, what will?","Two week straight and she hasn't smoked since. So how did you guys meet? Oh I was in Mrs. Knight's oh I mean Alice, I was in her Home ED class. And he was my best student. Yes she was my best teacher.",CHANDLER,FRIENDS,1,train
1_4995,"Hey, you taught me something. Who would have thought it?","Why not? It seems like you're improvising your entire curriculum. This is all about listening and responding. Gotcha. I'm going to create a character and a situation, and you just jump in when you feel it. All right. All right. Action. Okay, it's not a movie. It's improv. So no one calls ""action.""",SHELDON,BBT,1,train
2_124,I am so confused as to what we have been doing so far.,"Thirty seconds all the questions we can answer You guys are dead, I am so good in lightning rounds. I majored in lightning rounds, alright! We are gonna destroy you! Wanna bet?",CHANDLER,FRIENDS,1,train
2_232,"Well, umm, my Mom's friend, Phoebe, is actually my birth Mom.","Oh, I'll go out and get you some. Really?! Nope! Because I'm not your boyfriend. Hey Pheebs, how did it go?",PHOEBE,FRIENDS,0,train
1_427,"Well, I'm sorry, too, but there's just no room for you in my wallet.","This is Dr. Sheldon Cooper. Yeah, I need to cancel my membership to the planetarium.",SHELDON,BBT,1,train
2_279,Sounds like she has got the whole package!,"How was your date with Ginger. Great. It was great. She is , uh, she is great, great looking, great personality, she is greatness",MONICA,FRIENDS,1,train
2_540,Okay?,"I don't know. But hey, I know we can decide. Okay, I'm gonna ask you questions and you answer real quick.",JOEY,FRIENDS,0,train
1_3545,"I understand your point, but given a choice, Jews always go with Chinese food.","There's a 39.95 lover's special at P.F. Chang's. Egg rolls, dumplings, bottomless wok, and you get your picture taken on the big marble horse out front. Given that Saint Valentine was a third century Roman priest who was stoned and beheaded, wouldn't a more appropriate celebration of the evening be taking one's steady gal to witness a brutal murder?",HOWARD,BBT,1,train
2_534,"Oh, come on!","When did I say you were boring?! Oh my God, I remember now! We were playing chess! Phoebe! You and I have",PHOEBE,FRIENDS,0,train
2_388,"Yeah, she couldn't live without the Chan Love.","Hey Pheebs! Ohh! You made up! Yeah, I couldn't be mad at him for too long.",CHANDLER,FRIENDS,0,train
1_2216,"Excuse me, but what about me? Why don't I get a shot?","Unlike you, I can actually talk to women when I'm sober. You fail to take into account that even mute, I am foreign and exotic, while you, on the other hand, are frail and pasty. You know the old saying, ""Pasty and frail never fail.""",LEONARD,BBT,0,train
1_1678,Answering the question once and for all why Wolowitz bailed out of medical school.,Can you open this for me? Can I see your stitches? Sure.,RAJ,BBT,0,train
1_5571,"Yes, I'd like a seven-day course of penicillin, some, uh, syrup of ipecac-- to induce vomiting-- and a mint.","The backwash into this glass is every pathogen that calls your mouth home, sweet home. Not to mention the visitors who arrive on the dancing tongue of your subtropical girlfriend. Hey! That's my sister and my country you're talking about. Leonard may have defiled one, but I won't have you talking smack about the other. You guys ready to order?",SHELDON,BBT,1,train
1_2354,"So? Do cocaine smugglers write ""cocaine"" on the box?","They're here. Stay calm. We don't know anything about them yet. What are you doing? I'm checking for musical instruments. Does that sound like castanets to you? The box says ""kitchen.""",SHELDON,BBT,1,train
2_51,"Well, I believe the piece of furniture was fine until your little breakfast adventure with Angela Delvecchio","That's the rule. What rule? There's no rule, if anything, you owe me a table! How'd you get to that?",CHANDLER,FRIENDS,0,train
2_13,"All right, let's do it.","Rachel, I have not missed one question the whole game. I own this game! Look at my hand. Why? Do you have the answers written on there? No! Steady as a rock! Now, are you with me.",RACHEL,FRIENDS,0,train
2_552,DANGER,I don't like sitting up here! I'm just gonna over No Rachel! They got here first! Why is Ross doing that?,ROSS,FRIENDS,0,train
2_172,The whole thing! Can we go?,"You liked it? You really liked it? Oh-ho-ho, yeah! Which part exactly?",CHANDLER,FRIENDS,1,train
2_550,All right I'll have one.,"I will have one. Okay, I'm not gonna have one. No, no, it's just my tooth.",CHANDLER,FRIENDS,1,train
2_491,"Let me think! Let me think! Oh, I don't care.",The wheel or pick a Google card.,CHANDLER,FRIENDS,1,train
1_4286,"All right, all right. He can buy his own desk.","and a super executive ant farm with glow-in-the-dark sand? - What if he buys his own desk? Yeah, what if I buy my own desk? - That's ridiculous. - Why? Because… Yes? It's my office.",SHELDON,BBT,0,train
2_358,"I do not always have to be,okay, okay.","No you do,y'know what, you're not gonna suck me into this. Oh sure I am, because you always have to be right.",ROSS,FRIENDS,0,train
1_507,"Well, there's always the possibility that a trash can spontaneously formed around the letter but Occam's rasor would suggest that someone threw it out.","I promised my mother. I suppose you could have your android penis circumcised. But that's something your rabbi would have to discuss with the manufacturer. Not to mention you'd have to power down on saturdays. Sheldon, why is this letter in the trash?",SHELDON,BBT,1,train
1_7641,"She was just so sad all the time. Yeah, I was the only person who could cheer her up. Well, me and Ben and Jerry.","You are now the only woman in my life who I'll see naked in the bathroom. I know this wasn't easy.
You doing okay? Oh, I'm fine.
It's just her I'm worried about. Aw, she'll be okay.
She's a grown woman. I know. 
It's just ever since my dad left, I've felt responsible for her. That's a lot for a kid to deal with.",HOWARD,BBT,0,train
2_373,I was making a coconut phone with a professor.,Where the hell have you been?,CHANDLER,FRIENDS,1,train
2_306,"No, no no, I just mediate the gorup. I just give up every Tuesday of my life to help these screwups for the good of my health",Sarcasmholic yourself?,MODERATOR,SARCASMOHOLICS,1,train
1_6065,"Frankly, Mom, I'm encouraged to see how advanced your group has become-- willing to sail out into the ocean without fear of falling off the edge.","All-you-can-eat Last Supper Buffet. 
And my personal favorite, Gunning with God. What's Gunning with God? I'm afraid to ask. Oh, it is a hoot and a half. You write your sins on a clay pigeon, they fire 'em up in the air, and you pulverize them with a 12-gauge shotgun full of our Lord's forgiveness.",SHELDON,BBT,1,train
2_392,Ah you see perfect might be a problem. Had you said co-dependent or self-destructive.,Because I met somebody who would be perfect for you.,CHANDLER,FRIENDS,1,train
2_88,Oh.,"Hi! What are you doing here? Ah y'know, this building is on my paper route so I...",RACHEL,FRIENDS,0,train
2_78,"I didn't know you and Carol were getting divorced, I'm sorry.","Honey, you remember my boss Doug right? Yes, hi. Hi. So good news, the divorce is final. I signed the papers this A.M.",CHANDLER,FRIENDS,0,train
2_250,"Oh, you say someone's name enough, they turn around.","David who? David the scientist guy, David that I was in love with, David who went to Russia and broke my heart David! Oh my God!",PHOEBE,FRIENDS,1,train
2_357,"Stating the obvious, but thank you. And it's not weird is it.","Yes. Great, let's begin.  How's the pressure? Nice! Wow Phoebe you are good!",PHOEBE,FRIENDS,1,train
2_231,"No, no, no, it's flattery.","Aren't you with that girl over there? Well, yeah, kinda. Um, but that's okay, see we have an understanding, um, see we each have this list of five famous people, so I'm allowed to sleep with you.",ROSS,FRIENDS,0,train
1_1772,"""Dave."" Sounds like Leonard's got a new BFF.","There are always do-overs when my people play sports. Where were you that's more important than Wii bowling night? Actually... It's rhetorical.
There is nothing more important than Wii bowling night. Come on, it's just a video game. And we suck at it. Nice motivational speech from the team captain. Where were you?",HOWARD,BBT,1,train
2_295,Nobody sees the king!,"Yeah, I talked to you on the phone, I'm the lady that got stuck with the racecar bed. Look, it's like I told you, there's nothing I can do. You signed for it, Monica Velula Geller. All right, Jester man, look we wanna see the king.",PERSON,FRIENDS,0,train
2_429,"I really, really enjoyed it. Very exotic.","Ha-ha, it's not my baby, ha-ha-ha! Very good,  so good.",PHOEBE,FRIENDS,1,train
2_608,"You are right, by saying nice, I am virtually licking her.","Did I go to this school? Hey, there's Missy Goldberg. You gotta remember her. Sure, nice. Dude. You're married to my sister.",CHANDLER,FRIENDS,1,train
1_1484,The big deal is that nobody touches food on my plate.,"Who touched my… Penny! Penny did it. Why would you do that? I don't know. I was hungry?
What's the big deal?",SHELDON,BBT,0,train
2_426,"Are you kidding? I love that guy!  Morning's here! Morning is here,",HEY!! Do you Oh come on! Morning's here!  Morning's here! The morning is here! Sunshine is here! I,JOEY,FRIENDS,0,train
1_5058,"An entire dinner to talk about your research? Where you going, the drive-thru at Jack in the Box?","Yes, I live with him.
I don't... I-I really don't know why. Tonight? Sure, that'd be great. Okay, I'll see you then. Bye. She wants to have dinner and talk about my research.",SHELDON,BBT,1,train
1_7449,"Okay, the NASA Web site says Howard's final descent has begun.","or Leonard's gym membership. We're not kicking him out. 
Stuart and I have become good friends. Okay, one vote for, one vote against.
Leonard, you're the tiebreaker. I don't have a problem with Stuart.
Besides, he gives us a 20% discount at his comic book store. Well, I don't sell my friendship that cheaply. I can go 30. Welcome aboard, old chum.",RAJ,BBT,0,train
1_10977,Let's not talk about this in front of our friends.,"Like what? Your incomplete set of <i>Star Trek</i> collector plates? For your information, I just bought the last one I needed on eBay. Without asking me? There were only three minutes left in the auction and it was a mint condition Scotty from a smoke-free home. How much, Howie? Not a lot. How much?",HOWARD,BBT,0,train
1_10857,It's true-- you're both gorgeous. Kind of says something about the man who could bed you both.,"Okay, sit down. Listen, Emily, what happened between me and Raj was a long time ago. It was, and I may have made it seem like a bigger deal than I should have. Yeah, and Leonard and I are engaged now, and I'm just hoping we can put this whole thing behind us. Mm. I'd like that, too. Yeah, I thought I'd be okay with it, but then I saw how pretty you are. Oh, that's so sweet.
I mean, look at you-- you are gorgeous.",RAJ,BBT,0,train
1_9087,"Why? Because I got an ugly, itchy sweater, and my brother got a car? No, I was her favorite.","Yup, oh... here you go. Oh, thank you. Here, get yourself an eraser for your troubles. Oh-ho.
I forgot about this. 
My aunt made it for me when I started college. Aw, did she hate you?",LEONARD,BBT,1,train
1_2819,"You know, I've always wanted to go to a Goth nightclub.","Howard, what did you do? They're called tattoo sleeves. Look. I got them online. Raj got a set, too. Fantastic, right? Put them on, have hot sex with some freaky girl with her business pierced, take them off, and I can still be buried in a Jewish cemetery.",SHELDON,BBT,1,train
1_5679,"I'd like to respond to that sarcastically: Yes, I relish the thought of a stranger covering my body with oil and rubbing it.",the organism responsible for Michelob Lite. Is there something wrong with your neck? It's a little stiff. What a remarkably fragile structure to support such a valuable payload. Not unlike balancing a Faberge egg on a Pixie Stick. Have you considered massage?,SHELDON,BBT,1,train
2_369,"I just have to do one thing, really quickly, its not a big thing  ...  GET UP||","Get up What? You're in my seat How is it your seat? Cause I was sitting there But then you left But its not like I went to Spain, I went to the bathroom , you knew I was coming back. Whats the big deal? The big deal is that I was sitting there last, so.. that's my seat Actually, the last place you were sitting was in there You guys, you know what? it doesn't matter. Because you both have to go get dressed before the big vein in my head pops!",CHANDLER,FRIENDS,1,train
2_225,"I don't know, something girlie.","Really, I, no, I think girls night out is a great idea. Okay, okay, bye So what are they doing?",ROSS,FRIENDS,0,train
2_420,"No you are not Chandler, we still love you Chandler","Okay you are right, I am in love with Joey's girlfriend. What? How is that possible? You barely know her. I don't know. I can't . I just, I can't get her out of my head you know. I am a very bad person. I am a horrible person.",CHANDLER,FRIENDS,1,train
1_5880,"When you're done copping a feel, that goes on my wrist.","Oh, sweetie, guests don't normally wear corsages to a wedding. 
That's more of a prom thing. I never went to my prom. 
My mom paid my cousin to take me, but he just used the money to buy drugs. Put the corsage on her. When you're done copping a feel, that goes on my wrist.",AMY,BBT,1,train
2_514,What's going on?!  That's what's going on!!,"Okay, okay look, I know I'm being Mr. Inappropriate today, but it's just so tough, I mean see you walking around and I just wanna touch you and hold you, come on no one's around, just, just kiss me. All right that's, that's it!! Get off her! What is going on?",ROSS,FRIENDS,0,train
2_148,"Hey, that's Joincidence with a C",You know what I just realized? Joker is poker with a J. Coincidence?,CHANDLER,FRIENDS,1,train
2_30,So how'd it go?,Yeah. He could row like a viking. Hi.,ROSS,FRIENDS,0,train
1_1470,I don't know. It just died. I'm getting a bunch of static.,"Hey, guys, I need to use your TV. What's wrong with your TV?",PENNY,BBT,0,train
2_323,That monkey has got a Ross on its ass!,Hey!,CHANDLER,FRIENDS,1,train
1_5964,Smart. Whisper so the deaf chick can't hear you.,"Wow. You're engaged to my friend. Hey, Bernadette doesn't mind where I get my motor running, as long as I park in the right garage. I can't believe you're engaged to my friend.",HOWARD,BBT,1,train
1_10496,"- You and... Oh, sure. And while we're at it, why don't we get engaged, too? Why don't we get a little house, start a family? Enjoy our sunset years together? Do you hear yourself, woman?!","And not the good Amazon with one-day shipping.
The awful one with birds and snakes. You hate the sound of all those keys on his key chain. Four keys!
Who does he think he is, a warden? See? Maybe you'll love living alone. I don't know. Perhaps. And if it turns out you don't...",SHELDON,BBT,1,train
1_3840,"I read a study online that walking after a meal not only aids in digestion, but increases serotonin, and you know me, if there's one thing I like more than a refreshing beverage, it's serotonin. Bye-bye.","Ah…I do so love beverages. Now I think I'll take my after-dinner walk. Since when do you take after-dinner walks? Yeah, since when do you take walks?",SHELDON,BBT,0,train
1_6188,"Oh, my God, that's where I know you from.","Yeah, sure, come on in. Thanks. Want some mac and cheese? No. Lactose. Gas. Glass of wine? No. Sulfites. Migraines. Okay, well, I'd offer you Halloween candy, but that's gone. So, what's up? Okay, we used to go out, right?",PENNY,BBT,1,train
1_5109,"Yeah, but you were just sleeping, because I forboded you to have sex.","That's very nice of you, but I made other plans. Well, just keep in mind that should you ever need a slightly apathetic tertiary friend, I stand at the ready. Hi, Howard. Hi, Sheldon. Hello. Hey. Why are you holding hands? I forbid you to hold hands. Rajesh, you know Leonard and I spent the night together.",RAJ,BBT,0,train
1_11378,Are you sure a dummy like me can handle something as complicated as a blanket?,"Okay. On the count of three, I'll shoot the fire extinguisher and get him airborne. Howard, you wave the blanket and guide him towards the exit. Raj, you hold open the curtain so he can fly out.",HOWARD,BBT,1,train
1_2361,Thank you so much for giving me the opportunity to help.,Thanks so much for helping me.,LEONARD,BBT,0,train
2_479,No I am worried she might be Phir Resuda's,Just keep thinking about Ma and whose mother she really is. You worried she might be Gina's?,DOROTHY,GOLDENGIRLS,1,train
2_317,"Ah, oh, hang on a second. Come in, come in. All right, so think about it, and call me back.","It has umm, three beautiful bedrooms and ah, no baths. But y'know, the ocean is right there. Knock, knock, knock.",PERSON,FRIENDS,0,train
1_5580,"Right, right, whereas Jewish mothers take a casual, la-di-da approach to their sons.","I was thinking of weaving it into her eulogy. Howard, you've got to tell your mother. Hey, have you told your parents you're dating this short glass of skim milk here? Uh... that's different.
First of all, we're not engaged; and second, Indian parents are very protective of their children.",HOWARD,BBT,1,train
1_7400,"Of course, it is... it's been in the news. And it's a very famous boson.","There are some charts in the back where I kept track of shape, color and consistency. Disgusting. No, what's disgusting is he's still keeping track. Why do you need all this stuff...? No, no, no, no... Sorry! I am glad you asked. Yeah, are you familiar with the Higgs boson?",PENNY,BBT,0,train
2_20,My duties?  All right.,You must've had your hands full That I did. That I did. So let's talk a little bit about your duties.,CHANDLER,FRIENDS,0,train
2_289,"Nooo! No, that's not true. No, best time ever! Yeah, you rocked my world!",Do you know what just happened? Yeah. We-we had sex and then we fell asleep. No. We were in the middle of sex .. and,MONICA,FRIENDS,1,train
1_7593,"Amy, I can't just ask Wil Wheaton to leave. He's a minor celebrity. Once you explain who he is, many people recognize him.","What do you think? Can I speak to you for a second? I'll be right back. Feel free to play with yourself. I don't care for your friend, he's being rude to me. You need to ask him to leave.",SHELDON,BBT,0,train
2_173,We- we had our first fight this morning.,Do you always have to bring him here? I didn't wanna leave him alone. Alright?,ROSS,FRIENDS,0,train
2_555,Hey! It's starting to snow.,No! You let go! How come it's always us left in the field holding the ball? I don't know. I guess the other people just don't care enough.,ROSS,FRIENDS,0,train
2_222,"The little man who lives in there, who turns the light on and off will tell you.",How would I know if they fog up?,DOROTHY,GOLDENGIRLS,1,train
1_11529,"And how difficult it is to do when she's bloated, cranky and crampy?","What exactly do you think goes on here? Well...
conversations that you wouldn't be comfortable having in front of the opposite sex. You know, who has the best cervix. Which sanitary napkin is all the rage right now. Men's buttocks, and how you want to pat and squeeze them. We were talking about Penny's job.",SHELDON,BBT,0,train
1_4603,Is it possible that she was going for your cheek and you moved and she accidentally got lip? That happens with me and my mom all the time.,"to bring us all with you to the year 7010 where we are transported to work at the thinkatorium by telepathically controlled flying dolphins? No, Penny kissed me.",HOWARD,BBT,0,train
2_206,A tshirt that says - I don't belong here.,"Hey guys, what should I wear to a Nick's game?",CHANDLER,FRIENDS,1,train
2_271,Sarcasm? Noo.,"Sorry, was that sarcasm?",MODERATOR,SARCASMOHOLICS,1,train
1_5166,"Yeah, it's a great time to be alive, isn't it?","but the driver didn't look at all like the photograph on his license, so I leapt out and ran for it. Wise. There you go. Just like recovering alcoholics drink in the Caribbean. Hi, bestie. Oh. Hi, Amy. How you been? Fine. From this angle, I can see up your nose.",PENNY,BBT,1,train
1_1931,Why don't you just lie down on the floor and swim there?,Where are we going? You're driving me to the mall. I'm going to acquire a book that summarizes the current theories in the field of friend-making.,LEONARD,BBT,1,train
1_11055,"Ah, that's a good question. Apparently someone was being awfully flirty while not wearing their engagement ring, causing another someone to show up here thinking the first someone might be available.","A gallant man would defend his fiance for being called a urethra. Can we please change the subject? Well, that didn't go your way. Dr. Lorvis, what are you doing here? Uh, well, actually I came to see you. Really? Why?",LEONARD,BBT,1,train
1_4760,"In the bedrooms of ten-year- old girls, where they belong.","Wow, this place is awesome. Where do they keep the Archies?",SHELDON,BBT,1,train
1_8746,"I enjoyed it. When you told me I was going to be ""losing my virginity,"" I didn't think you meant showing me <i>Raiders of the Lost Ark</i> for the first time.","So what'd you think? It was good. That's it? ""Good""?",AMY,BBT,1,train
2_474,Lovely,No. How long have we been home? About a half an hour.,CHANDLER,FRIENDS,1,train
1_3837,"Excuse me, I'm thirsty, so I'm going to go to the refrigerator and get myself a refreshing beverage.","Oh, there it is: now that you don't have a girlfriend, you want to hang out with me again. I never stopped hanging out with you. Oh, please, we all know I'm the friend you call when you have no other options. If we were the Justice League, I'd be Aquaman. I wish you were Aquaman. Then I could send you to scoop my mom out of the old lady tank.",SHELDON,BBT,0,train
2_504,"All right, okay, well, apparently not!","So you like the drums! That's, that's great! Y'know, I was worried, that, you know, they would maybe an unbearable living situation.",PHOEBE,FRIENDS,1,train
1_11046,"Wow, he really went where no man has gone before.","Red Zinger with one teaspoon of honey. Thank you.
Neat<i> Star Trek</i> mug. I actually have one of the phasers from the original TV show. Oh, cool.
How'd you get that? Oh, easy, Gene Roddenberry needed a vasectomy. Wait a minute.
You've snipped Gene Roddenberry's vas deferens? Yes.",HOWARD,BBT,0,train
2_588,I talk to you and nothin'.,"Well, why don't you tell me what you're supposed to be! Huh? Because I sure as hell can't figure it out!",JOEY,FRIENDS,0,train
2_390,"No, I am depressed becaues Phillis George left the morning news.",Are you depressed about Glen?,DOROTHY,GOLDENGIRLS,1,train
2_375,I was thkinking about maybe going into the Robot.,"Hey, you haven't been practising the routine have you? No!",ROSS,FRIENDS,0,train
2_245,"Well ah, I've been doing a lot of thinking, and I look at my life","Ooh, nice. So ah, there was this thing I wanted to talk to you about. Oh, right! I completely forgot about that.",PERSON,FRIENDS,0,train
2_7,I've never loved anybody as much as I love you.,You roll another hard eight and we get married here tonight. Are you serious?! Yes! I love you!,MONICA,FRIENDS,0,train
1_11242,"I love that you take pride in your looks, even when I have to pee in the morning, and you're in there spending an hour on your hair.","I was not panicked, and I am not overly attached to Leonard. You were so worried that you smashed your face trying to check on me.
You love me. Yeah. Tell me those aren't the words of a man with a spider eating its way through his brain. Amy, you're a neuroscientist.
Crack his skull open, spray some Raid in there.",BERNADETTE,BBT,1,train
1_7442,"The original title was ""A Rederivation of Maxwell's Equations Regarding Electromagnetism"""" I dumbed it down because some of the more religious people in town were starting to say I was a witch.","This will interest you. And, Penny, feel free to paint your nails. What do you got? I believe Alex may have unearthed the grade school science project that could be my ticket to the Nobel Prize. Behold. ""Magnets: What Do They Stick To?"" If the answer is ""metal,"" it's not exactly groundbreaking.",SHELDON,BBT,0,train
2_155,Great! Now we can do laundry all night. All night laundry!,"Actually, I was gonna do some laundry. Chandler, do you wanna do it with me? Sure I will do it with you You don't mind do you, that would really help me a lot Thanks. I don't think I have enough quarters I have quarters!",CHANDLER,FRIENDS,1,train
2_152,Your makeup?,"Are you referring to my man's bag? At first it I thought it just look good. But its practical too, check it out! Its got compartments for all your stuff. Your wallet, your key, your addressbook.",ROSS,FRIENDS,1,train
2_607,Hey.,"Okay. Listen uh, could you put Kathy on, I wanna apologize. Oh yeah man.  Joey.",PERSON,FRIENDS,0,train
2_36,"The big deal is I don't want naked, greasy strangers in my apartment when I want to kick back with a puzzle,beer! Cold beer.","Okay, well Ross, what is this really about? Look, this is my home and I want to be able to come and go whenever I want! Okay, I will find someplace else to do the rest of my appointments. I just don't know what the big deal is!",ROSS,FRIENDS,0,train
2_188,You had no relationship!!,"I just saw Danny getting on the subway with a girl and he had his arm around her. Oh, honey, I'm sorry. Well, you should be, this is all your fault! You meddled in our relationship!!",MONICA,FRIENDS,0,train
1_1666,Would it work if I just punched you in the face?,"it will establish you as the ""alpha"" male. You see... when a female witnesses an exhibition of physical domination, she produces the hormone oxytocin. If the two of you then engage in intercourse, this will create the biochemical reaction in the brain which lay people naively interpret as ""falling in love."" Huh",LEONARD,BBT,0,train
2_448,Do you still wanna call  'em? I wanna call  'em.,Yeah! You gotta tell a girl before you tape her. Such a rookie mistake. Y'know who has a great video camera? Greg and Jenny?,MONICA,FRIENDS,0,train
1_1189,"I'm sorry, I am not going back to the Renaissance fair.","That's enough. Call me. Right. Okay, good night. What? Had a great time. Ciao.",SHELDON,BBT,0,train
1_10009,"Let the dead man talk. So, why do you think that?","FYI, we plan on selling out the human race hard. In 20 years, who knows what'll happen with any of us? I think you and Leonard will be together. You do? Yeah.
I think you're the best couple I know. That's so sweet. What the hell?! Excuse me? Ah-da-da-da-da!",PENNY,BBT,0,train
2_408,"Okay, but if you are not coming back soon, there is pretty much nothing I can do about it","Saucy. I'll be back in two minutes. You are going to leave me like this Knowing you are here, waiting for me, it is kind of exciting isn't it?",CHANDLER,FRIENDS,1,train
2_609,I just called a friend of mine.,"I know. I know. I panicked, I panicked. I didn't want him to start yelling at me like I was some '74 Latour. It's Lafite. The '74 Latour is actually drinking quite nicely. All right here he comes. I'm gonna do this, I'm gonna tell him, I'm gonna be strong.",PERSON,FRIENDS,0,train
2_209,Really?,"He doesn't need to be sarcastic. I mean, that was sarcasm wasn't it?",MEMBER-GIRL,SARCASMOHOLICS,1,train
1_162,"Sheldon, if you were a robot, and I knew and you didn't...","On the other hand, no arousal. None? None. Thank you for your time. Thank you. None at all?",HOWARD,BBT,0,train
1_4639,"Well, I'm just glad you finally found yourself a keeper.","and pump it into his mom's Camry. Yeah, that's great. It's a funny story. Moving on. And Donnie was a rocket scientist compared to that boy who wanted to get beer pong into the olympics. What was his name, sweetheart? Curtis, and I'm pretty sure he was joking. I don't know. That petition looked real to me. Yeah, okay, I think this ends the ex-boyfriend portion of our evening.",PERSON,BBT,0,train
1_10190,"Well, now that I've given up string theory, I'm struggling to find my next area of focus. So, in your professional opinion, which of these areas do you think is the most promising?","it's important to the story that my boobs be the last things to turn ape. It's sweet that he thinks there's a story. Oh, and there's not even a bathroom on set.
I have to go to the gas station across the street. I mean, I was dressed like half an ape and still not even close to the most disgusting person in there. Leonard, I could use your assistance. Sure. What's up?",SHELDON,BBT,0,train
2_541,Oh yeah right. And what would my opening line be? Excuse me,Go over to her. She's not with anyone.,CHANDLER,FRIENDS,1,train
2_485,You got off to a really good start with the group.,"It was being sarcastic, alright I see I see I didn't realise the sarcasm was going to be so full on. I ll just stand back and start again Oh, we wouldn't bother.",MEMBER-BOY,SARCASMOHOLICS,1,train
2_162,"Ow, ow, ow, ow, leg cramp, leg cramp, leg cramp.","No-no-no. I don't have a son named Jordie. We all agreed, my son's name is Jamie. Well, Jamie was the name of Susan's first girlfriend, so we went back to Jordie. What? Whoa, whoa whoa whoa, what do you mean,",PERSON,FRIENDS,0,train
1_3649,"Oh, no, no, I said I'm inviting you to come with me to Stan Lee's house.","Hi. I'm Penny. This is my friend, Sheldon. We're not friends at the moment. Depends on how this goes. Right, right. Anyway, Sheldon here is a huge fan of yours, and he was supposed to meet you the other day at the comic book store, but he kind of ended up in jail. I see. And you thought you'd just come over to my house uninvited? You said we were invited.",PENNY,BBT,0,train
1_182,No. The dark crescent-shaped patterns under your arms conceal it nicely.,How do I look? Could you be more specific? Can you tell I'm perspiring a little?,SHELDON,BBT,1,train
1_5496,"Okay, Amy, you're being silly. I'm not concerned about who hangs out with who. And I certainly don't have a problem with Leonard's new girlfriend who wears way too much makeup. Ooh, these are cute. Of course if I buy them, I'll have to rent my womb out to a gay couple.","That bitch is crafty. You think? Of course. How does the cheetah attack a herd of wildebeests? By going after its weakest member. Well, what makes me the weakest member? Your trusting nature coupled with your teeny-tiny body. You wouldn't last a minute on the Serengeti.",PENNY,BBT,1,train
1_8045,"Dumped her? What, did he use a forklift?","to rebrand the stuff as a cure for constipation. Way to make lemonade.
You know, from around the corner where fudge is made. Hey, I got a favor to ask. Sure. My mom's been kind of an emotional wreck since that dentist she was dating dumped her.",RAJ,BBT,1,train
2_410,If you wanna put a label on it.,"That's funny. Who are they? The blond woman is my ex-wife, and the woman touching her is her... close, personal friend. You mean they're lovers.",ROSS,FRIENDS,1,train
2_55,"Oh hey, great, you're up. Rachel, this is my sister Krista. Krista, this is Rachel.","I'm really glad Monica asked us out. I'd love to ask you in, but uh, my sister's visiting and I think she's asleep on the couch. You're sister? You're sister's asleep on the couch? Ohhh! I saw",PERSON,FRIENDS,0,train
2_526,"Ah well, this is the living room.","Really?! Well, it's just like everyone else's apartment. It's got rooms, walls, and ceilings. Well, I just wanted to see where you lived. Now, give me the tour. Oh my God! Oh my God!",PERSON1,FRIENDS,0,train
2_247,Uh yes! Thank you.,"We're not gonna do that. Well, if you like you can feel Rachel's and then feel mine to compare. Am I interrupting?",ROSS,FRIENDS,1,train
2_340,Oh! Oop!,"It's the big night! We wanted to wish you good luck! Yeah, yeah you have the ring? Yeah, right here in my pocket. Pheebs?",PHOEBE,FRIENDS,0,train
1_4949,"Certainly. I'd like to raise two points. Number one, I think they <i>are</i> talking about penises. And number two, these mimosas are kicking my little brown ass.","Who could get <i>all</i> the giant missiles she wants. Are we talking about women wanting penises? Because I'd like to weigh in. Dr. Koothrappali, would you care to join the conversation?",RAJ,BBT,0,train
1_7443,We've kind of been involved in a five-year experiment.,"in town were starting to say I was a witch. Sheldon thinks the approach in this paper might change the way we calculate ferromagnetic hysteresis. Oh, it's about time. I hated the old way. Hi. I'm Penny. Alex.
Uh, do you work with Dr. Hofstadter? In a way.",PENNY,BBT,0,train
1_5156,"That's got to be fun for you, huh? Watching Hofstadter suck the saliva out of your sister's mouth?","The audible sigh is a show of exasperation, right? Right. Is it about me or the dead pixels? Hey, you're just in time. We made Tex-Mex. Oh, sounds great. Oh, Indians making Tex-Mex. Might as well have had the Chinese pizza. Hey, you.",HOWARD,BBT,1,train
2_94,"Can't do it, can you?","I can't believe you'd rather go out with him than me. Would you excuse me, please? I'm trying to have a date here. Fine, just stop thinking about me.",ROSS,FRIENDS,0,train
1_9963,What do you think I was gonna do at home?,"Koothrappali murder mystery dinner. I'm leaving. You can't leave. 
You're a suspect in the mysterious murder of Stuart Bloom. (dramatic music plays) I didn't know his last name was Bloom. Yeah, it's Bloom. Are you really gonna lie on the floor and pretend to be dead all night?",PERSON,BBT,0,train
1_5627,"Your girlfriend and your ex-girlfriend are hanging out together? Oh, yeah, that can only be good for you.","You mean when he was little. Not as little as you'd want him to be. You know, this stuff is horrible.
You want to see if we can find the cafeteria and get real coffee? Sure. We're going to the cafeteria to get some coffee. 
You want anything? I'm fine. That's nice that they're getting along.",RAJ,BBT,1,train
2_611,Just tell me how.,"Why?!! Uh well umm .. we're just not in that place, y'know? But we're very excited about this. Oh. Well then shut me up.",RACHEL,FRIENDS,1,train
2_177,I can show you an ID if you want?,Um-hmm. Oh wait! This is Bonnie. Hi! This is Bonnie?  This is Bonnie?  You're Bonnie?,PERSON,FRIENDS,1,train
2_259,"I wasn't by myself. I had a doctor, a nurse, and a helper guy. So, did you see who won the game?","Your mom called me. So is this her? No, this is a loaner. I'm sorry you had to do this by yourself.",PERSON1,FRIENDS,0,train
2_151,"Yeah, I mean, it would be rude to them for us to leave now.","Yeah, I know, it's my birthday. We all should be here. So, let's go. Well maybe, you know, maybe we should stay for one song.",CHANDLER,FRIENDS,1,train
2_356,Yeah.,"I mean, your Dad tells me that you get a couple of days off school, and you, you ah, don't have to sell those cookies anymore. Well, I kinda wanted to sell the cookies. The girl who sells the most wins a trip to Spacecamp, and gets to sit in a Wow, you ah, you really like all this space stuff, huh?",PERSON,FRIENDS,0,train
2_535,"So, I'm sorry I just don't think we should go away together yet.","spring vacation. spring vacation. Oh good. Look, I ..   Look, I'm having a great time with you and I just don't want us to move to fast or put to much pressure on us.",ROSS,FRIENDS,0,train
1_10797,"I'm with him three years, nothing. She's with two minutes, and he's taking his pants off.","to be a pharmaceutical sales rep. Maybe she can practice on you some time. Oh, it would be great to practice on a real doctor. Yeah. I'm sure that'd be fine. I have some odd freckles on my buttocks. Can I make an appointment for you to look at them? Um... okay, I guess.",AMY,BBT,0,train
2_77,"Umm, excuse me, we switched apartments. You can't eat are food anymore, that-that gravy train had ended.",Uh-huh. That sounds great! Hey!,MONICA,FRIENDS,0,train
2_282,What-wh-what so we'll just stay married forever?,"Wow! This is so amazing. I uh, I really thought I'd have to talk you into this more.",RACHEL,FRIENDS,1,train
2_506,"Oh my God!! Ohh, that is it! I'm leaving! You are just a horrible person!","Oh, I must've said that after you left. Said what? Exactly. That you enjoyed the occasional drink .. ing binge.",RACHEL,FRIENDS,0,train
2_512,Because it wears a little sunbrella Rose.,"It is not a fly Rose Spanish fly is not a fly? No, it's a beetle. They call it a fly but its really a beetle? Yes How did they know its Spanish?",DOROTHY,GOLDENGIRLS,1,train
2_589,Well why don't you check in one of my saddle bags while I chew on a bale of hay.,"I am sorry I think I can walk the rest of the way now just give me my boots. I don't have your boots Well I don't have them either, where are they?",CHANDLER,FRIENDS,1,train
2_467,That is the coast guard!,Just because he's got a bigger boat he thinks he can take up the whole river. Get out of the way jackass! Who names their boat Coast Guard anyway?,RACHEL,FRIENDS,0,train
1_7395,"Well, if that's all it takes, it's a good thing you don't have a dog.","You slept with him? I didn't know what else to do.
He had those big, sad eyes. Oh, sure, you had no choice. He looked at me like this.",AMY,BBT,1,train
1_6427,Hmm. That's too bad. We could have spent New Year's Eve waiting for the ball to drop.,"Oh, oh, oh. Was he the one who made you eat your arm hair? No, but, actually, that was this guy's sister. All right, well, what do you think he wants? I don't know. You know, the holidays are just around the corner. Maybe he wants to see if he can lodge the other testicle up there. I told you. That was a different guy.",PENNY,BBT,1,train
2_86,"Great! Okay, here.","See, if I am not buried with that ring then my spirit is going to wander the nether world for all eternity Okay, that's enough honey! I don't know. Let me see the ring.",CHANDLER,FRIENDS,0,train
1_4576,"Bernadette dared me to tell a dirty story. ""The Miller's Tale"" by Chaucer is the dirtiest story I know. It would have been hidden in sock drawers if people in the 14th century had worn socks.","""And Absolon hath kist hir nether ye, ""and Nicholas is scalded in the towte.
This tale is doon, and God save al the rowte."" What the hell was that?",AMY,BBT,0,train
2_413,Some guy bought it. I'm sorry. I tired to stop it but they put me in jail!,"Oh, that's uh, that's pretty nice but I'm gonna go with the one I picked first. Oh my God Chandler, the one you picked is gone. It's over! What?",PHOEBE,FRIENDS,0,train
2_478,"Oh, wait a minute, I have no one.","Hi. What's the matter with you? Mean guys at the coffee house took my hat You kidding It was ridiculous, these guys were bullies, actual bullies. We are grown ups, this kind of stuff isn't supposed to happen anymore.",CHANDLER,FRIENDS,1,train
2_149,Thank you.,"Yeah??? Oh... Okay, yes, we'll be right, we'll be right down.",MONICA,FRIENDS,0,train
1_2420,You know this can go on all night. Why don't you just come with us?,"Or pick out his career for him without knowing his aptitude. Or pick out a new breakfast cereal without knowing his fiber requirements. Or his feelings about little marshmallows. Spider-Man. Get him Spider-Man. Amazing Spider-Man, Ultimate Spider-Man, Spectacular Spider-Man, The Marvelous Adventures of Spider-Man, Spider-Man 2099? You know this can go on all night.",LEONARD,BBT,0,train
1_11322,"You know what? That was almost on topic. I'm gonna say, ""Good job, Sheldon.""","Hey, how are things going with your parents? Not great. They hired divorce attorneys. You know, speaking of attorneys, if I ever needed a lawyer, I would not hire She-Hulk.",PENNY,BBT,1,train
1_4850,I understand. Your loyalty is admirable. But what if I were to up the ante?,"Why not ""World's Greatest Engineer""? I'm sorry.
I typed that into the label maker, but I just couldn't press enter. Now down to business. What would it take for you to abandon Leonard and join me in a rival company Unless, of course, the mugs are sufficient, in which case, welcome aboard. We're not quitting on Leonard.",SHELDON,BBT,0,train
1_1722,My aunt Marion gave them to me for my 12th birthday.,What are you doing here? Hang on. 130 over 80. It's a little high. We can attribute that to the stress of sneaking past the security desk. Where did you get the stethoscope and the blood pressure cuff?,SHELDON,BBT,0,train
2_547,"Okay, now much have you won so far?","Well, what did you have? It doesn't matter because nothing beats a three and a six. That my friend is D-Cup.",CHANDLER,FRIENDS,0,train
1_10748,"There they go, fighting again. You'd never hear her talk that way to Sauvignon Blanc.","Howard and Bernadette, Raj and his girlfriend, Penny and Chardonnay, Penny and you. There isn't any ranking. And if there were, we wouldn't be at the bottom of it. Yeah, and actually, I drink Sauvignon Blanc. That's the part you have a problem with? Relax.",AMY,BBT,1,train
1_11224,And here I am in the trap. You just keep talking. I'm gonna chew my leg off.,"You heard what he said about his parents. 
It was the little things they kept bottled up. 
I don't want that to happen to us. How can I convince you it won't? Well, is there anything about me you're keeping inside? I'm not answering that. 
It's a trap. So there<i> are</i> things you don't like.",HOWARD,BBT,1,train
1_3419,"Oh, we don't need to talk about that anymore. Leonard covered it pretty well in the car.","So, what should we talk about? Well, we could always learn more about why people who believe in psychics are idiots. Leonard?",PENNY,BBT,1,train
2_374,Janice? Janice?,Will you get me a white zinfandel and glass of red for Janice.,CHANDLER,FRIENDS,1,train
2_579,No!,"One, two, three, four! You know the song! Sing along! So?",MONICA,FRIENDS,0,train
2_181,Yeah! Look!,Oh but look! That's gonna leave a stain! Rach! Hey! It's fine! You're at Joey's! Really?,JOEY,FRIENDS,0,train
2_462,"No Rose, at a pie eating contest.",Oh I am so nervous. Have you ever given an eulogy? You mean at a funeral?,DOROTHY,GOLDENGIRLS,1,train
2_423,Like I have nothing better to do!,"Richard! Actually, I'm not here to complement the chef. Ohh ..  Oh, that's okay I hate when people come back to complement the chef.",MONICA,FRIENDS,1,train
2_447,It was an accident. Not like I was across the street with a telescope and a box of donuts.,Still upset because I saw her boobies. Well what? What were you doing seeing her boobies?,CHANDLER,FRIENDS,1,train
2_230,"Okay, Janice. Janice. You gotta give me Janice. That wasn't about being picky.","Okay, Mr. Heckles, we'll try to keep it down. Thank you. I'm going to rejoin my dinner party. All right, bye-bye.",CHANDLER,FRIENDS,0,train
2_337,"Uh, listen, I need that broiling pan that Joey borrowed the other day.","How many times have I told you guys, you Hi Chandler. Hey!",MONICA,FRIENDS,0,train
2_407,Hey!,"Well, Joshua's coming in tomorrow and since I don't have the guts to ask him out, I'm going to sell him a coat and put this note in the pocket. Oh yeah? Joshua, give me a call sometime, guys like you never go out of style.",JOEY,FRIENDS,0,train
1_6039,I don't know what I'm going to do. I don't want to break up over this.,"He can't go to space. He's like a baby bird. Do you know he once got an asthma attack from reading an old library book? You're kidding. No, I was there that day. Sheldon threw his back out handing him that book.",BERNADETTE,BBT,0,train
2_176,I'm the ruptured spleen.,"Yeah, come on, eat, whatever you want. Dr. Roger got beeped again. Yeah I know, guess who beeped him? What?!",CHANDLER,FRIENDS,0,train
1_2614,Hardly a day goes by when I don't think about it.,"You went to President Seibert's house in the middle of the night? He didn't respond to my e-mail, his phone number is unlisted. Tell me what my other option was. You could have waited until morning. I know, look who I'm talking to. Do you remember the grant proposal I submitted to the National Science Foundation to detect slow-moving monopoles at the magnetic North Pole?",LEONARD,BBT,1,train
2_604,"No Rose, I am developing pictures from the magellan space probe","Hi Dorothy, cooking?",DOROTHY,GOLDENGIRLS,1,train
1_4792,"Obviously, we're no longer a Justice League. We have no choice but to switch to our Muppet Baby costumes.","I may have failed. Okay, I guess we just go without a Wonder Woman. I don't want to go without Penny. Oh, great. No Superman, no Wonder Woman? All we've got is a skinny Flash, an Indian Aquaman, a nearsighted Green Lantern, and a teeny, tiny Dark Knight.",SHELDON,BBT,0,train
2_312,Sarcasm? At a sarcasmoholics meeting?,Alright! Definitely!,MEMBER-GIRL,SARCASMOHOLICS,1,train
2_128,You building a post office?,"Hey, we know how we always say we need a place for the mail? Well I started building one, but then, I decided to take it to the next step.",CHANDLER,FRIENDS,1,train
1_7953,Why don't you ask Scotty to beam you up?,"Hello. Uh, four glasses of water, please. Anything for you guys? Can I use your phone? 
Our car got stolen.",PERSON,BBT,1,train
2_573,"Oh I see, I thought you just really really liked your new couch.","Look I drew a sketch of how we are gonna do it ok? Rach, that's you, that's the couch What's that? Oh, that's me. Wow! Certainly think a lot of yourself. No, that's my arm.",CHANDLER,FRIENDS,1,train
2_500,Oh my God I love that! - Really? - NO!,I want to show you something too. You know those big road signs that say Merge? So I was thinking that we could get one fo those signs and hang it over the bed. Because its you and I together - Merge!,MONICA,FRIENDS,1,train
1_11232,"And I love that I work and do all the cleaning, and you're okay with that.","And I love that you're strong and independent. And yet, I still love when you hold a door for me. I love that I'm kind of a slob around here, and...
you're okay with that. Uh-huh.",BERNADETTE,BBT,1,train
1_8217,"Go out with me on one date, and I promise you, you'll see.","There are many things seriously wrong with me. And not quirks, either.
Like... diagnosable psychological problems. Maybe brain damage. Well, how do I know you're not just saying that?",RAJ,BBT,0,train
1_1973,I hope I'm a waitress at the Cheesecake Factory for my whole life.,"Ask me why. Do I have to? Of course. That's how you move a conversation forward. Why? The learning opportunities would be abundant. Additionally, I like having my belly scratched.",PENNY,BBT,1,train
1_6648,You mean for a person whose neck massages feel like an eagle is trying to carry you to its nest?,"This is amazing.
How did you even get this idea? I called your dad.
I asked him what things you liked to do when you were a kid. This seemed easier than getting a cow out here so you could tip it. Okay, you're kind of really great.",LEONARD,BBT,1,train
1_6769,"Hope your hands are steady. It's the width of a single hair. But this is just biology, so I'm sure it's no problem for a genius like you.","All right. I'm no stranger to a little gray matter. Locus coeruleus. Locus coeruleus. You're getting warmer-- it is, indeed, in the brain.",AMY,BBT,1,train
1_2792,"No, I mean, we can always go back to being friends.","like Mrs. Riley' s chicken. What's Mrs. Riley's chicken? A chicken that was owned by Mrs. Riley. Okay, forget the chicken. Well, I wish I could. No, no. You may be right about me and Leonard. Of course I'm right What are the odds I'd be wrong twice in one week?",PENNY,BBT,0,train
2_591,"How about stopping by new years eve with three naked women, throwing up in the pool, passing out in the punch bowl, and relieving yourself in the linen closet?",We thought you might like to join us for dinner? I get the feeling Dorothy that you might be a little mad at me. Why is that?,DOROTHY,GOLDENGIRLS,0,train
2_502,I'm worried about whether Michael Jackson will be able to buy the remains of the elephant man.,Still worried about the money you owe the government?,DOROTHY,GOLDENGIRLS,1,train
2_431,I'm never gonna get to meet her anyway.,"But I can see through your sheet. Yeah, yeah, that's her. But y'know what? Doesn't matter,",JOEY,FRIENDS,0,train
2_182,The liberarche marquee at Caesar's palace,"Whop, it is really coming down. Whats coming down?",DOROTHY,GOLDENGIRLS,1,train
2_486,"Anyway, they want to take us out Saturday night! What do you say?",Oh my! They're male nurses. Not in my head.,RACHEL,FRIENDS,0,train
2_50,"Nope, that patch is no good.",Okay thatÕs like the least fun game ever. Well I am really sick of your smoking. So I brought something that is going to help you quit.,CHANDLER,FRIENDS,1,train
2_316,"Yeah, I'm fine.","Hi. Well, look, I was just gonna leave a message, isn't tonight your, your big anniversary dinner? Yeah. Well, umm..... Rach, are you okay?",RACHEL,FRIENDS,0,train
2_257,"Oh, hey, look, I found coffee! Okay, let's skedaddle.","Okay, let me just get a cup of coffee. Oh Rachel, I know the best coffee house and it's sooo close. Closer than here?",PHOEBE,FRIENDS,0,train
1_6428,Sure. You want to see what all the scientists are wearing this year.,It's 2:00 a.m. What are you doing up? Nobel Prize acceptance ceremony streaming live from Stockholm.,LEONARD,BBT,1,train
1_1987,"When I didn't pay my bill, the Department of Water and Power thought I would enjoy the ambience.","Hey. Hey. A little mood lighting, huh?",PENNY,BBT,1,train
2_119,Yeah. What-what should I do?,"I mean technically it's-it's not against the rules or anything, but it is frowned upon. Especially by that professor we ran into last night, Judgey von Holierthanthou. Well Ross, you be careful now. You don't want to get a reputation as y'know Professor McNailshisstudents.",ROSS,FRIENDS,0,train
2_203,It's not funny!,"That only is not funny, it's physically impossible! Okay? Depending    on the species I'd have to have a six foot long...",ROSS,FRIENDS,0,train
2_144,Lords of Arabia,"Well ofcourse Blanche , they did it in that movie. What movie?",DOROTHY,GOLDENGIRLS,1,train
2_146,"So Ross, how umm, how did it go with Bonnie?","Oh, about five minutes. Right now they're interviewing his opponent. Apparently he trains by going to Iran and pulling the arms off thieves. Hot dog? Four, please. I'm really nervous. Thank you.",PHOEBE,FRIENDS,0,train
1_4477,I just want to ask you a few questions about Howard Wolowitz.,"Yes.
I'm Special Agent Page, FBI. You say you're Special Agent Page, FBI. Here's my I.D. And here is my Justice League membership card. But that doesn't prove I know Batman.",PERSON,BBT,0,train
2_334,"When they're hungry enough, they'll come in.","Yes. Yes, there is, they play on Sundays and Monday nights. Oh shoot! I work Monday nights. Umm, this stuffing is amazing. Do you think we should bring them some?",JOEY,FRIENDS,0,train
2_180,That oughta do it.,"Where's Chandler? Oh, he needed some time to grieve. I'm free! I'm free!",PHOEBE,FRIENDS,0,train
2_341,"Well, I'd gotten Judy pregnant. I still don't know how that happened.","I remember when we first got engaged. Oh, I don't think I ever heard that story.",PERSON,FRIENDS,1,train
1_7494,that sounds a little funny to an American ear.,"Wow, so you guys are like buds now? Oh, yeah, we hang out all the time. Plus, he doesn't have a girlfriend, I don't have a girlfriend. It's like we both had these holes in our lives, but now we fill each other's holes.",PERSON,BBT,0,train
1_7661,"Yeah, that was five weeks ago. How much longer is he gonna milk that cow?","There it is again.
Do you kiss your mother with that mouth? Oh, well, I'm sorry for your loss.
- Oh! - Good night, sir. Unbelievable.
He says Wolowitz deserves my spot because he's a high-profile asset to the university. Well, he's not wrong.
Howard did go to the International Space Station.",SHELDON,BBT,0,train
2_267,Really!?,"Look honey, Mark is in fashion okay, I like having a friend that I can share this stuff with. You guys would never want to go to a lecture with me. Pa-haa!! I would love to go with you.",RACHEL,FRIENDS,0,train
2_299,What would you give to a kid if he wanted a ticket to play with?,"One ticket to Yemen? Oh no-no-no, no. No, no, no, I just, I just need a pretend ticket. I'm sorry sir, I don't understand.",CHANDLER,FRIENDS,0,train
2_623,What do you know? Its a treat for the eyes and the ears.,Chandler? Hey! Ah! What do you think? I think I can see your scalp!,CHANDLER,FRIENDS,1,train
2_226,"These people find out that a spelling game is going over there, there will be nobody left at our party.",Could guys please try to keep It down? We are trying to start a tournament.,CHANDLER,FRIENDS,1,train
1_4743,"Oh, and the science dudes want to talk science with you. What do you want to talk about-- rocks, dinosaurs, our friend the beaver?","That's what I love about science-- there's no one right answer. So...you and Zack again, huh? Yeah, yeah, me and Zack again. Were we here earlier? Okay, we should, we should go. Ah, not yet. I want to talk science with the science dudes.",HOWARD,BBT,1,train
1_10462,"You know, if you're really serious about that, I hear there are some exciting opportunities in home care for the old and fat.","it's-it's what my grant was designated for, and that everybody has to do things they don't want to do. He then gave an example of something he had to do, even though he didn't want to, which was look at my stupid face. That's a rude thing to say. Out loud. It's an outrage.
Honestly, I'm tempted to leave the university.",HOWARD,BBT,1,train
2_370,You have to stop the Q-Tip when there is resistance,"My family's been going to him forever. He did my first suit when I was 15. No wait 16. Excuse me, 15 ...  Alright when was 1990?",CHANDLER,FRIENDS,1,train
2_294,"Oh, um, I don't care!",How do I look?,CHANDLER,FRIENDS,1,train
2_39,"Oh hurry up, I want to sign that.","But that reminds me, sign this. What is it? Its nothing, just that you can't sue the city incase you scrap your knee or your know get your head blown off.",CHANDLER,FRIENDS,1,train
2_129,What are these? Claws?,Oh Dorothy would please open this jar of nuts for me? You couldn't get it open? Oh I didn't try. I don't wanna risk cracking a nail.,DOROTHY,GOLDENGIRLS,1,train
1_1560,How nice. Maybe they can carpool when they visit you in federal prison.,"So my friend Leonard is gonna take you home. Okay. Let's go, friend Leonard. I'll call ya. So are you a scientist like Howard? No one's a scientist like Howard. My mother is so gonna love her.",SHELDON,BBT,1,train
2_560,So now I have to go so he'll think that I'm totally ok with seeing him!,"And she was like ""Oh, don't worry! I asked him. He's totally ok with seeing you!"".",PHOEBE,FRIENDS,1,train
2_79,"I'm just gonna throw it out, it's probably just a bunch of shampoo and...","Oh, great. Although I did sit down where there wasn't a chair. By the way, Ross dropped by a box of your stuff. Oh, well, I guess I had that one coming.",RACHEL,FRIENDS,0,train
1_3293,Leonard's work is nearly as amazing as third graders growing lima beans in wet paper towels.,"I am.
Are you interested in physics? Oh, I find it fascinating. If I hadn't gone into microbiology, I probably would have gone into physics.
Or ice dancing. Actually, my tests of the Aharonov-Bohm quantum interference effect have reached an interesting point. Right now, we're testing the phase shift due to an electric potential. That's amazing. Yes.",SHELDON,BBT,1,train
1_340,"Sure, cut the foreigner in half. There's a billion more where he came from.","And I cannot believe people pay for horoscopes, but on a more serious note, it's 8:13 and we're still not playing Halo. Fine. We'll just play one-on-one until he gets back. One-on-one? We don't play one-on-one. We play teams, not one-on-one. One-on-one. The only way we can play teams at this point is if we cut Raj in half.",RAJ,BBT,1,train
1_1001,"What else? Sell it on eBay as ""slightly used.""","Or maybe she just doesn't want to talk. Look, I found an iPod! It's smashed beyond repair. What are you gonna do with it?",RAJ,BBT,0,train
2_371,I-I'm really sorry. It's just that I,"Hi umm, listen come here, come in. I'm so-so sorry about yesterday.",ROSS,FRIENDS,0,train
2_622,"Pheebs, you may know this, you know strange things. What is the boiling point of brain?","Maybe I should get another pair. Oh, you know they had some with uh, with  fringe all down the sides.",CHANDLER,FRIENDS,1,train
1_5919,"Because you don't have a girlfriend? Well, good Lord, if that becomes a reason not to play Dungeons & Dragons, this game's in serious trouble.","Your movies and your TV shows promised streets paved with beautiful blonde women with big bazongas. Eat another pie, you'll have your own bazongas. That's cruel. You know it goes straight to my hips. Gentlemen, please focus. You're facing a fire-breathing dragon. I don't know if I want to play anymore.",SHELDON,BBT,0,train
2_487,"And Hornswoggle? What? Are you dating a character from ""Fraggle Rock""? Ahh.","I can't take it any more! So you win, okay? Pheebs? Flying a jet? Better make it a spaceship so that you can get back to your home planet! And Ross, phone call for you today. Tom Jones, he wants his pants back!",CHANDLER,FRIENDS,1,train
2_92,"No, no, I am just looking for a man to draw on me with chalk.",Anybody know a good tailor? You needs some clothes altered?,CHANDLER,FRIENDS,1,train
1_11699,"No, Stuart picked out those throw pillows all on his own.","Hold that thought. Hello? How can I make this up to you? The answer's in this puzzle box. 
Let's see if you can open it. You could have at least warned him about the furniture. That's what I said when we moved it. You helped him?!",RAJ,BBT,1,train
1_2837,"- Chocolate? - No, I don't want any chocolate!","You'll never guess who they got to replace you at work. Okay, I know what you're doing. Really? Yes, you're using chocolates as positive reinforcement for what you consider correct behaviour.
Very Good.",LEONARD,BBT,0,train
2_141,We think it was trying to spell out monkey.,He also found an M and an O.,CHANDLER,FRIENDS,1,train
2_3,And I think my testicles may be in here too,"Do you guys have any exta ribbon? Oh yeah sure, what do you need? We got lace, satin, sateen, rafia, gingam , felt.",CHANDLER,FRIENDS,1,train
1_8042,"No, just me, her and a couple of the big wigs. It's part of a bonus she got.","Here you go. Great. Come on in. What, you don't say thank you? It's my suitcase.
I lent it to you two years ago. Well, then, I should tell you I broke the wheel and the handle. So, is everyone from Bernadette's company going to Vegas?",HOWARD,BBT,0,train
2_261,"Oh, no, no. I just meant hypothetically.","I'll tell you what. When we're 40, if neither one of us are married, what do you say you and I get together and have one? Why won't I be married when I'm 40?",CHANDLER,FRIENDS,0,train
1_3476,Don't you think looking for a new city to live in is a bit of an overreaction?,My new computer came with Windows 7. Windows 7 is much more use r- friendly than Windows Vista. I don't like that.,LEONARD,BBT,0,train
2_572,No! I'm so happy for them!,"I know, they're gonna be Ohh ..   I mean two best friends falling in love, how often does that happen? Not",RACHEL,FRIENDS,0,train
2_263,Wow! Imagine what our kids would look like!,"You guys make a Yeah, we look great together. Okay.",MONICA,FRIENDS,0,train
1_11723,"Not much, but he seemed to be in a pretty good place.","Oh... then I choose a janitor.
'Cause I'm about to throw up. I'm in love.
Let's do something else. Ooh, uh, Emily gets off work soon.
Why don't the four of us go out? Okay. Sounds good. Should we call Howard and Bernadette? I don't know what time their plane gets in, but let me, let me shoot them a text. Did he say anything about the funeral?",RAJ,BBT,0,train
2_338,And I am sure every person here really really wants you to join our group.,"Scott scott come back. You have to realize that we are a bunch of people with severe problems. We have been trying to help ourselves, just like you have been trying to help yourself. That's why we need to help each other. I mean, you seem like a decent guy.",MODERATOR,SARCASMOHOLICS,1,train
2_527,We thought you were just here for the company. He is a sarcasmoholic Stewart.,My name's Scott and I am a sarcasmholic. Nooo.,MEMBER-GIRL,SARCASMOHOLICS,1,train
1_8837,"Not as relieved as I'm about to be. It's a brave new world, little lady.","Really? Yes. Huh. Yeah, I always took it literally. That's why I have never once moved my bowels in this or any restaurant. 
Hmm. I'm relieved that you don't have a problem with us working together.",SHELDON,BBT,0,train
2_227,You sure he is going to be able to crack that code?,"Well, despite the yummy bagels and palpable tension, I have got pants that need to be altered.",CHANDLER,FRIENDS,1,train
1_5134,"Oh, yeah, yeah. It's real great. Today I drove to Van Nuys for an audition I thought was going to be for a cat food commercial. Turned out to be porn.","Thank you, Leonard. That doesn't make it sound boring at all. So, how you holding up? I'm fine. Oh, who are you kidding? She's breathtaking. So, Penny, Leonard tells me you're an actress. That must be pretty exciting.",PENNY,BBT,1,train
2_558,I can see it from right here. It'll cost you one husband.,Oh wait! Stop! Stop! Stop! Oh I'm sorry! Do you need a break? My boots in tan! Hey! Can you get a little closer so I can see the price?,CHANDLER,FRIENDS,1,train
2_31,"Even if people are on it!""","You know what else I'm not gonna miss? ""I'm Monica. I wash the toilet 17 times a day.",RACHEL,FRIENDS,1,train
1_4145,A lot of people are working on that research. So what is all this?,And this is a schematic for a bird-trapping device that will ultimately backfire and cause me physical injury? What I'm doing here is trying to determine when I'm going to die.,LEONARD,BBT,1,train
2_287,"Oh I am sorry, do you need a break?",Oh wait stop! Stop! Stop!,CHANDLER,FRIENDS,1,train
2_471,Amazing.,Hello everybody! How was your week?,MEMBER-GIRL,SARCASMOHOLICS,1,train
2_301,"Hey, do you know a six-letter word for red?","Hey! Hey! What are you guys doing up? Oh, we wanted to finish the crossword before we went to bed.",CHANDLER,FRIENDS,0,train
2_494,But younger than some buildings!,"I know Richard's really nice and everything, it's just that we don't know him really well you know, plus he is old  ...  er than some people.",CHANDLER,FRIENDS,1,train
1_5953,Here's some other fun news on the Raj/Emily front. He gave her a pair of diamond earrings and leased her a car.,"because you no longer wear underpants. The dice giveth and the dice taketh away. Is Raj out with Emily again? Yeah, every night for the last month. Wow, can't believe he has a girlfriend. Me neither.",HOWARD,BBT,0,train
2_28,"Carol called me to thank me for the lasagna, I asked, she told me.","I mean, I couldn't not know, I mean, if, if the doctor knows, and Carol knows, and Susan knows.... And Monica knows… Wha, heh, how could you know, I don't even know!",MONICA,FRIENDS,0,train
2_190,Well scott I am sure we are all really really looking forward to hear your story.,I finally got to admit it to myself. I have got a sarcasm problem.,MODERATOR,SARCASMOHOLICS,1,train
2_189,"Yeah okay, I was just talking to the guys. Just look at them I mean, is it okay if they come visit?",Ahh! Aren't you dressed yet? Am I naked again?! We're supposed to meet my parents in 15 minutes.,CHANDLER,FRIENDS,1,train
2_134,Paper cut!,"I can't figure this out! It's so hard! Should I get her a  Tiffany cut or a Princess cut or a,ah-ah!",CHANDLER,FRIENDS,0,train
2_310,Well thank God your livelihood doesn't depend on it.,"Hey, I need you to set me up for a joke. Later when Monica is around I need you to ask me about firetrucks I don't know Chandler, I am not so good with remembering lines.",CHANDLER,FRIENDS,1,train
2_490,"Maybe it's a contest, you know? Like ""Collect all five"".","I know, I opened it up and it  and there it was just floathing in there, like this tiny little hitchhiker.",CHANDLER,FRIENDS,1,train
2_54,"That's easy for you to say, you weren't almost just killed.","Yes! And he said really mean things that were only partly true. I'm gonna go down there and teach that guy a lesson. Joey, please don't do that. I think it's best that we just forget about it.",RACHEL,FRIENDS,1,train
1_10829,"On the bright side, that Oxford study was right. One friend down. I wonder who you're going to lose next.","You would leave me out of the conversation with the next guy if you dump Leonard? Why say it? Yes! Well, I would never leave you off my list, and not just because, without you, we're playing fast and loose with the word list. Well, good job. Now she hates me. Great.",SHELDON,BBT,1,train
1_11885,"Yeah, turns out half a dozen menorahs really sets a mood.","Glad you guys could make it. Of course. Wow, it looks really pretty in here.",PERSON,BBT,1,train
1_2198,"Assuming I can keep up this pace, three hours, 11 minutes. Plus however long it takes to conclude this fairly pointless conversation.","See, by attaching RFID tags to my clothing, it will enable my laptop to read and identify the items with this wand. I will then cross-reference them against destination, anticipated activity spectrum, weather conditions, duration of trip, et cetera. That does sound much simpler. How long is this going to take?",SHELDON,BBT,1,train
1_9009,"- No, no, no. I'm really good at this. All right, give me a hint. Does it involve difficulty initiating a stream of anything?","Dr. Jeffries, hello again. Leonard Hofstadter. Oh, oh, right, I remember your-your girlfriend. Is-Is she... is she here? No, she's not. So, what prescription are you getting filled? - Sheldon. No. Wait, I want to guess. Don't tell me. I wasn't going to tell you.",SHELDON,BBT,0,train
2_198,"Yeah, she's fired.","Was it my work? Were they mad? Was it Jack? Did he yell?! J-j-just relax, nobody yelled. Jack just was calling to make sure that you were feeling better. Thank God.",ROSS,FRIENDS,0,train
1_1262,You were very clear. As was everyone else at the table.,"Leonard, this is Tom. Hi, Tom. Sheldon? Didn't I explain to you about your little mistake in the cafeteria?",SHELDON,BBT,0,train
2_24,"Uh, okay. The fifth dentist caved and not they're all recommending Trident?","Who? Dee, the sarcastic sister from What's Happening!! Guys, guess what guess what guess what.",CHANDLER,FRIENDS,1,train
2_35,Oh no donÕt go. I have scared you. I have said too much. I am hopeless and awkward and desperate for love.,"I am not divorced yet. Chandler, you know you just invited me over here for pasta and all of a sudden you are talking about moving in together. I wasn't even that hungry. Its getting really late and I should just umm.",CHANDLER,FRIENDS,0,train
1_11697,The answer's in this puzzle box. Let's see if you can open it.,"Can you please just let it go? Oh, I can help you with that. Imagine you're holding an ordinary pen. While your favorite pen is safe and secure in your pocket. Hold that thought. Hello? How can I make this up to you?",PENNY,BBT,1,train
1_7341,I am talking to a man in space. If you don't have the (walkie-talkie static) then he might as well be at the Coffee Bean over on Lake Street.,"You know, joking, kidding around, hurting feelings. Okay, my turn. 
Let me talk to him. Go ahead. 2311 North Los Robles Avenue, Pasadena, California to International Space Station.
Can you read me? Over. (imitates walkie-talkie static) Yes, I read you, Sheldon. Copy that. Over. (imitates walkie-talkie static) What are you doing?",SHELDON,BBT,0,train
1_6426,"You know, the holidays are just around the corner. Maybe he wants to see if he can lodge the other testicle up there.","No, that was a different, different guy. Was he the one who used your head to open a nut? Oh, oh, oh. Was he the one who made you eat your arm hair? No, but, actually, that was this guy's sister. All right, well, what do you think he wants? I don't know.",SHELDON,BBT,1,train
1_4552,"...so anyway, to make a long story short, turns out I have an unusually firm cervix.","And here's where we are. The runts in a large litter.
unlikely to ever reach the nourishing teats of Indiana Jones. So I guess it's a good thing we stopped for dinner. You know, guys, when facing disappointment, Eat, Pray, Love  teaches us Oh, shut up.",AMY,BBT,0,train
2_305,Take a couple deep breaths.,"Okay, I can do this. I can tell her how I feel. Just uh, just stand up straight.",JOEY,FRIENDS,0,train
1_11913,It's why my people wandered the desert for 40 years. Took that long to walk it off.,I don't think I've eaten that much in my entire life.,HOWARD,BBT,1,train
2_498,"Uh, so how many cameras are actually on you.","Where's Monica? Over here Dad How to you zoom out? There she is Some girl ate Monica Shut up, the camera adds 10 pounds.",CHANDLER,FRIENDS,1,train
1_8159,And I'm cool with surprises. But nothing on a Jumbotron. I don't want to cry on a big screen like that.,"But if someday you decide you want to get married, you have to propose to me. Really? Yes. It's all on you. But I got to tell you, when the time comes, I want the whole nine yards. I want you down on one knee, flowers.
I want to be swept off my feet. Yeah, you got it.",LEONARD,BBT,0,train
1_3707,"Oh, I'm so glad you asked it like that. You.","Hey, Sheldon. I was up in the administration office, and I happened to overhear the name of the winner of this year's Chancellor's Award for Science. And you want to rub my nose in the fact that my contributions are being overlooked again? I am the William Shatner of theoretical physics. All right, I'll play. What self-important, preening fraud are they honoring this year?",LEONARD,BBT,1,train
2_583,And the bunny got away!,Look out! You almost crushed my hat Sorry,CHANDLER,FRIENDS,1,train
2_602,No way!,You wanna hear something that sucks. Do I ever. Chris says they're closing down the bar.,CHANDLER,FRIENDS,0,train
1_10810,I'll give you a plan right now. Step one: open comic book store. Step two: start rumor this comic book store gives you genital warts.,"For starters, they shed and bite. Hey, here's a thought.
Why don't we put up the rest of the money that Stuart needs? So, we'd be, like, owners of a comic book store? It's kind of a dream come true. That does sound fun. Ooh, maybe we could come up with a business plan to compete with this place.",SHELDON,BBT,0,train
1_11120,"Next time I might be in a rush, it's good to have a few in the bank.","There's nothing weird going on with me and your mother. Stewie, your bath is getting cold! I got to go, bye. Penny?
Penny.
Penny.
Penny.
Penny. You knocked more than usual.",SHELDON,BBT,0,train
2_567,"Well yes Ross, pressing my third nipple opens the delivery entrance to the magical land of Narnia.","So uh, does it do anything uh special?",CHANDLER,FRIENDS,1,train
1_3599,Why don't you keep that stuff in the bathroom?,"That's a great idea. I'm going to get him to sign a Batman as well. What is it about the word ""unique"" you don't understand? Damn, paper cut. Nothing worse than a paper cut. Well, obviously you don't remember your circumcision. There's Neosporin and Band-Aids in my top desk drawer.",HOWARD,BBT,0,train
1_10495,"And if it turns out you don't... - you and I could live together. - You and... Oh, sure.","Ugh! It's like walking into the Amazon.
And not the good Amazon with one-day shipping.
The awful one with birds and snakes. You hate the sound of all those keys on his key chain. Four keys!
Who does he think he is, a warden? See? Maybe you'll love living alone. I don't know. Perhaps.",AMY,BBT,1,train
2_217,Ohhh!!!!,"OK, I have a question. Well, actually, it's not so much a question as.. more of a general wondering... ment. OK. OK. Here goes. For a while now, I've been wanting to, um....",RACHEL,FRIENDS,0,train
1_971,"- Now?! - No, after my tongue has swollen to the size of a brisket!","Take that! What's the matter? This granola bar has peanuts in it! Oh, my God. Why did you eat it? I don't know. It was just there! If I had a gun there, would you have shot yourself? Don't yell at me! I've got to go to the emergency room!",HOWARD,BBT,1,train
2_33,"This-this, no, oh no, no-no-no, this is not,that's-that's not what it is.","Ohh! It's so nice to meet you.  Hello. Hello. Well, Joshua, that 500 was for groceries. What?",RACHEL,FRIENDS,0,train
2_385,"No, I know, but I,he just went on.","May I see your boarding pass? Oh, no, no, I don't have one. I just need to talk to my friend. Oh, oooh. I'm sorry. You are not allowed on the jetway unless you have a boarding pass.",RACHEL,FRIENDS,0,train
1_536,Just the latest copy of Applied Particle Physics quarterly.,Hey Sheldon. Hello Penny. Get anything good?,SHELDON,BBT,1,train
2_351,"No Rose, she is depressed because Marvel had manners on only once a week",Now PERSON is depressed Rose. Do you think she is depressed about Rebecca,DOROTHY,GOLDENGIRLS,1,train
2_352,"No Rose, it stands alone.","What are you seeing? Nightmare on Elm Street 4 Do you have to see 1, 2 and 3 to appreciate it?",DOROTHY,GOLDENGIRLS,1,train
2_8,"It's white plastic, with a handle, and it fits onto a stroller.","I'm doing research for a book, and I was wondering what someone might do if they left a baby on a city bus. Hi, here's the deal. We lost a carseat on a bus today.",JOEY,FRIENDS,0,train
1_410,"Leonard, may I present, live from New Delhi, Dr. and Mrs. V. M. Koothrappali.","Do you really need the Honorary Justice League of American membership card? It's been in every wallet I've owned since I was five. Why? It says, ""Keep this on your person at all times."" It's right here under Batman's signature. and this is Leonard and Sheldon's apartment. Guess whose parents just got broadband.",RAJ,BBT,0,train
1_7089,"How about you? Did you have a fun night? Yeah, we, uh, made gift bags, had wine, and then went online and saw this.","after you had a snootful of this, laddie! Funny. You boys have a nice time? Yeah, it was great. Low-key, like I promised. 
No hanky-panky, no strippers.
Just the guys telling jokes. That's nice.",HOWARD,BBT,1,train
2_210,When are you coming home?,"Well, the biggest news is still you dumping Barry at the altar! Alright. Let's talk reality for a second. Okay.",PERSON,FRIENDS,0,train
1_2778,"Ooh, big talk from a man who was once treed by a chicken.","Don't push me, Sheldon.
I may be small, but I took kung fu when I was 13, and I remember a good deal of it. Oh, really? Well, I grew up with an older brother and a very contentious twin sister. And I believe I could easily best you in any physical confrontation-- be it noogies, swirlies or the classic ""Why are you hitting yourself?""",RAJ,BBT,1,train
2_536,What a baby.,"I mean, you two are-are my… I mean, I'm lucky to have just one good Thanks man. I gotta go check something over here.",CHANDLER,FRIENDS,0,train
2_56,"Uh-huh, well! But umm, still I'm-I'm mad at you.","I knew it, wow!! Wait-wait-wait, wait! Puppies. Cute or ugly? Ohh, so cute.",PHOEBE,FRIENDS,0,train
2_570,"Oh my god, where are all the men?",Hey Ross I was wondering.,CHANDLER,FRIENDS,0,train
1_11924,"All right, Amy's in charge of pricing and being 75.","So, I put stickers on everything we're gonna sell.
We just need help taking it all out to the driveway. Can I be in charge of pricing?
I've been going to garage sales my whole life. Can you believe I got these pantyhose for a nickel?",HOWARD,BBT,1,train
2_450,If only there was something in your head to control the things you say.,"Remember what happened the last time I did an interview for them? I said I write a lot of my own lines, then the writers got mad and made my character fall down the elevator shaft. So who knows what I might say this time.",CHANDLER,FRIENDS,1,train
2_353,"Nothing. It's just old and dingy, that's all.","Oh Monica, listen, I ah, I saw down at the hardware store, they got those designer tiles on sale. If you ever want to redo the bathroom floor. Why, what's wrong with my bathroom floor?",JOEY,FRIENDS,0,train
1_8452,I think I'm gonna go. Thank you for the burrito and the pork rinds and the 20-minute lecture on why monster trucks are better than regular trucks.,"Probably because I didn't read the instructions.
No wrapper's going to tell me what to do. Unless his name is Jay-Z. Is something going on? What do you mean? Well, you're acting all weird.
And I'm pretty weird, so I think I know what I'm talking about. I don't know. Maybe it's all those steroids I've been taking.",PERSON,BBT,1,train
2_425,And did he?,"We couldn't keep our eyes off each other all night and then every once and a while y'know, he'd kinda lean over and stroke my hair and touch my neck. Okay, stop it Phoebe, you're getting me all tingly. All I could think of was y'know, ""Is he gonna kiss me? Is he gonna kiss me?""",MONICA,FRIENDS,0,train
2_315,"I guess you'd know that, being one of the two of us, though, right?","So. I just thought the two of us should hang out for a bit. I mean, you know, we've never really talked.",RACHEL,FRIENDS,1,train
2_454,"Ross umm, there's something that I've got to tell you, there's-there's someone else.","It was dreadful. I felt terrible about how I acted when you said those wonderful things. No, no, that-that, that's all right. Umm, I'm just glad you called.",PERSON,FRIENDS,0,train
1_6211,"No. You mean this was all a ruse? Oh, how could I be so stu...","Oh, no! I can't! Hurry! 
We're running out of time! - Okay. Just do it! Oh, God!
One... two...
three! Trick or treat, bubbeleh. What?
(laughing)",SHELDON,BBT,0,train
2_587,"Oh yes Blanche, about a half hour ago. But now I have hidden her again so you can find her.",Have you found her?,DOROTHY,GOLDENGIRLS,1,train
2_44,"Whoa, maybe I was!","Very life-like and funny. Okay. Oh no-no-no, I wasn't waving at you lady.",JOEY,FRIENDS,0,train
2_434,We can? Ok I am trying that.,You guys can pee standing up.,CHANDLER,FRIENDS,1,train
2_442,No itÕs the rose in the kitchen thing.,"She is miserable. Just to keep me upto speed Dorothy, it is this negligent arson that prospect of spending the rest of her wiening years in jail thing right?",DOROTHY,GOLDENGIRLS,1,train
2_255,It's a musical Rose,What kind of a movie is this Dorothy?,DOROTHY,GOLDENGIRLS,1,train
2_405,I'm supposed to teach a graduate seminar there in ten minutes.,"Okay, that-that's all for today. Oh, uh does anyone know where the Freeman building is? Yeah, it's the new building on Avenue A.",ROSS,FRIENDS,0,train
2_113,"No, no the actual cartoon character .. Of course the baloon.",The most unbelievable thing has happened. Underdog has gotten away.,CHANDLER,FRIENDS,1,train
2_586,"See now that I see crying over, but Bambi, is a cartoon.","You know whats sadder than this? Bambi. I cried for three days with that movie. No wait two, cause on the thrid day my mother killed herself, so I was partly crying for that.",CHANDLER,FRIENDS,1,train
2_416,Were you so late because you were burying this woman?,Ok it was just me and her at the back of the train and I sat at the door so she had to pass by me if she like to switch cars. She was totally at my mercy.,CHANDLER,FRIENDS,1,train
2_154,"Okay, does this look like a garbage can to you?",Nobody respects the bucket! You wouldn't believe what people put in here! Look!,PHOEBE,FRIENDS,0,train
2_465,"No Rose, that you should do.",No more ice-skating And I am not gonna go Niagra falls in a barrel.,DOROTHY,GOLDENGIRLS,1,train
1_11257,Doesn't Professor Abbott's family want any of this stuff?,"You know, I thought cleaning out a dead professor's office was gonna just be boring, but then I found his dentures and realized it's also gross.",HOWARD,BBT,0,train
1_7504,"""To Stuart, your comic book store is out of this world. Just like the guy in this picture was.""","Oh, hey, Stuart, I got you a little souvenir from my trip to space. Well, Howard, that's very nice of you. Yeah, maybe. Open it first. It's my official NASA portrait.",PERSON,BBT,0,train
2_627,"Whoa, whoa, whoa.","What? Y'know, so I don't read as many important books as you do, and I don't write trick poems that seem to be about one thing but are actually about something else. And y'know what, I get excited about stupid stuff, like when I my",PERSON,FRIENDS,0,train
2_15,I'm sorry man there is never a good time to have to .. Stop catching on fire.,"When I had insurance I could get hit by a bus or catch on fire, it wouldn't matter. Now I got to be careful?",CHANDLER,FRIENDS,1,train
2_97,It would be nice to have a little guarantee though.,"Definitely! Yeah, I'm pretty confident about that. That's what makes it so easy for me to be 80% happy for Monica and Chandler!",RACHEL,FRIENDS,1,train
2_187,That's so funny because you look more like Joey Tribbiani man slash woman.,"And this from cry for help department, are you wearing makeup? Yes I am, as of today, I am official Joey Tribbiani actor slash model.",CHANDLER,FRIENDS,1,train
2_303,No thanks Josephine!,"Hey Chandler!, come on in we are knitting pot holders.",CHANDLER,FRIENDS,1,train
2_264,Okay?,"Listen, I'm sorry about that whole thing with Roger. It really wasn't right, and I, and I want to make it up to you, so umm, I brought you something that I think you'll really enjoy. Now, this is just a loan.",PHOEBE,FRIENDS,0,train
1_8052,Like Burt and Ernie. You guys even teach me stuff about words and numbers.,"I swear, that man is the most egotistical, insufferable human being I have ever met. Yeah, but you two make such a cute couple.",PENNY,BBT,1,train
2_484,Yes yes it is! In Prison!!,"Your tailor, is a very bad man. Frankie what are you talking about? Hey, whats going on? Joey' trailer took advantage of me No way, I have been going to the guy for twelve years Oh c'mon, he said he was gonna do my inseam, then he ran his hand, up my leg and then there was definite What? Cupping. That's how they do pants. First they go up they move it over, then they go up the other side and move it back, then they do the rear. What? Ross will you tell them? Isn't that how a tailor measures ?",ROSS,FRIENDS,1,train
2_446,"I'd love to show ya, but I just tucked her in.",Hi Joey. Hey! How you doin'? He has the most amazing Porsche under there!,JOEY,FRIENDS,0,train
2_281,"Ofcourse no Ma, I am referring to Carrey Grant, he is living in the broom closet.","Supposed to study for my French final with a fourteen year old in the house, its hard enough with an eighty year old. Are you referring to me?",DOROTHY,GOLDENGIRLS,1,train
2_248,"I mean, you and I we're just, y'know, we're nothing, we're goofin' around.","Umm, listen there's something I think you should know. Oh, is this about you-you dating the nurse? Yeah, Joey already told me, and I am so-so fine.",CHANDLER,FRIENDS,1,train
1_1803,"- Maybe I heard you wrong. A lot of words sound like ""yoga.""","Leonard. Come, join us. Hey, Dave.
And Penny, what a surprise. Dave was just showing me around the university. This place is unbelievable! I know, I've been offering to show you around for a year and a half. You always said you had yoga.",LEONARD,BBT,1,train
2_270,Hey.,Where'd you get fruit at four in the morning? Went down to the docks. Bet ya didn't know you could get it wholesale. I didn't know there were docks.,JOEY,FRIENDS,0,train
2_163,"Oh boy, I just can't watch. It's too scary!","Oh umm, my big scene is coming up. Big scene coming up. If you said, ""Big lima bean, bubbling up."" Would she understand the difference? Rach? What are you doing?",RACHEL,FRIENDS,1,train
2_12,I studied for a year in Barcelona.,"It's from France .. In Europe .. Western Europe. Y'know umm, a few years ago I actually was backpacking across Western Europe. Really? Uh-hmm,Wait! It gets better. Um, yeah I was in Barcelona.",PERSON,FRIENDS,0,train
1_11006,Maybe it's a good thing we came here. It's like a lesson in what not to do.,"Well, if I do well in sales, I could end up making a lot more money than you. Not a problem. I grew up with a mother who emasculated my father financially and in every other aspect of his life, so... ...really, it's what I think love looks like. I'll be right back. I'm gonna go check on him.",PENNY,BBT,1,train
1_6472,You'd think a winner could make a decent cup of cocoa.,"Then take away his keys and make him wander the streets with the other drunks. You remember Sheldon and Raj and Howard. Not really, no. It's funny, huh, Leonard? Back in school, I was the winner and you were the loser.
And now we're reversed. You're the winner.",SHELDON,BBT,1,train
1_1732,You were right. Your larynx is terribly inflamed. I've never seen anything like it.,Oh no What?,PERSON,BBT,1,train
1_5758,"Oh, I could so see you being the face of hemorrhoids.","It's like a waterfall of liquid gold. My turn. You know, I don't even know what the point of me staying in L.A. is. I haven't gotten a single acting job since I moved out here. The closest I came was last month, I got a callback for a hemorrhoid commercial.",AMY,BBT,1,train
2_376,Me? I am gonna die alone!,Hey Chandler? Monica just broke my sea-shell lamp.,CHANDLER,FRIENDS,1,train
1_8505,"A lane frequented by liars. Like you, you big liar!","I just Googled ""foo-foo little dogs."" (Skype ringing) It's Raj. Stay quiet. (chuckles): Hey!
Bad timing.
Bernadette just took Cinnamon out for a walk. Hmm. Interesting. 
Did they take a walk down Liars' Lane? What?",RAJ,BBT,0,train
1_12202,"No need to. As soon as she flies into California airspace, I'll feel a disturbance in the Force.","Leonard, what time does your mom's plane get in? I don't know-- some time tomorrow morning. Don't you want to know for sure?",LEONARD,BBT,1,train
1_7186,"Not exactly. Listen, if you don't mind, I'm not really up for chatting. I'm just going to sit here quietly and let my life flash before my eyes.","and she makes me Froot Loops. Go with gay story, people are more accepting of that. Actually, Froot Loops just got married to a girl. Congratulations. Thanks, we decided to do it before the launch. You and Mrs. Loops have a big wedding?",HOWARD,BBT,0,train
2_236,"Gee, if only she were one and had no idea what a birthday was.","You can't go away this weekend, its Emma's birthday, we are having a party. Well can't you just have the party when we get back? No, it won't be her real birthday.",CHANDLER,FRIENDS,1,train
2_49,We got a box.,"When that guy was robbing us and I was locked in the entertainment unit for like six hours, do you know what I was doing there in all that time? I was thinking about how I let you down. Yeah. But if I had known what kind of friend you would turn out to be, I wouldn't have worried about it so much. See you around! Wait! Just wait one second. There has to be something that I can do, something. If we still had that entertainment unit, I would get in there for six hours and think about  how I let you down.",JOEY,FRIENDS,0,train
1_11243,I love that you're too good to pee in the kitchen sink.,"Yeah. Tell me those aren't the words of a man with a spider eating its way through his brain. Amy, you're a neuroscientist.
Crack his skull open, spray some Raid in there. I love that you take pride in your looks, even when I have to pee in the morning, and you're in there spending an hour on your hair.",HOWARD,BBT,1,train
2_202,Yeah?,"Uh, okay, Pheebs? Yeah? Umm, y'know how the other day you were talking about how you didn't get to go to London and how you were kinda feeling left out?",PHOEBE,FRIENDS,0,train
2_160,"Because his penis was too big. I am sorry, thatÕs the kind of thing I do.","I am sorry, why did Phoebe and Mike breakup?",CHANDLER,FRIENDS,0,train
1_6113,"So, this spring, I get to go to the International Space Station. Oh, my word, a trip to the heavens.","Now I'm going out tonight. Would it be crazy to ask you to look at the outfit I'm going to wear? Oh, not crazy at all.
And don't beat yourself up. When I was your age, you could have me for a car ride and a bottle of strawberry wine. That will not be in this week's e-mail blast.",HOWARD,BBT,0,train
2_511,"You said you spent all that money because those boots go with skirts, dresses and pants. What do you plan on wearing? A Chicken suit?",And the boots don't really go with it.,CHANDLER,FRIENDS,1,train
2_521,Uh-huh!,I've had better. Okay! When?! All right! All right! It was the best nap ever!,JOEY,FRIENDS,0,train
2_166,But I'm the host!,"This will be your phone. That's great. But uh, I'm not really expecting a lot of calls. No you answer it and take pledges.",JOEY,FRIENDS,0,train
1_9971,I was gonna say we pick up a cake or a pie. But an insult to her faith is always thoughtful.,"We can't show up to your mom's empty-handed. 
We should bring something. I already am.
I'm bringing the gift of knowledge. Oh, boy. Despite what her Bible says, recent archeological studies indicate that although camels are referenced in the Old Testament, they didn't exist in the Middle East until hundreds of years later.",HOWARD,BBT,1,train
2_472,And I just won a million dollars!,"I don't want to be single. I just, I just want to be married again.",CHANDLER,FRIENDS,0,train
2_111,What was that?!,"Rachel is one of my closest friends. Although, being the only one who knows anything about this does makes me feel special. Okay! Okay, stop-stop! Phoebe?! Hey Rach!",RACHEL,FRIENDS,0,train
1_6860,"I'm sorry, it's the bad boy attitude that comes with this hair.","You know, Sheldon, I used to cut my brother's hair. 
I could do it for you. Penny, I know you mean well, offering the skills of the hill folk, but, um, here in town, we don't churn our own butter, we don't make dresses out of gunny sacks, and, uh, we sure as shootin' don't get our hair cut by bottle-blonde... Sheldon, be nice.",SHELDON,BBT,0,train
1_6165,"Yes, there's nothing quite like the slightly widened eyes of mildly startled.","Okay, all right. That one was clever. Skeleton with phosphorous on a zip line. Come on out, merry pranksters. Take a bow. You should've seen your face.",SHELDON,BBT,1,train
2_91,"Alright, I'm gonna go pick up a few things for the trip.","Oh, certainly. That's a combination of Bernoulli's principle and Newton's third law of motion. See? Yeah, that's the same as ""it has something to do with wind"".",MONICA,FRIENDS,0,train
2_125,I mean if you hadn't initiated it I-I-I know I would've.,"Yeah. Listen about that, the whole uh, who came on to who thing really doesn't matter. I mean, I think it would've happened either way.",ROSS,FRIENDS,0,train
1_1466,"Maybe when I publish it, I'll include an inhaler.","Excuse me, Dr. Cooper. I'm Kathy O'Brien. I just finished reading your paper reconciling the black hole information paradox with your theory of string-network condensates, and it just took my breath away.",SHELDON,BBT,1,train
2_286,"And sometimes I would want you to steal third, and I'll go like this.","And sometimes I may be away longer, like this. But I'll still always come back, like this.",CHANDLER,FRIENDS,1,train
2_507,"No, I haven't taken her out of the trunk of the car yet.","Sophia was discharged, is she here?",DOROTHY,GOLDENGIRLS,1,train
2_278,: Yeah.,"I know, it was amazing! I mean, we totally nailed it, it was beautiful. Thank you, listen, thanks a lot Tribbiani, . Oh my God, look at the time, I gotta catch the bus to the ball. Oh well, okay, good luck.",PERSON,FRIENDS,0,train
2_598,"Our balcony? Seriously? That's so funny because I told Monica we should put lights on our balcony. - And she said - ""No no, its too cold, nobody will go out there.""  - I said ""Maybe if we put some lights out there they will"".",After the party I saw Rachel kissing that jerk from her office out on your balcony.,CHANDLER,FRIENDS,1,train
1_2464,"You think ""coffee,"" means coffee. That is so sweet.","Come on. I think it's nice that Captain Sweatpants showed up to your art opening. Yeah, it would have been nicer if he hadn't touched all the cheese. You know, it's kind of early.
Do you want to maybe come in for some coffee? Gee, it's a little late for coffee, isn't it?",PENNY,BBT,1,train
2_11,His cappucino maker.,The only thing we have in common is under the sheets Whats under the sheets?,DOROTHY,GOLDENGIRLS,1,train
1_3911,"That's very thoughtful, but I think I'll finish my coffee first.","And shake twice for Texas. Something his mother taught him. All right, Elizabeth, the bathroom is yours. The seat is down, and has been sanitized for your protection.",PERSON,BBT,0,train
2_48,"Thanks, but I kinda have a problem to deal with here.","I didn't know he could get me fired! What am I going to do? Well y'know Joey, you're a pretty charming guy.",JOEY,FRIENDS,0,train
1_8717,Because you're in the right lane behind a bus and you won't go around it? I'm sure she finds it charming.,Do you think Penny's mad at me?,BERNADETTE,BBT,1,train
2_464,"Oh, uh, no thanks. I just had an M&M.","Hey, you guys the water is great. You should really go in!",CHANDLER,FRIENDS,1,train
1_4352,He does it all the time. He's a cornucopia of social awkwardness.,"Right. That's not true of all bars. Juice bars, for example. Oh! Good point, Amy.
Yeah, building on your premise, Leonard could frequent sushi bars, salad bars, oyster bars, the Apple Genius Bar... What are you doing? Keep going. I'm listening. That was rude.",SHELDON,BBT,0,train
2_398,"Rose, you should sit here and watch her hack herself to death","ma I think you should sit down Dorothy, should I get Sophia a glass of water?",DOROTHY,GOLDENGIRLS,1,train
2_595,I'd miss you if I broke up with you. Just trying to be supportive.,"So Rachel called, wants to see me. Going over in a minute. Wow, what do you think she wants? Well, maybe the crazy fog has lifted and she realizes that life without me a sucks. Its possible, you are very lovable.",CHANDLER,FRIENDS,0,train
2_493,Did you tell her about the magical night that starts with the flush of every toilet?,"So Ross, how was the date the other night?",CHANDLER,FRIENDS,1,train
2_350,"No Rose, I am nervous because Sonny Bono gets elected mayor of Palm Springs, he is gonna make all the postmens wear leather bell bottoms and a fur vest.","They are ain't here yet No, but they should be any minute You seem a little nervous. Oh you're sure I am Are you nervous cause you haven't met Michael's fiancee?",DOROTHY,GOLDENGIRLS,1,train
2_585,"You and I, we're interfacing.","So theoretically we could download our thoughts and our memories into this computer... ... and live forever as a machine! That's so Janine, you-you-you know what, do you know we're doing right now?",ROSS,FRIENDS,0,train
2_45,"Oh ma no, it was a little girl selling girl scout toilets.",Oh fine we will! Is that Paolo?,DOROTHY,GOLDENGIRLS,1,train
2_415,"Chloe, switch with me, there's some guys here that got a crush on you.","Can I help you? Uh-oh. Uh, y'know what, we're having second thoughts about our copying needs. And we'll need a little more time to think about it.",PERSON,FRIENDS,0,train
1_10853,"Okay, sit down. Listen, Emily, what happened between me and Raj was a long time ago. It was,","Uh, listen, Penny, before you start, I just want to apologize for being so rude the other day in my office. No, no. No need to apologize. Excuse me, can I say something? I just love both you guys, and I want you to get along. And when I say love"" I meant as a friend.
And, uh, way too soon, right?",PENNY,BBT,0,train
2_297,"I am sorry, it was a one time thing. I was very drunk and it was someone else's subconscious","You and I were, uh doing it on this table You okay there? I can't belive you two had sex in her dream.",CHANDLER,FRIENDS,1,train
2_626,"Cause all I ever get to do now is pregnant stuff, it just bums me out.","All right, y'know what, we've been talking about London too much haven't we? I'm sorry. It's just 'cause I couldn't be there.",PHOEBE,FRIENDS,0,train
2_234,"See, there you go, the cleansing works!","So, um, will you bring the truck? I'll even let you ring the bell. Oh, my god.",PHOEBE,FRIENDS,0,train
1_11736,"I don't know, perhaps somebody took it off the carousel by mistake?","Mr. and Mrs. Wolowitz? As far as I can tell, your bag arrived in Los Angeles. So, where is it?",PERSON,BBT,0,train
1_9668,"People usually start a meeting with a joke, but you go ahead-- end with one.","We'll come back to that one. This brings us to the final item in our annual State of the Relationship Summit.
Item 29: Valentine's Day. Ah, the worst for last. Hmm. Classic Flakey. Before you get upset, I believe I've come up with a way for us to celebrate the occasion that we both can enjoy.",SHELDON,BBT,0,train
2_339,Thank you.,"I have a question. Umm, I used your pen to draw on my friend's face. A beard and a moustache.",ROSS,FRIENDS,0,train
2_127,"When? Today? Some, not a lot.","Joe? Yeah! Uh, you've had a lot of sex right?",JOEY,FRIENDS,0,train
1_90,"Lois Lane is falling, accelerating at an initial rate of 32 feet per second per second. Superman swoops down to save her by reaching out two arms of steel. Miss Lane, who is now traveling at approximately 120 miles an hour, hits them and is immediately sliced into three equal pieces.","A marathon? How many Superman movies are there? You're kidding, right? I do like the one where Lois Lane falls from the helicopter and Superman swooshes down and catches her. Which one was that? One. You realize that scene was rife with scientific inaccuracy. Yes, I know, men can't fly. Let's assume that they can.",SHELDON,BBT,0,train
1_6020,You just got off the list. Would you like back on it? This'll just take a moment. It's on a five and a quarter inch floppy.,"What differences does it make if Leonard goes to Wil Wheaton's party? Wil Wheaton is Sheldon's mortal enemy. Mortal enemy? Mm-hmm. Sheldon, I know you're a bit of a left-handed monkey wrench, but...
you really have a mortal enemy? In fact, I have 61 of them. Would you like to see the list? Oh, say no, say no, say no, say no.",SHELDON,BBT,1,train
2_213,"Wait, wait, Chandler, this is what you're havin' for Thanksgiving dinner?","You owe me 20 bucks. Thank you. Thank you so much! Chandler, here you go, got your traditional Thanksgiving feast, you got your tomato soup, your grilled cheese fixin's, and your family size bag of Funyuns.",RACHEL,FRIENDS,0,train
1_11928,"And if I had a friend, they might have told me that.","All right, Amy's in charge of pricing and being 75. Hey, Penny, can you give me a hand with this? Sure. Aw, we had one of these growing up. I used to play all the time. Oh, yeah? I love Ping-Pong. Oh, I meant beer pong. I had a table, too, but I didn't have any friends, so all I did was serve. You know, you can leave one side up and play against it.",AMY,BBT,0,train
1_11901,"Yeah, good for you, Leonard. That's a lovely little notion. Kind of like, I wish I could talk to my uncle in Chicago. Yeah, now stand back while I invent the telephone. Hello? Oh, hold on. Leonard, it's your uncle. He says you just got burned.","I don't believe it matters what the topic is. What's crucial for a salon is that we conduct the discussion in an elevated and insightful way. 
It's all about the execution. Of course you'd focus on that rather than the inspiration. Uh, new salon topic.
What's more important, an idea or its execution? Oh, that's fun.",SHELDON,BBT,1,train
2_326,Stick to the list.,"Ahh! It wasn't on your list, but hopefully you'll think it's really fun. A scooter!",ROSS,FRIENDS,0,train
1_5581,I gargled with tequila and may have swallowed a teeny bit.,"Hey, have you told your parents you're dating this short glass of skim milk here? Uh... that's different.
First of all, we're not engaged; and second, Indian parents are very protective of their children. Right, right, whereas Jewish mothers take a casual, la-di-da approach to their sons.",SHELDON,BBT,0,train
2_359,"You know once you are inside, you don't have to knock anymore.",Hey Hey,CHANDLER,FRIENDS,1,train
2_246,"Well, it will probably slow me down at first. But once I am used to the extra weight, I ll get back on track.","Oh no no, that's the beauty of it, it goes with everything. You put this on, you are good to go! Hell I have never been good to go, so, what the hell why not try some jewellery huh? Oh man! You are so wearing that bracelet! I so am You have any idea what this will do to your sex life?",CHANDLER,FRIENDS,1,train
2_318,Was it not pain-free?,Did that! Grasp one of the linen strips by its  'easy grab tab' and pull it off in one quick pain free motion. Okay.  Ow!!!!! Ow-oh-oh!,PHOEBE,FRIENDS,1,train
2_53,You're gonna have to tell me how you did that.,"Oh good, you're here. Yeah, and I was worried that it was going to be uncomfortable. I know Mona, just hear me out. First of all, I'm so sorry about my father yelling at you, but I heard you totally held your own.",RACHEL,FRIENDS,0,train
2_372,Actually I yesterday I was smoking again. Today I am smoking still.,Boy do I feel bad very bad. Chandler what are you doing? Chandler?,CHANDLER,FRIENDS,1,train
2_437,"Oh yeah. First off all, chasing the Churo guy isn't jogging.","Oh, y'know the same thing happened to me one time. When did that happen to you?! Don't you remember when we were jogging in the park and we saw that really pretty bird and wanted to take a picture,I didn't have my camera!",CHANDLER,FRIENDS,0,train
2_74,Show them your slides of Hawaii,"Wait donÕt leave me, what will I do if they come back?",DOROTHY,GOLDENGIRLS,1,train
2_477,"And then and then you clicked it again, she's dressed. She is a business woman, she is walking down the street and oh oh oh she's naked.","Did you have fun at the bachelor's party last night? Oh yeah, look what I got, she is fully dressed right. And then you click it and oh oh she naked.",CHANDLER,FRIENDS,0,train
2_530,"Uh, I'm gonna kill myself!",I've been talking to you for five minutes now about killing myself and no one's even looked up from their desk. Hang-hang on. Hey everybody!,PERSON,FRIENDS,0,train
2_258,"I am telling you, when she leaned back, I could see her brain","Hey So how was Joan? Broke up with her Why Don't tell me, because of the big nostril thing?",CHANDLER,FRIENDS,1,train
2_126,No I am upset because Joe Piscapo didn't get the lead role in rain man.,No rose. Are you upset because Blanche is going to sell the house and we can't live together.,DOROTHY,GOLDENGIRLS,1,train
1_6092,"We don't say that, either. I'll make you a list. Oh, that would be mighty white of you.","Three, sadly, are dead. Mom, you remember Rajesh? Rajesh, my mother. Of course. Mrs. Cooper. So nice to see you again. Well, it's so nice to see you, too. I thought it was our Indians that had the occasional alcohol problem.",LEONARD,BBT,0,train
2_29,It was like months ago.,"Oh, that's Ross's. Oh...  Oh my God. He remembered. Remembered what?",RACHEL,FRIENDS,0,train
1_4967,We might be starting to zero in on your problem.,"Are you guys doing okay? Leonard and I are fine, but I think Raj needs to meet a girl really soon. Well, that shouldn't be too hard. He's such a cutie. Thank you, but ""cute"" is for bunnies. I want to be something with sex appeal, like... like a labradoodle.
Labradoodle?",LEONARD,BBT,1,train
2_89,On the home shopping network,"We clinked at the glasses, Stan gave me a toy smile and I winked at him And then I gulped down the champaigne in one go And it didn't go sdown smoothly Later Stan told me that he put my engagement ring in the bottom of the glass It turned up three days later. Where did it turn up Dorothy?",DOROTHY,GOLDENGIRLS,1,train
1_7445,My limbic system wants to take your pants off.,"Uh, do you work with Dr. Hofstadter? In a way. We've kind of been involved in a five-year experiment. Oh. Well, you're lucky. He seems very talented.
And I'm sure a lot of people want to work with him. Well, a lot of people can't. Uh, hey. Where are we going?",PENNY,BBT,0,train
1_8827,How do you not tear off his clothes and take him right here on this table?,"Awkward silence. Sheldon on his phone.
No touching. Somebody's having date night. It's actually steamier than it looks.
Sheldon's looking up the phallic symbolism of root vegetables in Renaissance paintings. Oh, no, I got bored with that.
I'm just browsing cuticle scissors on Amazon.",PENNY,BBT,1,train
2_438,Really? Struck down in the prime of life.,"Chandler, I think I am sick",CHANDLER,FRIENDS,1,train
2_345,Oh I left them in my bulldozer .. I don't have tools!,"It isnt working We have to unscrew the chain Hurry, I can't feel my ears Can you ever feel your ears? Interesting",CHANDLER,FRIENDS,1,train
1_2423,Provided he has already read and is familiar with the reestablishment of the DC multiverse.,"Everybody's staring at me. Don't worry, they're more scared of you than you are of them. Unlikely. Here, what about this one for my nephew? A superb choice. Oh, great.",SHELDON,BBT,0,train
2_537,What did you want to show us? Because all I can see is this bitchin van,"Come on, no peeking! Our eyes are closed and we're about to cross the street. Very good. Okayyyyy, open up!",ROSS,FRIENDS,0,train
2_342,"In what Blanche, dog years?","Was there ever any doubt? Momentarily. This is strictly off the record, but Dirk's nearly five years younger that I.",DOROTHY,GOLDENGIRLS,1,train
2_218,"Hey, does somebody wanna hand me one of those tiles.","Have you seen Joey? What's the matter? Oh, just this!  Y'know what it's my fault really, because the couch is usually where we",JOEY,FRIENDS,0,train
2_508,"Yes, the doctor's say if they remove it, he will die!","This one's from Joey, feels like a book, think itÕs a book. And itÕs a book! Oh its Dr. Suse. That book got me through some tough times There is a little child inside this man.",CHANDLER,FRIENDS,1,train
2_178,"This is so good, that I am gonna enjoy it in the balcony. I can enjoy my view, whilst I enjoy my desert.",Mmm Mmm,CHANDLER,FRIENDS,1,train
2_107,You'd better act surprised.,About what? He's planning your birthday party. Oh my God! I love him!,JOEY,FRIENDS,0,train
2_291,"Umm, would you please excuse me for a moment?","I need to talk to you, it's pretty urgent. It's about Monica and Chandler. Oh my God! Of course, of course.",ROSS,FRIENDS,0,train
2_168,Did I wake you?,Are you kidding me? Joey Joey Joey Joey!,CHANDLER,FRIENDS,1,train
1_506,Not to mention you'd have to power down on saturdays.,I'm with you. I just have to make sure if I'm a synthetic human I'd still be Jewish. I promised my mother. I suppose you could have your android penis circumcised. But that's something your rabbi would have to discuss with the manufacturer.,SHELDON,BBT,0,train
1_9972,"Ooh, I'm gonna check the fridge, and see if there are any clues inside a beer.","So, what happens next? I can't tell you that.
But perhaps the killer dropped a fun and imaginative clue somewhere in the apartment.",PENNY,BBT,1,train
2_590,"Yeah, I don't think so Joe.","Uhh, well I've got an audition down the street and I spilled sauce all over the front of my shirt.  You got an extra one? Yeah, sure. Umm .. here. Great.  You got anything that's not",RACHEL,FRIENDS,0,train
2_221,See Joe that's why your parents told you not to jump on your bed!,Whoa!,CHANDLER,FRIENDS,0,train
1_11609,"I've, uh, created some other user accounts so I can post positive comments about their paper.","Do you really want him to write back? Yeah, I do. No matter how he responds, I am going to destroy him with a picture of a bored cat saying, ""Oh, really?"" Me-wow.",RAJ,BBT,0,train
2_445,Okay?,"Okay, here's what we're gonna do. Okay, I'm gonna break into this mini-van and put it in neutral. You guys push it forward so Ross can drive out of his spot.",PHOEBE,FRIENDS,0,train
1_1296,"They gave him an assistant? If I want a new pen, I have to go to the bank with wire cutters.","They're going to digitally add a supernova.
They say it's the perfect metaphor for my incandescent talent. Right, a ball of hot, flaming gas that collapses upon itself. Excuse me. Oh, it's my assistant, Trevor. Go for Koothrappali.",HOWARD,BBT,1,train
2_378,"No Blanche, with a venus fly trap","Morning everybody, Rose honey I hope you don't mind, I borrowed your golf club, I have a date to play this morning. With a man?",DOROTHY,GOLDENGIRLS,1,train
1_4031,"In 1917, when Albert Einstein established the theoretic foundation for the laser in his paper <i>""Zur Quantentheorie der</i> <i>Strahlung,""</i> his fondest hope was that the resultant device be bitchin'.","Happy now? I'm moving the dirty sock. Thank you. Raj, keep an eye out for the other one. Hey, guys, this is my friend Zack. Hey. Hello. Whoa! Is that the laser? It's bitchin'. Yes.",SHELDON,BBT,1,train
1_1478,"Sadly, Mrs. Giselle Wolowitz is sensitive to chlorine. Lucky for her I like my fashion models pruny and bug-eyed.","Did I miss anything? Did they kick Giselle off? Not yet, but her underwater photo shoot was an embarrassment.",HOWARD,BBT,1,train
1_8078,"Trust me, you're not Jewish. That's how they get you.","Rajesh!
You up?
You ready for breakfast? Oh, boy. Breakfast. Okay, Raj, listen to me.
You need to get out of there. But I have a cream sherry hangover and I smell blintzes. If you don't leave now, she'll use food and guilt to keep you there for the rest of your life. Oh, Howard, stop.",HOWARD,BBT,0,train
2_524,"Yes and we are ""very"" excited about it.","Anyway, if you don't feel like being alone tonight, Joey and Chandler are coming over to help put together my new furniture.",CHANDLER,FRIENDS,1,train
2_419,Uh-huh!,"Look, Pheebs, I just, I wanna apologize for, for saying that your method was stupid and-and maybe ask you to be my teacher again. And-and I promise, I won't touch a guitar until you say I'm ready. You really think I'm ready?",PHOEBE,FRIENDS,0,train
1_6355,"said horrible things about each other in public... all in all, a pretty magical night.","Okay. So... we went out, saw a movie, met some nice people,",LEONARD,BBT,1,train
1_7490,"It's okay, you know, we space cowboys don't do what we do for glory and fame. We leave that to your rock stars and your athletes and your Howie Mandels.","Yeah, well, Bernadette's a little under the weather and my mom's kind of under my dentist. Wait, your, your mother is sleeping with your dentist? Former dentist.
I need a new one now that I know where his hands have been. So you're wandering all around by yourself?
That's not the kind of hero's welcome an astronaut should come home to.",HOWARD,BBT,0,train
2_241,"Oh I do. Oh no, wait a minute, I took it out of my shirt when I put it on this morning.","Damn, tail pipe's not hot enough to light this. Relax ok? I can get this open, anybody got a coat hangar?",CHANDLER,FRIENDS,1,train
1_3204,Right. That was so good! Sweety and meaty at the same time.,"Anything? No. that was the last pudding cup. No! What about slim jims Thats what he used to eat his pudding, remember?",RAJ,BBT,0,train
1_60,It's just a privilege to watch your mind at work.,I never would have identified the fingerprints of string theory in the aftermath of the Big Bang. My apologies. What's your plan?,SHELDON,BBT,1,train
2_430,I guess you would know that or else we would be in a predicament room,Listen it's kind of an emergency,CHANDLER,FRIENDS,1,train
2_381,Noo..,[nodding] - Was that sarcasm?,MODERATOR,SARCASMOHOLICS,1,train
2_193,"Yeah, a slice of cheesecake and-and a date if you're given'  'em out.","You gotta help me out here, you gotta set me up, you gotta get me back in the game. Well, that shouldn't be a problem. I mean I work in fashion and all I meet are eligible straight men. Pete, can I get you something else?",PERSON,FRIENDS,0,train
1_8136,"Yeah, I'm really looking forward to it. In fact, there's no place I would rather be than here.",It's nice that all the people who are lonely on Valentine's Day can come here tonight and be together.,PERSON,BBT,1,train
2_509,Crazy bitch!,Well the tough thing is she really wants to have sex with me.,CHANDLER,FRIENDS,1,train
1_6627,"Well, yeah, sex with you is pretty great. Have you ever tried it?","That was a really nice dinner. I'm glad you asked me out again. Me, too; I missed you. You see me all the time. You sure you just don't miss the sex?",LEONARD,BBT,0,train
2_488,"Just a sec, give me a minute to wake up for this,Ah-ha-ha!!",What? The ring is gone! Ugh.,CHANDLER,FRIENDS,0,train
2_557,"Oh my God, wh-what happened?","Ross, can I talk to you for a minute? Yes, please!  So, what's going on? Uh, well... Joey and I broke up.",ROSS,FRIENDS,0,train
2_365,"Nope. Op, wait! There he goes.","And you can see me! Same as yesterday, same as the day before. Is he doing his shark attack bit yet?",JOEY,FRIENDS,0,train
1_3766,Can we please talk about something else? Maybe something vaguely related to life as we know it on this planet?,"I honestly don't care. Really? Because every time we've talked about unusual animal genitals, you've always had some pretty strong and controversial opinions. What do you want from me? I just don't give a rat's ass. Would that be a giant rat's ass? For the record, giant rats are possible.",LEONARD,BBT,1,train
1_1180,"Oh, please. The only way she could make a contribution to science would be if they resumed sending chimps into space.","Pastries such as bear claws? Yeah, sure. I don't like bear claws. Hey, Penny. Dumbass. Leslie Winkle. Of all the overrated physicists in all the labs in all the world, why does it have to be Leslie Winkle? They have a lot in common. I mean, they're both scientists.",SHELDON,BBT,1,train
1_1549,On a dusty highway just outside Bakersfield. Where do you think? On Mars!,"Will you at least stipulate that Star Trek IV: The Voyage Home is inarguably the best? I have three words for you: Wrath of Khan. Thank God, you're here. What's the emergency? I got the Mars Rover stuck in a ditch. Where?",HOWARD,BBT,1,train
2_492,"I'm sorry Sophia, but in Dorothy's defence, it sure sounds a lot like her.",You what the joke going around teacher's lounge was today Ma? Me I know this joke Everybody heard on the radio that some anonymous Ma was complaining that her dependent daughter Dorothy doesn't have a life of her own. What you think of the only grey head substitute teacher named Dorothy wasting her life away in Miami?,ROSE,GOLDENGIRLS,1,train
1_6835,"Oh, screw her. She's just lucky we let her hang out with us.","The painting is a constant reminder that of the three of us, she is the least cool. Yeah, that's... that's what it is, so... You have such a good heart. Yeah... I try. Come on. Whoa, whoa, where are we going? We're going to go put this painting back up in your apartment. Well, what about Bernadette?",AMY,BBT,0,train
1_11236,"Oh, you're hardly out of the woods, no. You still run the risk of infection, a blood clot, the possibility that an inattentive surgeon let a barn spider lay eggs in your nose.","Wow. I don't know which hurts worse-- my nose or my heart. Well, I'm done speaking to you. Don't be like that. You two need to talk this out. Yeah, 'cause you sound really funny. Sheldon, I'm sorry I didn't tell you about the surgery, but you were worried about nothing.",SHELDON,BBT,0,train
2_253,Yeah!,"Oh. Thank you. Ohhh, thank you very much. Oh, thank you for coming.  Uh, just a second! No-no, let me in! Phoebe?",PHOEBE,FRIENDS,0,train
2_319,No.,"Okay, I can't imagine, I can't imagine my life without you. Without, without these arms, and your face, and this heart. Your good heart Rach, and, and....",RACHEL,FRIENDS,0,train
2_439,"Twenty-one hours, you're a hero.",Y'know what I think it is? I think you've made such a nice home for her over the last nine months that she just doesn't want to leave. Oh. Look at you making up crap for me. Oh God!,PERSON,FRIENDS,0,train
2_525,"Y'know what I mean, like dubbies?","Y'know what, actually ..   Okay, okay, okay, what's so funny over here? I thought you didn't smoke. Oh, I thought you guys meant marijuana cigarettes, y'know?",RACHEL,FRIENDS,0,train
2_169,"Hes not right for the part, and if I suggest him my bosses are going to think I am an idiot. And thatÕs something they should learn on their own.",What am I gonna do now? Just pass the tape along.,CHANDLER,FRIENDS,1,train
1_5211,"Saying that while holding a snowflake is a bit heavy-handed, don't you think?","Um, no. You should get one. What's that? It appears to be something preserved between two pieces of acrylic. Oh, it's a snowflake from the North Pole. Leonard gave it to me last year. Oh, God, that is so romantic. Yeah, it was. Leonard's really one of a kind.",AMY,BBT,1,train
2_421,Joey's got a really bad hernia but its nothing that a laser eye surgery wont fix,"Thank you, but it would take me forever to pay  you that money back and I don't want that hanging on my head. Besides, soon as my insurance kicks in I' ll all the free operations I want. T'll probably start with that laser eye surgery.",CHANDLER,FRIENDS,1,train
2_569,Chandler?,"Yeah! Now, why do you want to kill yourself? It's just that I uh, have been working for ten years now at this meaningless, dead-end job and nobody here even knows I exist!",PHOEBE,FRIENDS,0,train
2_549,Really?,Honey the Miami vice sound track?,MONICA,FRIENDS,0,train
2_435,"Me too! There's a game on Tuesday, do you wanna go?","It's Jake. Joey. Hey Jake, do you like the Knicks? Yeah, big fan.",JOEY,FRIENDS,0,train
2_208,It's that whole sensitive thing.,"It's gonna be worth it. It's a known fact that women love babies, all right? Women love guys who love babies.",JOEY,FRIENDS,0,train
2_397,You still love me?,"All right! Ross, do you think it's easy for me to see you with somebody else? Y'know, hey! You're the one who ended it, remember? Yeah, because I was",ROSS,FRIENDS,0,train
2_73,"Oh my god, you almost gave me a heart attack!","Okay, I am officially unpacked. Thanks for helping me man. Joey?",CHANDLER,FRIENDS,1,train
1_2075,There's no hurry. Tell them more about their secret love for each other.,"Say what? That's basically what I just said. You brought your husband to work. You know the rules. Mesa thinking yousa looking pretty sad now too, betcha, betcha. Leonard, it's 1:00. Weren't you going to show me your laboratory at 1:00?",LEONARD,BBT,0,train
1_7938,"Come on, let's just start walking. There's got to be a gas station or something nearby.","What if we were to get in a car with a crazy person? Look at us, Sheldon.
We're the crazy people. Well, perhaps we should hold up a sign that assures passing motorists of our mental competence. Good idea.
Why don't you get started on that?",LEONARD,BBT,0,train
1_5751,Of course you do. You're a cutie pie! Any girl would be lucky to have you!,"What the hell is wrong with you?! Well...
You were always so nice to me, I thought maybe you liked me. I'm nice to everyone! I'm sorry. Damn right, you're sorry! And you tell Howard there's never been anything between us! I will. Hey, Bernadette? What?! Do you think I have a shot with Penny?",BERNADETTE,BBT,0,train
2_343,"So to sum up, I'm Professor Geller.","Whoa Let me start by uh, by introducing myself, I am Professor Geller.",ROSS,FRIENDS,0,train
2_553,"No just, nobody press on my stomach.","Well Joey, we're all .. we're all very proud of you. Yes, I believe we can expect a call from the President any moment now. Is there anything we can do for you?",JOEY,FRIENDS,0,train
2_1,"Yes you can. You're thinking about time, you can't go back in time.","You know what I knew something like this is gonna happen What are you doing? Chandler, you can't just go back a phase",CHANDLER,FRIENDS,0,train
2_400,"Anyway, I should go, one of the lifeguards was just about to dismantle a nuclear device.","I know, it is isn't it? No, I mean it, this feels really good. Is it a hundred percent cotton? Yeah! And I got it on sale, too.",CHANDLER,FRIENDS,0,train
2_280,"Joey ate my last stick of gum, so I killed him. Do you think that was wrong?","How old is that sock!. If I had a sock on my hand for thirty years, it would be talking too. Okay, I think its time to change somebody's nicotine patch.",CHANDLER,FRIENDS,1,train
2_599,No I am upset because crocodin turbs are wearing darker colors.,I am not talking to you I guess you are still upset with me about last night aren't you?,DOROTHY,GOLDENGIRLS,1,train
2_27,"No no, you don't have to fly back, really.","Yeah, Ross is great. He's uh, he's in a whole other place. No, he's gone.",MONICA,FRIENDS,0,train
2_347,Well what are you gonna do when he finds out he wasn't even asked?!,"Oh! Right. Umm, maybe that's because I didn't send him an invitation. Chandler! He's your father.  he should be at the wedding. I don't even know the man. Okay? We're not that close. I haven't seen him in years.",MONICA,FRIENDS,0,train
2_380,Oh just like give a minute to wake up for this  ...  Ha ha! You lost the ring. You the worst best man ever!,"The stripper stole the ring! The stripper stole the ring! Chandler get up get up, the stripper stole the ring.",CHANDLER,FRIENDS,0,train
2_427,"Oh-oh, that's a risky little game!",Oh! Oh God Now you know how you really feel about it.,RACHEL,FRIENDS,0,train
2_322,"Hey, my father's house does that.",And! And! Ah!,CHANDLER,FRIENDS,0,train
1_6766,Maybe that's because I'm not being challenged. It's the same reason Einstein failed math.,"And I'm super smart, so it's probably true. Hey, I've been training in the field of neurobiology for 12 years. You've been here for three hours, and you've spent one of them in the bathroom. I'm sorry! It takes me a while to get things going on an unfamiliar toilet. Sheldon, I've given you the simplest things to do, and you haven't done one of them right.",SHELDON,BBT,0,train
1_430,"I've got some feelers out. In the meantime, listen to this.","but it was between you and the Museum of Natural History, and frankly, you don't have dinosaurs. I'll miss you, too. Bye-bye. Okay, I know you're texting about me and I'd really like you to stop. Oh, dear, I am rightly and truly screwed. Hey, I thought you were finding new friends.",RAJ,BBT,0,train
2_38,It's not a real game! I made it up!,"And now you want that money back. Exactly. Chandler, what kind of an idiot do you take me for?",CHANDLER,FRIENDS,0,train
1_10859,I don't need a reason-- it's my house.,"It's true-- you're both gorgeous. Kind of says something about the man who could bed you both. You get why I've been alone most of my adult life. So, what brings you by? Well,",HOWARD,BBT,0,train
2_283,Dee. The sarcastic sister from What's Happening.,Could you want her more? Who?,CHANDLER,FRIENDS,1,train
2_254,"Yeah. Yeah, that's what you need a good .. pill.","Yeah. I go see my doctor tomorrow, I'll ask her about this. Maybe she can give me a pill or something.",PHOEBE,FRIENDS,1,train
