utt_id,text,context,speaker,show,label,split
1_S12E06_229,Really? We're still doing this?,"So, here we are. On Halloween. On this couch. Does it ring any bells?",PENNY,BBT,0,train
3_S04E02_217,"No, I think you should use more.",Do you think I have too much product in my hair?,GILFOYLE,SV,1,train
1_11242,"I love that you take pride in your looks, even when I have to pee in the morning, and you're in there spending an hour on your hair.","I was not panicked, and I am not overly attached to Leonard. You were so worried that you smashed your face trying to check on me.
You love me. Yeah. Tell me those aren't the words of a man with a spider eating its way through his brain. Amy, you're a neuroscientist.
Crack his skull open, spray some Raid in there.",BERNADETTE,BBT,1,train
1_S10E04_177,"Oh, excited, concerned, a little scared. All the same emotions","you and I are gonna be sharing a bed. You know, this is uncharted territory for both of us. How are you feeling about that?",SHELDON,BBT,0,train
2_319,No.,"Okay, I can't imagine, I can't imagine my life without you. Without, without these arms, and your face, and this heart. Your good heart Rach, and, and....",RACHEL,FRIENDS,0,train
1_4552,"...so anyway, to make a long story short, turns out I have an unusually firm cervix.","And here's where we are. The runts in a large litter.
unlikely to ever reach the nourishing teats of Indiana Jones. So I guess it's a good thing we stopped for dinner. You know, guys, when facing disappointment, Eat, Pray, Love  teaches us Oh, shut up.",AMY,BBT,0,train
1_2778,"Ooh, big talk from a man who was once treed by a chicken.","Don't push me, Sheldon.
I may be small, but I took kung fu when I was 13, and I remember a good deal of it. Oh, really? Well, I grew up with an older brother and a very contentious twin sister. And I believe I could easily best you in any physical confrontation-- be it noogies, swirlies or the classic ""Why are you hitting yourself?""",RAJ,BBT,1,train
1_3419,"Oh, we don't need to talk about that anymore. Leonard covered it pretty well in the car.","So, what should we talk about? Well, we could always learn more about why people who believe in psychics are idiots. Leonard?",PENNY,BBT,1,train
1_S11E03_067,I'm not setting her up with Raj.,"Hey, just a reminder-- I'm going out for drinks after work. Oh. Great. Just a reminder-- you're pregnant. I'm not drinking, just taking a new coworker out. Oh. Just a reminder-- you're married. Female coworker. She's new in town, and I want to make her feel welcome. And let her know the office is full of liars before everyone tells her I'm mean. Is she single?",BERNADETTE,BBT,0,train
1_S10E02_372,Would you stop? We're just gonna be on the other side of campus.,"So I guess I won't be seeing you guys for a while. Oh, looks like it. Wow. You're going off to work with the military, leaving me behind. Now I know how all those army wives feel.",HOWARD,BBT,0,train
1_5580,"Right, right, whereas Jewish mothers take a casual, la-di-da approach to their sons.","I was thinking of weaving it into her eulogy. Howard, you've got to tell your mother. Hey, have you told your parents you're dating this short glass of skim milk here? Uh... that's different.
First of all, we're not engaged; and second, Indian parents are very protective of their children.",HOWARD,BBT,1,train
2_370,You have to stop the Q-Tip when there is resistance,"My family's been going to him forever. He did my first suit when I was 15. No wait 16. Excuse me, 15 ...  Alright when was 1990?",CHANDLER,FRIENDS,1,train
2_555,Hey! It's starting to snow.,No! You let go! How come it's always us left in the field holding the ball? I don't know. I guess the other people just don't care enough.,ROSS,FRIENDS,0,train
3_S04E05_485,Your fourth child?,"Laurie? Look. I know you've been unhappy with me lately. Correct. Look. I'm asking you to trust me on something. Ed Chen has been making moves behind your back with the other partners to try and force you out of Raviga. You are referring to the baby shower ruse. You knew about that? Monica, this is my fourth child. I am no stranger to these types of machinations. However, I have countervailed it with my--",OTHER,SV,0,train
2_560,So now I have to go so he'll think that I'm totally ok with seeing him!,"And she was like ""Oh, don't worry! I asked him. He's totally ok with seeing you!"".",PHOEBE,FRIENDS,1,train
1_S10E13_095,"I've been seeing him for years, I'm still not convinced he's real.","Things going well with you and Sheldon living together? Better than ever. He asks about my day, takes an interest in my life. He's like my boyfriend in college, except he's real, so people can see him.",BERNADETTE,BBT,1,train
1_10859,I don't need a reason-- it's my house.,"It's true-- you're both gorgeous. Kind of says something about the man who could bed you both. You get why I've been alone most of my adult life. So, what brings you by? Well,",HOWARD,BBT,0,train
2_378,"No Blanche, with a venus fly trap","Morning everybody, Rose honey I hope you don't mind, I borrowed your golf club, I have a date to play this morning. With a man?",DOROTHY,GOLDENGIRLS,1,train
1_S09E20_354,"No, I do, and that's why I hid it.","Well, how much you got in there? $6,427.00 $47 once my nana's birthday check gets here. My god, leonard, do you know What I could do with that kind of money?",LEONARD,BBT,1,train
1_7504,"""To Stuart, your comic book store is out of this world. Just like the guy in this picture was.""","Oh, hey, Stuart, I got you a little souvenir from my trip to space. Well, Howard, that's very nice of you. Yeah, maybe. Open it first. It's my official NASA portrait.",PERSON,BBT,0,train
1_S12E01_150,You want to say it? You can say it.,"Man, that is one hot weather girl. How come if I say that I get in trouble?",BERNADETTE,BBT,0,train
1_5953,Here's some other fun news on the Raj/Emily front. He gave her a pair of diamond earrings and leased her a car.,"because you no longer wear underpants. The dice giveth and the dice taketh away. Is Raj out with Emily again? Yeah, every night for the last month. Wow, can't believe he has a girlfriend. Me neither.",HOWARD,BBT,0,train
2_622,"Pheebs, you may know this, you know strange things. What is the boiling point of brain?","Maybe I should get another pair. Oh, you know they had some with uh, with  fringe all down the sides.",CHANDLER,FRIENDS,1,train
1_S10E04_043,I don't know. What if living together kills the romance?,"Cohabitation with my girlfriend? That's a great deal to process. Mm. It's only for five weeks. Yeah, and we'll be right across the hall. What do you think?",SHELDON,BBT,0,train
1_8052,Like Burt and Ernie. You guys even teach me stuff about words and numbers.,"I swear, that man is the most egotistical, insufferable human being I have ever met. Yeah, but you two make such a cute couple.",PENNY,BBT,1,train
2_286,"And sometimes I would want you to steal third, and I'll go like this.","And sometimes I may be away longer, like this. But I'll still always come back, like this.",CHANDLER,FRIENDS,1,train
1_S10E04_021,"And we live with Sheldon, so the word ""inconvenience"" has really lost all meaning.","Well, if you need a place to crash, you can stay with us. Really? Of course. You can stay in Leonard's room, and we'll stay at my place. You're sure that's not an inconvenience? No, not at all.",LEONARD,BBT,0,train
2_56,"Uh-huh, well! But umm, still I'm-I'm mad at you.","I knew it, wow!! Wait-wait-wait, wait! Puppies. Cute or ugly? Ohh, so cute.",PHOEBE,FRIENDS,0,train
1_S09E13_024,Glad to hear it.,"I am happy to report I'm feeling much better. Good for you. My fever is gone, my sinuses are pressure-free, and my mucus is as clear as a Yosemite waterfall.",HOWARD,BBT,1,train
1_1470,I don't know. It just died. I'm getting a bunch of static.,"Hey, guys, I need to use your TV. What's wrong with your TV?",PENNY,BBT,0,train
1_S10E01_474,Is he? I never noticed.,"Your friends are just lovely. Oh, thanks, Mom. Although that Sheldon is a bit peculiar.",PENNY,BBT,1,train
3_S02E03_218,Do you want me to be honest or nice?,"Guys, if I list you as references, can I count on you to say nice things about me? Be honest.",GILFOYLE,SV,1,train
1_6039,I don't know what I'm going to do. I don't want to break up over this.,"He can't go to space. He's like a baby bird. Do you know he once got an asthma attack from reading an old library book? You're kidding. No, I was there that day. Sheldon threw his back out handing him that book.",BERNADETTE,BBT,0,train
2_163,"Oh boy, I just can't watch. It's too scary!","Oh umm, my big scene is coming up. Big scene coming up. If you said, ""Big lima bean, bubbling up."" Would she understand the difference? Rach? What are you doing?",RACHEL,FRIENDS,1,train
1_S11E07_381,Bert asked for my help.,"What do you want, Sheldon? I would like us to work together again. I promise to keep my geology comments to myself, because while some of them are funny, all of them are mean. Well, this is awkward. Leonard, what are you doing here?",LEONARD,BBT,0,train
3_S04E05_320,That was the Iranian Revolutionary Guard.,"I am so fucked. This girl is gonna kill me or get me killed. Do tell. So, she's super attractive, and she's super smart, and she's way into me, like way more than a normal person should be. And sex! There's so much sex! The problem is the part after. When you have to apologize. No. When we do pillow talk. Oh. That's the best part. Everything before that is just foreplay. Not with her. She'll tell me how cute I am, and how into me she is, and how she hacked into Bowman Avenue dam.",GILFOYLE,SV,0,train
2_471,Amazing.,Hello everybody! How was your week?,MEMBER-GIRL,SARCASMOHOLICS,1,train
1_S12E05_083,And it's gone.,"You okay? You seem distracted. I'm-I'm just thinking about Raj. I'm thinking about Chris Hemsworth. Let's go. He sort of hurt my feelings. (QUIETLY): Biceps, hammer, abs. Still in it. Why wouldn't he want me to be in his planetarium show?",BERNADETTE,BBT,0,train
1_4352,He does it all the time. He's a cornucopia of social awkwardness.,"Right. That's not true of all bars. Juice bars, for example. Oh! Good point, Amy.
Yeah, building on your premise, Leonard could frequent sushi bars, salad bars, oyster bars, the Apple Genius Bar... What are you doing? Keep going. I'm listening. That was rude.",SHELDON,BBT,0,train
1_S09E20_029,You may need this more than I do.,"Why are you pretending to be outdoors? You hate it. Hmm? Oh. Amy showed me a compelling study That demonstrated the cognitive benefit Of spending time in the wilderness. Buddy, I am ready to drive you Into the wilderness any time you want and leave you there. Well, make your jokes, but some of the participants Who spent four days in the woods away from all technology Reported a 50% gain in reasoning skills upon their return. Okay, if that's true, why aren't there more genius squirrels?",SHELDON,BBT,1,train
1_S12E03_095,He sent us that Indian marriage questionnaire.,"Wow, you really are good at this. Well, I'’ve spent a lot of time painting D&Dminiatures. I know that makes you want to rip my shirt off, but wait until your nails are dry. [PHONE CHIMES] Oh, it'’s Raj.",LEONARD,BBT,0,train
3_S01E04_342,"For which I forewent, yes, that's a real word, one million dollars.","I owned 10% of Dinesh's app, 10% of Gilfoyle's app. Multiple potential streams of income. Not to mention that 100% of the team that you have, were all guys that I recruited for this house. - That must be worth something to me. - It is. 10% of Pied Piper!",ERLICH,SV,0,train
1_S11E04_067,"Nah, it's worth it.","Hey, where are you going? Back to the dry cleaner. Look at this. They didn't get the stain out of my Starfleet uniform. Well, if you didn't make me wear the green body paint in bed, you wouldn't have to get it dry-cleaned so much.",LEONARD,BBT,0,train
1_S09E18_147,"Great, so they own my idea for a T-shirt that says ""Dumb as a Bag of Geologists.""","Well, what if we go around the university and just get the patent ourselves? We can't. It says on their Web site, as long as we work there, they have a controlling ownership of anything we come up with.",SHELDON,BBT,1,train
1_S10E06_003,I got asked to sign autographs there.,"Hey, have you ever heard of the Van Nuys Comic-Con? Yeah. It's a dinky little convention where they sell collectibles and get sad D-list celebrities to appear. Why?",PENNY,BBT,0,train
1_S12E13_224,"Yeah, who remembers the guy who was trying to find India and discovered America instead?","Uh, can you believe this? Doctors Pemberton and Campbell have been doing a press tour trying to take credit for super-asymmetry. They didn't even know what they were finding. So what? I mean, no one's gonna give them credit for accidentally discovering something.",HOWARD,BBT,1,train
2_172,The whole thing! Can we go?,"You liked it? You really liked it? Oh-ho-ho, yeah! Which part exactly?",CHANDLER,FRIENDS,1,train
2_373,I was making a coconut phone with a professor.,Where the hell have you been?,CHANDLER,FRIENDS,1,train
2_586,"See now that I see crying over, but Bambi, is a cartoon.","You know whats sadder than this? Bambi. I cried for three days with that movie. No wait two, cause on the thrid day my mother killed herself, so I was partly crying for that.",CHANDLER,FRIENDS,1,train
1_427,"Well, I'm sorry, too, but there's just no room for you in my wallet.","This is Dr. Sheldon Cooper. Yeah, I need to cancel my membership to the planetarium.",SHELDON,BBT,1,train
1_S12E03_337,They will find other friends.,"What the hell, Penny?! I'’m gonna need more than that. You'’re not having kids? How could you do this to me? How is it any of your business? Because your kids were supposed to be friends with my kids. Who'’s gonna be friends with them now?",PENNY,BBT,0,train
1_S10E12_115,Cause at the end I assumed there'd be nurses.,"What, so... You thought I was going to be alone for the rest of my life? No! Just for the middle part.",OTHER,BBT,1,train
1_1732,You were right. Your larynx is terribly inflamed. I've never seen anything like it.,Oh no What?,PERSON,BBT,1,train
1_5751,Of course you do. You're a cutie pie! Any girl would be lucky to have you!,"What the hell is wrong with you?! Well...
You were always so nice to me, I thought maybe you liked me. I'm nice to everyone! I'm sorry. Damn right, you're sorry! And you tell Howard there's never been anything between us! I will. Hey, Bernadette? What?! Do you think I have a shot with Penny?",BERNADETTE,BBT,0,train
1_1296,"They gave him an assistant? If I want a new pen, I have to go to the bank with wire cutters.","They're going to digitally add a supernova.
They say it's the perfect metaphor for my incandescent talent. Right, a ball of hot, flaming gas that collapses upon itself. Excuse me. Oh, it's my assistant, Trevor. Go for Koothrappali.",HOWARD,BBT,1,train
1_6426,"You know, the holidays are just around the corner. Maybe he wants to see if he can lodge the other testicle up there.","No, that was a different, different guy. Was he the one who used your head to open a nut? Oh, oh, oh. Was he the one who made you eat your arm hair? No, but, actually, that was this guy's sister. All right, well, what do you think he wants? I don't know.",SHELDON,BBT,1,train
1_4477,I just want to ask you a few questions about Howard Wolowitz.,"Yes.
I'm Special Agent Page, FBI. You say you're Special Agent Page, FBI. Here's my I.D. And here is my Justice League membership card. But that doesn't prove I know Batman.",PERSON,BBT,0,train
1_S09E05_222,Whoa! Walking up to a strange woman in a bar usually doesn't work.,"Maybe you should consider women who aren't in serious relationships with your closest friends. There's that prostate doctor, but I'm still mad at her. Oh, there's a woman. I'll make her my girlfriend.",RAJ,BBT,0,train
1_S09E02_371,"Okay, that is the lamest excuse you could've possibly come up with.","Penny, after all these years, I still feel like maybe I don't deserve you.",PENNY,BBT,0,train
2_359,"You know once you are inside, you don't have to knock anymore.",Hey Hey,CHANDLER,FRIENDS,1,train
1_S09E10_065,"I told you if we were patient, he'd figure it out for himself.","Yeah. So you have a song stuck in your head. It happens to everybody. Well, I'm not everybody. I have an eidetic memory. I should be able to remember what song this is, but I can't. Something's wrong with me.",PENNY,BBT,1,train
1_S11E01_222,"Well, you came to the wrong place.","Hey, Stuart. Oh, hey, Raj. What can I help you with? I need to buy an engagement gift.",STUART,BBT,0,train
1_S12E09_369,"All right, well, they're already dead. There's nothing we can do.","So neither of them showed up for work today? No, I tried calling and no one picked up. Look, I'm sure they're fine. They were probably up all night coming up with a new theory. I-I also texted to see if he wanted to go to the new Fantastic Beasts movie and he didn't respond.",PENNY,BBT,1,train
1_S11E08_137,I don't know. Target practice?,Why would the military want Sheldon?,LEONARD,BBT,1,train
1_S12E06_316,"Hmm. Look at you, improving on perfection. How so?",I think Howard hurting my feelings has in some ways made me a better person.,AMY,BBT,1,train
2_569,Chandler?,"Yeah! Now, why do you want to kill yourself? It's just that I uh, have been working for ten years now at this meaningless, dead-end job and nobody here even knows I exist!",PHOEBE,FRIENDS,0,train
2_210,When are you coming home?,"Well, the biggest news is still you dumping Barry at the altar! Alright. Let's talk reality for a second. Okay.",PERSON,FRIENDS,0,train
1_S12E21_261,Other than Bernadette? That does not sound right.,So guess what. There was a waitress at The Cheesecake Factory back in the day who kind of had a thing for me.,RAJ,BBT,1,train
1_90,"Lois Lane is falling, accelerating at an initial rate of 32 feet per second per second. Superman swoops down to save her by reaching out two arms of steel. Miss Lane, who is now traveling at approximately 120 miles an hour, hits them and is immediately sliced into three equal pieces.","A marathon? How many Superman movies are there? You're kidding, right? I do like the one where Lois Lane falls from the helicopter and Superman swooshes down and catches her. Which one was that? One. You realize that scene was rife with scientific inaccuracy. Yes, I know, men can't fly. Let's assume that they can.",SHELDON,BBT,0,train
2_511,"You said you spent all that money because those boots go with skirts, dresses and pants. What do you plan on wearing? A Chicken suit?",And the boots don't really go with it.,CHANDLER,FRIENDS,1,train
1_1478,"Sadly, Mrs. Giselle Wolowitz is sensitive to chlorine. Lucky for her I like my fashion models pruny and bug-eyed.","Did I miss anything? Did they kick Giselle off? Not yet, but her underwater photo shoot was an embarrassment.",HOWARD,BBT,1,train
1_S11E12_290,I don't think they're acting.,"Did Sheldon and Amy give you guys that puzzle, too? Yeah. Is it just me or have they been acting strange?",LEONARD,BBT,1,train
1_1772,"""Dave."" Sounds like Leonard's got a new BFF.","There are always do-overs when my people play sports. Where were you that's more important than Wii bowling night? Actually... It's rhetorical.
There is nothing more important than Wii bowling night. Come on, it's just a video game. And we suck at it. Nice motivational speech from the team captain. Where were you?",HOWARD,BBT,1,train
1_S10E06_166,I feel like I'm selling candy so our team can get new uniforms.,Never been on this side of the table before. I feel powerful. Really?,PENNY,BBT,0,train
1_S10E18_391,"Oh, great, it'll be easier for you to look up at the stars without a roof over your head.","Well, no offense, but I didn't go to art school. I have a PhD in astrophysics.",STUART,BBT,1,train
1_S10E04_403,The kind who almost put a pillow over your face last night.,"(sighs) Sheldon, maybe living together is a bad idea. Well... Yeah, but what kind of scientists would we be, drawing a conclusion after only 12 hours of data?",AMY,BBT,0,train
1_11378,Are you sure a dummy like me can handle something as complicated as a blanket?,"Okay. On the count of three, I'll shoot the fire extinguisher and get him airborne. Howard, you wave the blanket and guide him towards the exit. Raj, you hold open the curtain so he can fly out.",HOWARD,BBT,1,train
2_353,"Nothing. It's just old and dingy, that's all.","Oh Monica, listen, I ah, I saw down at the hardware store, they got those designer tiles on sale. If you ever want to redo the bathroom floor. Why, what's wrong with my bathroom floor?",JOEY,FRIENDS,0,train
1_2361,Thank you so much for giving me the opportunity to help.,Thanks so much for helping me.,LEONARD,BBT,0,train
2_338,And I am sure every person here really really wants you to join our group.,"Scott scott come back. You have to realize that we are a bunch of people with severe problems. We have been trying to help ourselves, just like you have been trying to help yourself. That's why we need to help each other. I mean, you seem like a decent guy.",MODERATOR,SARCASMOHOLICS,1,train
1_7490,"It's okay, you know, we space cowboys don't do what we do for glory and fame. We leave that to your rock stars and your athletes and your Howie Mandels.","Yeah, well, Bernadette's a little under the weather and my mom's kind of under my dentist. Wait, your, your mother is sleeping with your dentist? Former dentist.
I need a new one now that I know where his hands have been. So you're wandering all around by yourself?
That's not the kind of hero's welcome an astronaut should come home to.",HOWARD,BBT,0,train
2_334,"When they're hungry enough, they'll come in.","Yes. Yes, there is, they play on Sundays and Monday nights. Oh shoot! I work Monday nights. Umm, this stuffing is amazing. Do you think we should bring them some?",JOEY,FRIENDS,0,train
1_S12E17_195,Maybe she's basing that on your poor husbanding skills.,"They're still asleep. Apparently, when I put someone down for a nap, they sleep hard. That's a weird brag, Howard. (doorbell rings) I'll get it. Bernadette thinks I have poor parenting skills. (chuckles)",LEONARD,BBT,1,train
2_446,"I'd love to show ya, but I just tucked her in.",Hi Joey. Hey! How you doin'? He has the most amazing Porsche under there!,JOEY,FRIENDS,0,train
1_S12E04_027,"I didn't just drink the crazy milk, I bought the crazy cow.","Who's Tam? He was my best friend in the whole world growing up. Really? Why have I never heard you mention him before? Oh, of course I have. I'm sure I've mentioned him, like, five times this week. I don't think you have. Tam! Tam! Tam! Tam! Tam! There, it's only Thursday.",AMY,BBT,1,train
2_416,Were you so late because you were burying this woman?,Ok it was just me and her at the back of the train and I sat at the door so she had to pass by me if she like to switch cars. She was totally at my mercy.,CHANDLER,FRIENDS,1,train
1_1262,You were very clear. As was everyone else at the table.,"Leonard, this is Tom. Hi, Tom. Sheldon? Didn't I explain to you about your little mistake in the cafeteria?",SHELDON,BBT,0,train
1_S10E09_100,It's like scrolling through the emojis on my phone.,It's always fun watching him read someone else's work. (scoffs) (moans),PENNY,BBT,0,train
1_S11E03_220,"Honey, that's you.","What are you listening to? Nothing. Oh, come on, I want to hear. We don't need GPS. Let's just see where the road takes us. I see why you turned it off. That guy sounds like an idiot.",PENNY,BBT,0,train
1_3837,"Excuse me, I'm thirsty, so I'm going to go to the refrigerator and get myself a refreshing beverage.","Oh, there it is: now that you don't have a girlfriend, you want to hang out with me again. I never stopped hanging out with you. Oh, please, we all know I'm the friend you call when you have no other options. If we were the Justice League, I'd be Aquaman. I wish you were Aquaman. Then I could send you to scoop my mom out of the old lady tank.",SHELDON,BBT,0,train
1_3840,"I read a study online that walking after a meal not only aids in digestion, but increases serotonin, and you know me, if there's one thing I like more than a refreshing beverage, it's serotonin. Bye-bye.","Ah…I do so love beverages. Now I think I'll take my after-dinner walk. Since when do you take after-dinner walks? Yeah, since when do you take walks?",SHELDON,BBT,0,train
1_S12E05_054,"Oh, the helmet will sense that and stop the experiment.",So I'm gonna place the sensory isolation helmet on you for about five minutes. All you need to do is sit still and relax. What do I do if I start to get claustrophobic?,AMY,BBT,0,train
3_S02E01_096,"Richard, tell him I'm CTO. Dinesh: You already told that fat guy that I'm the CTO.","Dinesh: I can't believe how many gifts we're getting. Gilfoyle: Gifts I'm getting. That Oculus rig is addressed to the CTO. No, I'm the CTO. As your superior, I order you to give me that Oculus. You can't make me do stuff. You're not the boss of me. Actually, I am the boss of you. Okay.",GILFOYLE,SV,0,train
1_S10E05_110,The only thing I hate more than you right now is that book!,"Honey, how ya feeling? (Bernadette retching loudly) The book says at this stage of the pregnancy morning sickness should be going away. (retching) So that's good news, right?",BERNADETTE,BBT,0,train
1_S12E18_159,"Honey, remember, she's my child, too.","Hey. Kids asleep? Nope. I've been trying to get them down for hours. Apparently, Halley's afraid of the dark now and I can't turn on the night-light cause it makes Michael cry. Why doesn't he like the night-light? Jot that down, we can ask him as soon as he learns to speak. We can also find out what's so damn funny about birds. I'll go talk to her. I don't know why she's suddenly so afraid of everything.",HOWARD,BBT,1,train
1_971,"- Now?! - No, after my tongue has swollen to the size of a brisket!","Take that! What's the matter? This granola bar has peanuts in it! Oh, my God. Why did you eat it? I don't know. It was just there! If I had a gun there, would you have shot yourself? Don't yell at me! I've got to go to the emergency room!",HOWARD,BBT,1,train
1_S09E21_255,Interesting. Maybe my male cycle synced up with raj's actual period.,"So what the hell happened? Oh, I just ran out of patience with sheldon's nonsense. Tell me about it. I've had it with raj, too. You know, like women, men have a monthly hormone cycle. Dips in testosterone can cause irritability.",HOWARD,BBT,1,train
1_S12E02_274,"Or you can ask me, the geologist who won the MacArthur Genius Grant.","Okay, so it's quartz. That's got to mean something. What do we know about quartz? I'll Google it.",OTHER,BBT,1,train
3_S03E03_316,"Richard, look, I'm sorry, but I think the box is here to stay.","She was supposed to talk Barker out of making the box. What the fuck happened? - Richard. - What? I was on the call, okay? She tried, he said no. - Well, then she should fire him. - She can't fire him. Why not? She fired me. Exactly. She can't fire him because she fired you. Firing a young CEO and installing a much more experienced one looks like leadership. Firing two CEOs in a month looks like chaos.",OTHER,SV,0,train
2_408,"Okay, but if you are not coming back soon, there is pretty much nothing I can do about it","Saucy. I'll be back in two minutes. You are going to leave me like this Knowing you are here, waiting for me, it is kind of exciting isn't it?",CHANDLER,FRIENDS,1,train
1_60,It's just a privilege to watch your mind at work.,I never would have identified the fingerprints of string theory in the aftermath of the Big Bang. My apologies. What's your plan?,SHELDON,BBT,1,train
1_S11E05_156,My ride home with you was hellish.,"She's going to be home at ""eight-ish."" Like, when is that? 8:01? 8:02? And what kind of scientist uses ""-ish""? I'll give it a go.",LEONARD,BBT,1,train
3_S05E02_072,Congratulations. You've finally taken your rightful spot amongst the handicapped.,"That's odd. You left before me. How was I able to park before you? I guess all 50 of the new employees decided to show up bright and early for the fucking all-hands meeting. I had to park on level five. Huh! So unlike you, the world understands that I'm saving the planet and has rewarded me with...(clicks tongue) primo spot.",GILFOYLE,SV,1,train
1_S11E07_265,"Sheldon, that was pretty rude.","Are you embarrassed of me? Oh, no, no, no, not you. No, just the work that you've devoted your entire life to. If you're ashamed to be working with me, then I don't want to work with you.",LEONARD,BBT,0,train
1_8746,"I enjoyed it. When you told me I was going to be ""losing my virginity,"" I didn't think you meant showing me <i>Raiders of the Lost Ark</i> for the first time.","So what'd you think? It was good. That's it? ""Good""?",AMY,BBT,1,train
1_S10E04_361,Wait. Wrong number.,"Okay, you're positive you want to know? Yes. Okay. Here we go. It's ringing. (ringtone playing) Hello?",BERNADETTE,BBT,0,train
2_535,"So, I'm sorry I just don't think we should go away together yet.","spring vacation. spring vacation. Oh good. Look, I ..   Look, I'm having a great time with you and I just don't want us to move to fast or put to much pressure on us.",ROSS,FRIENDS,0,train
2_442,No itÕs the rose in the kitchen thing.,"She is miserable. Just to keep me upto speed Dorothy, it is this negligent arson that prospect of spending the rest of her wiening years in jail thing right?",DOROTHY,GOLDENGIRLS,1,train
1_S10E05_120,How 'bout we stay here? We don't even have to tell anyone. It'll be like a secret vacation at home.,But it's our last chance to take a vacation that's just the two of us.,HOWARD,BBT,0,train
2_1,"Yes you can. You're thinking about time, you can't go back in time.","You know what I knew something like this is gonna happen What are you doing? Chandler, you can't just go back a phase",CHANDLER,FRIENDS,0,train
1_S11E10_337,"Wow, this conversation got mean fast.","Hey, Howard. Hey. Where is everybody? I could ask you the same question.",STUART,BBT,0,train
2_129,What are these? Claws?,Oh Dorothy would please open this jar of nuts for me? You couldn't get it open? Oh I didn't try. I don't wanna risk cracking a nail.,DOROTHY,GOLDENGIRLS,1,train
1_S12E15_420,"Really? Well, I did not see that coming.","All right, everyone's suited up. Let's head out to the tarmac! Actually, one second. Howie, I don't think I should do this.",HOWARD,BBT,1,train
1_11885,"Yeah, turns out half a dozen menorahs really sets a mood.","Glad you guys could make it. Of course. Wow, it looks really pretty in here.",PERSON,BBT,1,train
1_S11E11_024,Why are you smoking meat?,"Oh, Stuart, two questions: Do you have the new Aquaman, and do you mind if I use your back room to smoke some meat? Well, since it's you asking, I'm gonna guess that's not a euphemism.",HOWARD,BBT,0,train
1_S12E16_140,"Oh, no, this is the rest of our lives.","I'm almost positive I heard William Shatner. I wonder who else is playing. I-I bet we can use graph theory to determine who Wil knows and who is likely to play D&D. Yes. Okay, obviously he's connected to the whole Next Gen cast... So this is the rest of our night, huh?",AMY,BBT,1,train
2_282,What-wh-what so we'll just stay married forever?,"Wow! This is so amazing. I uh, I really thought I'd have to talk you into this more.",RACHEL,FRIENDS,1,train
2_488,"Just a sec, give me a minute to wake up for this,Ah-ha-ha!!",What? The ring is gone! Ugh.,CHANDLER,FRIENDS,0,train
1_S11E04_016,"Well, it's a boy.","So, you two ready to find out the sex of this baby? Yeah. Absolutely. Is Halley hoping for a little brother or a little sister? Well, she's nine months old, so unless it jingles or is in my bra, she doesn't care. And how about you two? You know, for the first one, we really wanted a girl, but this time around, we don't have a preference. Yeah. Boy, girl, as long as it's healthy.",OTHER,BBT,0,train
1_S12E11_072,"No offense, worker bees.","Dr. Cooper. Ah, President Siebert. What are you doing in the regular cafeteria? You're a superstar.",OTHER,BBT,1,train
3_S02E03_244,Sounds like ERLICH.,"The guy is a joke. How does he even do that? He's a boorish, pompous, womanizing douchebag who got lucky, like, 20 years ago. and hasn't done anything since then.",GILFOYLE,SV,1,train
1_S12E07_264,(whining): It's just so hard!,"Ooh. Someone's making decisions. I'm reviewing these proposals. Yeah. 'Cause you're the boss man, telling people what's what. I like it.",LEONARD,BBT,0,train
2_24,"Uh, okay. The fifth dentist caved and not they're all recommending Trident?","Who? Dee, the sarcastic sister from What's Happening!! Guys, guess what guess what guess what.",CHANDLER,FRIENDS,1,train
3_S06E02_398,"Look, we cannot take blood money.","There's a reason Jared tried to ditch this guy. -We cannot take his money. -Why not? Did he tell you where he gets it from? How his grandfather was the chief of secret police under Pinochet? About how they ran their mines? They were basically slave traders. He can't really be all that bad. I mean, he really, really likes Pied Piper.",OTHER,SV,0,train
1_S09E06_055,Sounds like you on Cinco de Mayo.,Why do you need Kripke? Why don't you just go to Party City for helium? We'd have to go to every Party City in California.,HOWARD,BBT,1,train
1_5880,"When you're done copping a feel, that goes on my wrist.","Oh, sweetie, guests don't normally wear corsages to a wedding. 
That's more of a prom thing. I never went to my prom. 
My mom paid my cousin to take me, but he just used the money to buy drugs. Put the corsage on her. When you're done copping a feel, that goes on my wrist.",AMY,BBT,1,train
2_127,"When? Today? Some, not a lot.","Joe? Yeah! Uh, you've had a lot of sex right?",JOEY,FRIENDS,0,train
1_S09E08_255,"No, pinch me!","- What happened? - OMG. - Aren't you Leonard Hofstadter? - Yeah? I saw you speak at Stanford with Sheldon Cooper. Amy, can you believe it? It's Dr. Leonard Hofstadter!",AMY,BBT,1,train
2_410,If you wanna put a label on it.,"That's funny. Who are they? The blond woman is my ex-wife, and the woman touching her is her... close, personal friend. You mean they're lovers.",ROSS,FRIENDS,1,train
1_S12E04_003,"Wait, I'm still in them, right?","Hey, whatcha doing? Improving our wedding photos. Oh, that's nice.",AMY,BBT,1,train
2_491,"Let me think! Let me think! Oh, I don't care.",The wheel or pick a Google card.,CHANDLER,FRIENDS,1,train
2_20,My duties?  All right.,You must've had your hands full That I did. That I did. So let's talk a little bit about your duties.,CHANDLER,FRIENDS,0,train
2_426,"Are you kidding? I love that guy!  Morning's here! Morning is here,",HEY!! Do you Oh come on! Morning's here!  Morning's here! The morning is here! Sunshine is here! I,JOEY,FRIENDS,0,train
2_255,It's a musical Rose,What kind of a movie is this Dorothy?,DOROTHY,GOLDENGIRLS,1,train
1_S12E21_167,"Yes, but it may just be the Indian accent.","Ugh, why is this decision so hard? Maybe because you want to win, but deep down you know it's not the honorable way to do it. Otherwise, you would've done it already. That's really wise.",SHELDON,BBT,1,train
1_3599,Why don't you keep that stuff in the bathroom?,"That's a great idea. I'm going to get him to sign a Batman as well. What is it about the word ""unique"" you don't understand? Damn, paper cut. Nothing worse than a paper cut. Well, obviously you don't remember your circumcision. There's Neosporin and Band-Aids in my top desk drawer.",HOWARD,BBT,0,train
1_S09E22_075,Funny how that worked out.,"Hey, you think it'd be okay if I brought Claire to the wine tasting? Sure. I'd like to meet her. Oh, that's great. I've been wanting her to meet you guys, too, so this seems like the perfect opportunity. Oh, but I won't be there.",RAJ,BBT,1,train
2_253,Yeah!,"Oh. Thank you. Ohhh, thank you very much. Oh, thank you for coming.  Uh, just a second! No-no, let me in! Phoebe?",PHOEBE,FRIENDS,0,train
2_198,"Yeah, she's fired.","Was it my work? Were they mad? Was it Jack? Did he yell?! J-j-just relax, nobody yelled. Jack just was calling to make sure that you were feeling better. Thank God.",ROSS,FRIENDS,0,train
2_585,"You and I, we're interfacing.","So theoretically we could download our thoughts and our memories into this computer... ... and live forever as a machine! That's so Janine, you-you-you know what, do you know we're doing right now?",ROSS,FRIENDS,0,train
1_S10E07_187,So why don't they just get more drywall?,"So, what's the deal with your apartment? Why's it taking so long? Um, it was a drywall problem. Oh, no, what happened? Well, the drywall got wet, and you do not want wet drywall because when drywall gets wet, it's really more... Wet wall? Or damp wall, just as bad. Mm.",PENNY,BBT,0,train
1_S12E04_242,Were there no other kids in Texas?,"So, he was your best friend growing up? Yes.",HOWARD,BBT,1,train
1_S09E04_382,"How can you say that? Amy's gone, and you two are married now, so it's only a matter of time before you're gone, too.","LEONARD: Buddy, I know me moving in with Penny feels like a big change, but it's not.",SHELDON,BBT,0,train
2_190,Well scott I am sure we are all really really looking forward to hear your story.,I finally got to admit it to myself. I have got a sarcasm problem.,MODERATOR,SARCASMOHOLICS,1,train
1_S12E14_152,It's nice they found each other.,"Whoa, whoa. You're not gonna cut open a meteor, are you? Have you not learned anything from comic books? Space viruses? Pod people? I sell nothing but warnings. C-Calm down, Stuart. You're being a little crazy. Oh, is he? Is he being crazy? Or is he the only one around here who's making any sense?",RAJ,BBT,1,train
3_S01E05_456,Maybe my leisurely pace is just a little faster than yours.,"So we're just going to work at a nice, leisurely pace, right? Sure. Wait, why are you typing faster? I'm not.",GILFOYLE,SV,1,train
2_591,"How about stopping by new years eve with three naked women, throwing up in the pool, passing out in the punch bowl, and relieving yourself in the linen closet?",We thought you might like to join us for dinner? I get the feeling Dorothy that you might be a little mad at me. Why is that?,DOROTHY,GOLDENGIRLS,0,train
1_S11E08_217,"You know what, you like to think that you're just like Tesla, but the truth is you're exactly like Edison.","Sheldon went to the Air Force behind our backs. I did nothing of the sort. I had an idea for a neutrino-based communication system, I presented it to them, and they were interested. But y-your communication system was based on our guidance system. And sonar is based on bats. You don't see them hanging upside down in a patent attorney's office.",LEONARD,BBT,0,train
2_323,That monkey has got a Ross on its ass!,Hey!,CHANDLER,FRIENDS,1,train
3_S05E06_207,I believe we all know who's the better coder anyway.,"Danny over there is going to be reviewing your code, and keeping the results completely confidential. Jared...",GILFOYLE,SV,0,train
1_6627,"Well, yeah, sex with you is pretty great. Have you ever tried it?","That was a really nice dinner. I'm glad you asked me out again. Me, too; I missed you. You see me all the time. You sure you just don't miss the sex?",LEONARD,BBT,0,train
1_2075,There's no hurry. Tell them more about their secret love for each other.,"Say what? That's basically what I just said. You brought your husband to work. You know the rules. Mesa thinking yousa looking pretty sad now too, betcha, betcha. Leonard, it's 1:00. Weren't you going to show me your laboratory at 1:00?",LEONARD,BBT,0,train
1_S10E04_343,"Well, now I don't know if I want to know!","Screw it. I'm calling and finding out. Good. Call him. Wait, I'm not sure I want to know. But you just said you wanted to know.",BERNADETTE,BBT,0,train
1_S10E04_262,What if we do this?,"Now, this side offers me proximity to the bathroom, but I am closer to the window where perverts can watch me sleep. Okay.",AMY,BBT,0,train
2_128,You building a post office?,"Hey, we know how we always say we need a place for the mail? Well I started building one, but then, I decided to take it to the next step.",CHANDLER,FRIENDS,1,train
1_11924,"All right, Amy's in charge of pricing and being 75.","So, I put stickers on everything we're gonna sell.
We just need help taking it all out to the driveway. Can I be in charge of pricing?
I've been going to garage sales my whole life. Can you believe I got these pantyhose for a nickel?",HOWARD,BBT,1,train
2_315,"I guess you'd know that, being one of the two of us, though, right?","So. I just thought the two of us should hang out for a bit. I mean, you know, we've never really talked.",RACHEL,FRIENDS,1,train
3_S01E03_517,He ate the whole bag of gold caps. Awesome!,"Hi. Who is this? You're not gonna believe this, but this is me. Time is a sphere and I've been reincarnated during the same time period in which I exist. Yes, but where did he come from? From the future, obviously. Also, from a parking lot at a gas station in Sonora.",GILFOYLE,SV,0,train
1_340,"Sure, cut the foreigner in half. There's a billion more where he came from.","And I cannot believe people pay for horoscopes, but on a more serious note, it's 8:13 and we're still not playing Halo. Fine. We'll just play one-on-one until he gets back. One-on-one? We don't play one-on-one. We play teams, not one-on-one. One-on-one. The only way we can play teams at this point is if we cut Raj in half.",RAJ,BBT,1,train
2_303,No thanks Josephine!,"Hey Chandler!, come on in we are knitting pot holders.",CHANDLER,FRIENDS,1,train
1_3476,Don't you think looking for a new city to live in is a bit of an overreaction?,My new computer came with Windows 7. Windows 7 is much more use r- friendly than Windows Vista. I don't like that.,LEONARD,BBT,0,train
1_162,"Sheldon, if you were a robot, and I knew and you didn't...","On the other hand, no arousal. None? None. Thank you for your time. Thank you. None at all?",HOWARD,BBT,0,train
1_S12E06_248,And I don't understand what's going on because I went to MIT.,What do you think you're doing? I thought it was clear. I'm being unnecessarily hurtful but with a sweet voice.,SHELDON,BBT,1,train
2_254,"Yeah. Yeah, that's what you need a good .. pill.","Yeah. I go see my doctor tomorrow, I'll ask her about this. Maybe she can give me a pill or something.",PHOEBE,FRIENDS,1,train
2_376,Me? I am gonna die alone!,Hey Chandler? Monica just broke my sea-shell lamp.,CHANDLER,FRIENDS,1,train
1_11120,"Next time I might be in a rush, it's good to have a few in the bank.","There's nothing weird going on with me and your mother. Stewie, your bath is getting cold! I got to go, bye. Penny?
Penny.
Penny.
Penny.
Penny. You knocked more than usual.",SHELDON,BBT,0,train
1_S12E18_290,But the time machine thing is probably more likely.,"See, sometimes I wish I could invent a time machine, so I could go back and prevent myself from acting so rashly. Or moving forward, you could think before you speak. I suppose so.",LEONARD,BBT,1,train
1_S09E02_386,That sounds nice.,"(sighs) Well, how about we stop being so scared of losing each other and just be together?",PENNY,BBT,0,train
2_126,No I am upset because Joe Piscapo didn't get the lead role in rain man.,No rose. Are you upset because Blanche is going to sell the house and we can't live together.,DOROTHY,GOLDENGIRLS,1,train
1_S11E02_299,Tell me about it. Howie texts me every time his dog levels up in Warcraft.,"You know, you're a successful woman. You should be able to brag about your accomplishments once in a while. Well, so should you. I mean, the guys are never shy about bragging.",BERNADETTE,BBT,0,train
1_S10E09_169,"I wet the bed until college, but I don't think","You know, I do understand what you're feeling. My brother and sister's accomplishments have always been held over my head. How did you deal with it?",LEONARD,BBT,0,train
1_S10E03_224,My head hurts and I'm more tired than ever.,"Maybe we should break for lunch. What time is it? (moans twice) According to the world's worst cuckoo clock, it's 2:00.",SHELDON,BBT,0,train
1_S09E05_284,"Actually, he already did.",I should let you know that he expressed interest in asking you out.,AMY,BBT,0,train
1_10797,"I'm with him three years, nothing. She's with two minutes, and he's taking his pants off.","to be a pharmaceutical sales rep. Maybe she can practice on you some time. Oh, it would be great to practice on a real doctor. Yeah. I'm sure that'd be fine. I have some odd freckles on my buttocks. Can I make an appointment for you to look at them? Um... okay, I guess.",AMY,BBT,0,train
1_6860,"I'm sorry, it's the bad boy attitude that comes with this hair.","You know, Sheldon, I used to cut my brother's hair. 
I could do it for you. Penny, I know you mean well, offering the skills of the hill folk, but, um, here in town, we don't churn our own butter, we don't make dresses out of gunny sacks, and, uh, we sure as shootin' don't get our hair cut by bottle-blonde... Sheldon, be nice.",SHELDON,BBT,0,train
1_S12E09_207,Okay.,"Oh, gosh, my Russian's a little rusty. If it helps, this word may be ""moose.""",HOWARD,BBT,0,train
1_S12E04_070,"Okay, listen, I'm really worried about this whole Raj thing.",(video game sound effects) (knocking) I'm pumping! It's Penny. Oh. Come in. I thought you were pumping. I thought you were my boss.,PENNY,BBT,0,train
1_S11E11_403,"Ooh, I want to see the birthday girl.","Hello. Hi. You made it. How you two feeling? Oh, a little better. Those books should have been called Little Outhouse on the Prairie. BERNADETTE: Halley's awake and ready for her party! Be right up!",PENNY,BBT,0,train
1_S12E04_233,How did I betray you?,"- Oh, hey, Sheldon. - We just met... - Sheldon! So good to see you! Tam. It's been a long time. Mm, not long enough to erase the sting of betrayal.",OTHER,BBT,0,train
1_S12E22_004,Never? Isn't that usually when you go to the gym?,"Leonard, when are you leaving to pick your mother up from the airport? Uh, well, let's see, her plane gets in at 3:00, figure half hour to get her luggage, so... never.",PENNY,BBT,1,train
1_S12E13_088,"Well, I know how to do the dishes. Just, sometimes I'm tired.",I am so proud of you.,PENNY,BBT,1,train
1_S12E12_030,"Yeah, so impressive how you manage to bounce back after having no babies.","Why don't we do it more often? Because you have two kids, I have Sheldon, and Penny's apparently in the gym all the time, cause damn, look at her!",BERNADETTE,BBT,1,train
2_48,"Thanks, but I kinda have a problem to deal with here.","I didn't know he could get me fired! What am I going to do? Well y'know Joey, you're a pretty charming guy.",JOEY,FRIENDS,0,train
1_S12E09_103,It just got more fun.,"You know we're almost finished with our paper; we just need help tracking down the citations. That's busywork. Can't you just get a grad student to do it? No, this paper is incredibly important to us, and we need someone we can trust. Please, it would mean a lot. Y-You know what? Sure. The three of us in the library looking up old papers-- that actually could be kind of fun. Oh, no, we won't be there.",LEONARD,BBT,1,train
3_S05E02_532,There better not be a Chinaman in my bed.,Are we bad people for leaving Richard there to work by himself? We've been coding for 48 hours straight. I could give a shit about deontological ethics. Yang.,GILFOYLE,SV,0,train
1_S12E11_002,- A waste of champagne?,"Champagne, a champagne, a champagne with a packet of Splenda in it. - You know what I call this drink?",PENNY,BBT,1,train
1_11529,"And how difficult it is to do when she's bloated, cranky and crampy?","What exactly do you think goes on here? Well...
conversations that you wouldn't be comfortable having in front of the opposite sex. You know, who has the best cervix. Which sanitary napkin is all the rage right now. Men's buttocks, and how you want to pat and squeeze them. We were talking about Penny's job.",SHELDON,BBT,0,train
1_7641,"She was just so sad all the time. Yeah, I was the only person who could cheer her up. Well, me and Ben and Jerry.","You are now the only woman in my life who I'll see naked in the bathroom. I know this wasn't easy.
You doing okay? Oh, I'm fine.
It's just her I'm worried about. Aw, she'll be okay.
She's a grown woman. I know. 
It's just ever since my dad left, I've felt responsible for her. That's a lot for a kid to deal with.",HOWARD,BBT,0,train
2_166,But I'm the host!,"This will be your phone. That's great. But uh, I'm not really expecting a lot of calls. No you answer it and take pledges.",JOEY,FRIENDS,0,train
1_6165,"Yes, there's nothing quite like the slightly widened eyes of mildly startled.","Okay, all right. That one was clever. Skeleton with phosphorous on a zip line. Come on out, merry pranksters. Take a bow. You should've seen your face.",SHELDON,BBT,1,train
1_10462,"You know, if you're really serious about that, I hear there are some exciting opportunities in home care for the old and fat.","it's-it's what my grant was designated for, and that everybody has to do things they don't want to do. He then gave an example of something he had to do, even though he didn't want to, which was look at my stupid face. That's a rude thing to say. Out loud. It's an outrage.
Honestly, I'm tempted to leave the university.",HOWARD,BBT,1,train
1_S11E11_343,"Oh, grow up.",BERNADETTE: How's the party coming? Good! Great! Our friends should be here any second! Those are the only other people you invited? What about the kids from the Daddy and Me class?,HOWARD,BBT,0,train
1_1549,On a dusty highway just outside Bakersfield. Where do you think? On Mars!,"Will you at least stipulate that Star Trek IV: The Voyage Home is inarguably the best? I have three words for you: Wrath of Khan. Thank God, you're here. What's the emergency? I got the Mars Rover stuck in a ditch. Where?",HOWARD,BBT,1,train
2_230,"Okay, Janice. Janice. You gotta give me Janice. That wasn't about being picky.","Okay, Mr. Heckles, we'll try to keep it down. Thank you. I'm going to rejoin my dinner party. All right, bye-bye.",CHANDLER,FRIENDS,0,train
1_S09E23_102,Wow. (clears throat) Didn't even make it out of the parking lot.,I'm not surprised Leonard chose to avoid picking me up. He's battled intimacy issues his whole life. Does he have difficulty maintaining erections?,PENNY,BBT,1,train
1_S09E02_178,"Oh, of course. Wouldn't want to intrude.",can we have some privacy?,SHELDON,BBT,0,train
1_S12E08_445,(chuckles) Couldn't think of a single reason not to.,"Thank you, Amy. It's so nice of you to have us over for dinner.",AMY,BBT,1,train
1_5109,"Yeah, but you were just sleeping, because I forboded you to have sex.","That's very nice of you, but I made other plans. Well, just keep in mind that should you ever need a slightly apathetic tertiary friend, I stand at the ready. Hi, Howard. Hi, Sheldon. Hello. Hey. Why are you holding hands? I forbid you to hold hands. Rajesh, you know Leonard and I spent the night together.",RAJ,BBT,0,train
2_512,Because it wears a little sunbrella Rose.,"It is not a fly Rose Spanish fly is not a fly? No, it's a beetle. They call it a fly but its really a beetle? Yes How did they know its Spanish?",DOROTHY,GOLDENGIRLS,1,train
1_S12E06_016,Says the man with a giant belt buckle and a dickey.,"Are you guys all dressing up for work? Of course. I mean, how often do you get to wear costumes to work?",LEONARD,BBT,1,train
1_S10E09_324,I think I hate all of you nerds.,Howard's dopey haircut? I think he looks cute. And I think you're cute. I think you're both cute.,PENNY,BBT,0,train
2_405,I'm supposed to teach a graduate seminar there in ten minutes.,"Okay, that-that's all for today. Oh, uh does anyone know where the Freeman building is? Yeah, it's the new building on Avenue A.",ROSS,FRIENDS,0,train
1_S11E02_030,Really? You?,"I'm being interviewed on public radio this Friday. Oh, cool. How come? Uh, the university is trying to get more funding for the physics department, so they want me to go out and talk it up.",SHELDON,BBT,1,train
2_74,Show them your slides of Hawaii,"Wait donÕt leave me, what will I do if they come back?",DOROTHY,GOLDENGIRLS,1,train
1_S10E17_146,"Oh, dear god, you're cheating on me with raj.","Okay. What you doing? Making lasagna. Oh, she's sexy, she can cook. I'm such a lucky guy. (Chuckles) You want something stupid, or you did something stupid? No. I just walked in here, saw how beautiful you are and had to tell you.",BERNADETTE,BBT,1,train
1_S10E04_194,"I've never lived with someone, either. This is a lot for me, too.","Look, I know this experiment is a big step outside of your comfort zone. So why don't we take being physical off the table and maybe later on, once we're more settled in, we can revisit it. You're really okay with that?",AMY,BBT,0,train
1_S11E05_005,"Yeah, which is why it's okay.","Thanks for letting me put Halley in your room. Yeah, no problem. Oh, and, Penny, she kinda threw up on your stuffed bear. Oh, that's okay. Hey. Tha-That's an Ewok and it's mine.",PENNY,BBT,0,train
2_537,What did you want to show us? Because all I can see is this bitchin van,"Come on, no peeking! Our eyes are closed and we're about to cross the street. Very good. Okayyyyy, open up!",ROSS,FRIENDS,0,train
2_425,And did he?,"We couldn't keep our eyes off each other all night and then every once and a while y'know, he'd kinda lean over and stroke my hair and touch my neck. Okay, stop it Phoebe, you're getting me all tingly. All I could think of was y'know, ""Is he gonna kiss me? Is he gonna kiss me?""",MONICA,FRIENDS,0,train
1_9087,"Why? Because I got an ugly, itchy sweater, and my brother got a car? No, I was her favorite.","Yup, oh... here you go. Oh, thank you. Here, get yourself an eraser for your troubles. Oh-ho.
I forgot about this. 
My aunt made it for me when I started college. Aw, did she hate you?",LEONARD,BBT,1,train
1_S11E08_305,Be even better if he swapped out the helium for xenon.,"You know, that guidance system was my idea. You figured out how to make it work. We didn't even need Sheldon. Let's not forget your idea was based on my theory. Hey, we're bagging on Sheldon here! Focus! I guess it was pretty smart using our quantum technology as the basis for a communication system.",LEONARD,BBT,0,train
3_S02E01_413,Oh. Wow. Thanks for the compliment.,"Hey. Hey, what's up? If anyone finds out that I came back here, I will get fired, okay? Okay. Don't take this deal. What? You are worth half that at best.",RICHARD,SV,1,train
1_S09E16_189,Maybe you should get a new doctor.,"Are you hungry? How about that sushi place you love? Doctor said I can't have sushi. Okay, look, we don't have to go anywhere. We can just, you know, stay here and hang out in the hot tub. Doctor said I can't go in the hot tub.",AMY,BBT,1,train
3_S06E02_152,"You're new here, so I'll forgive the patronizing tone.",Richard's just tasked me with streamlining productivity and balancing headcount. Can you explain to me why you have no one working under you? It just seems odd considering that the agile board is showing that you have a massive backlog.,GILFOYLE,SV,0,train
1_S12E19_143,Numb your brain with alcohol and watch a reality show where wealthy people pick fake arguments with each other?,"This is so frustrating. I can't believe the university expects us to just sit back and do nothing. Sweetie, you just need to relax. You know what I like to do?",SHELDON,BBT,1,train
1_S09E10_208,Nobody knows. That's why he's number one.,"Oh, my God, he won't stop. How does he keep coming up with new ways to be annoying?",PENNY,BBT,1,train
1_S09E05_213,"Why? You never thought you'd end up in a relationship, and then you met Amy. Maybe there's someone else out there for you.","Sheldon, instead of focusing on Amy dating other guys, maybe you should start thinking about dating another girl. That's ridiculous.",RAJ,BBT,0,train
3_S06E02_171,"I finished Cryptonomicon,","What ""guy"" exactly? The brooding, arrogant guy who refuses to take orders? Self-taught coder who looks down on anyone who's taken a class. You're probably an atheist or something more contrarian. You claim to be an anarcho-capitalist,but you work here and pay taxes. You've probably read half of Neal Stephenson's Cryptonomicon, and it's about 50/50 whether you own a snake. His girlfriend owns a snake.",GILFOYLE,SV,0,train
1_S09E03_359,"I'll bet there's something around here that could be a ""lehver.""","All we need is to find stuff to make a ""leever"" big enough to fix this. Exactly.",HOWARD,BBT,0,train
1_S12E03_286,"Grape Nuts for breakfast, quiet car ride, things are really breaking my way today.","You'’re awfully quiet. Sorry.No, I like it. Got a lot on my mind. Would you like to talk about it? Not really.",SHELDON,BBT,1,train
2_392,Ah you see perfect might be a problem. Had you said co-dependent or self-destructive.,Because I met somebody who would be perfect for you.,CHANDLER,FRIENDS,1,train
2_306,"No, no no, I just mediate the gorup. I just give up every Tuesday of my life to help these screwups for the good of my health",Sarcasmholic yourself?,MODERATOR,SARCASMOHOLICS,1,train
3_S01E03_122,Your borders are merely a construct. I prefer to think of myself as a citizen of the world.,"Oh, I see... Bertram Gilfoyle is the foreign national. Citizen of Canada. Okay, thank you. You're Canadian?",GILFOYLE,SV,1,train
1_6428,Sure. You want to see what all the scientists are wearing this year.,It's 2:00 a.m. What are you doing up? Nobel Prize acceptance ceremony streaming live from Stockholm.,LEONARD,BBT,1,train
1_S09E01_027,Whatever. Put us on the Internet. I've always wanted a wedding with a comment section.,"So, what package are you thinking? Mm, this one comes with music and flowers. Oh, they even stream the whole thing live on the Internet. Why would we want that? Cause there's a lot of gorgeous blondes out there who don't believe they can land a short, nearsighted scientist. Let's give them hope.",PENNY,BBT,1,train
1_S11E06_448,"Well, don't worry. He's now on my enemies list forever. He's totally cut off.","Hello, Arthur. You-you know, we could... we could also meet in-in a deli. I'm sorry to say that I failed you. I tried to stop Wil Wheaton being Professor Proton, but I couldn't. See, now, that's-that's the kind of thing you could tell a fella over a... pastrami sandwich.",SHELDON,BBT,0,train
2_267,Really!?,"Look honey, Mark is in fashion okay, I like having a friend that I can share this stuff with. You guys would never want to go to a lecture with me. Pa-haa!! I would love to go with you.",RACHEL,FRIENDS,0,train
1_S10E04_082,That's a good question. Maybe just don't come over.,"Interesting. If my official residence were across the hall, I wonder if I'd need to knock every time I came over here.",LEONARD,BBT,0,train
1_S11E05_186,What do we do when he turns six? Take him to the zoo and leave him there.,"What did you do-- Are you a witch? No, I've been reading Bernadette's parenting book. It's like the answer key to the Sheldon test. That's amazing. I know. But, you know, it's only birth to five.",LEONARD,BBT,0,train
2_187,That's so funny because you look more like Joey Tribbiani man slash woman.,"And this from cry for help department, are you wearing makeup? Yes I am, as of today, I am official Joey Tribbiani actor slash model.",CHANDLER,FRIENDS,1,train
2_209,Really?,"He doesn't need to be sarcastic. I mean, that was sarcasm wasn't it?",MEMBER-GIRL,SARCASMOHOLICS,1,train
2_33,"This-this, no, oh no, no-no-no, this is not,that's-that's not what it is.","Ohh! It's so nice to meet you.  Hello. Hello. Well, Joshua, that 500 was for groceries. What?",RACHEL,FRIENDS,0,train
2_222,"The little man who lives in there, who turns the light on and off will tell you.",How would I know if they fog up?,DOROTHY,GOLDENGIRLS,1,train
1_11055,"Ah, that's a good question. Apparently someone was being awfully flirty while not wearing their engagement ring, causing another someone to show up here thinking the first someone might be available.","A gallant man would defend his fiance for being called a urethra. Can we please change the subject? Well, that didn't go your way. Dr. Lorvis, what are you doing here? Uh, well, actually I came to see you. Really? Why?",LEONARD,BBT,1,train
1_S10E14_094,"Well, when you get the machine, you can find out.","Sheldon, I just heard from the guys at mit about that emotion reader; They're sending a prototype for you to beta test. (Gasps) Wonderful. Although I'm not sure how I feel about being used as a Guinea pig.",LEONARD,BBT,1,train
1_5166,"Yeah, it's a great time to be alive, isn't it?","but the driver didn't look at all like the photograph on his license, so I leapt out and ran for it. Wise. There you go. Just like recovering alcoholics drink in the Caribbean. Hi, bestie. Oh. Hi, Amy. How you been? Fine. From this angle, I can see up your nose.",PENNY,BBT,1,train
1_8837,"Not as relieved as I'm about to be. It's a brave new world, little lady.","Really? Yes. Huh. Yeah, I always took it literally. That's why I have never once moved my bowels in this or any restaurant. 
Hmm. I'm relieved that you don't have a problem with us working together.",SHELDON,BBT,0,train
2_160,"Because his penis was too big. I am sorry, thatÕs the kind of thing I do.","I am sorry, why did Phoebe and Mike breakup?",CHANDLER,FRIENDS,0,train
1_2464,"You think ""coffee,"" means coffee. That is so sweet.","Come on. I think it's nice that Captain Sweatpants showed up to your art opening. Yeah, it would have been nicer if he hadn't touched all the cheese. You know, it's kind of early.
Do you want to maybe come in for some coffee? Gee, it's a little late for coffee, isn't it?",PENNY,BBT,1,train
1_6835,"Oh, screw her. She's just lucky we let her hang out with us.","The painting is a constant reminder that of the three of us, she is the least cool. Yeah, that's... that's what it is, so... You have such a good heart. Yeah... I try. Come on. Whoa, whoa, where are we going? We're going to go put this painting back up in your apartment. Well, what about Bernadette?",AMY,BBT,0,train
2_465,"No Rose, that you should do.",No more ice-skating And I am not gonna go Niagra falls in a barrel.,DOROTHY,GOLDENGIRLS,1,train
1_S10E08_063,You think it would be more difficult than that?,"I-I just found a wobble. Oh, do I need a mop? It's a gravitational wobble. It could be a sign of an extrasolar planet that may contain life and someday be named after me. Oh... well, if it has life, maybe it already has a name, huh? Yeah, but it's probably difficult to pronounce. What is your name? Rajesh Ramayan Koothrappali.",OTHER,BBT,1,train
1_S12E23_389,"Heck, you've had sex almost as many times as I have fingers.","but you've changed a lot since I met you. Oh, you are a mean drunk. I'm serious. You have a ton of friends, you got married, moved into a new apartment, you wore a baseball hat that one time.",PENNY,BBT,1,train
1_11098,"Wow, you still have it? I just assumed it was balled up in the corner of a barn somewhere.","I don't suppose you also brought napkins, clean bowls, utensils and a roll of toilet paper. Right here. You guys are the best. What's with the clothes? Well, with all the new stuff I bought for work, I needed to make room in my closet. I meant why are they folded? 
But whatever. Ooh, what's this? That, believe it or not, is my prom dress.",BERNADETTE,BBT,1,train
2_36,"The big deal is I don't want naked, greasy strangers in my apartment when I want to kick back with a puzzle,beer! Cold beer.","Okay, well Ross, what is this really about? Look, this is my home and I want to be able to come and go whenever I want! Okay, I will find someplace else to do the rest of my appointments. I just don't know what the big deal is!",ROSS,FRIENDS,0,train
1_6020,You just got off the list. Would you like back on it? This'll just take a moment. It's on a five and a quarter inch floppy.,"What differences does it make if Leonard goes to Wil Wheaton's party? Wil Wheaton is Sheldon's mortal enemy. Mortal enemy? Mm-hmm. Sheldon, I know you're a bit of a left-handed monkey wrench, but...
you really have a mortal enemy? In fact, I have 61 of them. Would you like to see the list? Oh, say no, say no, say no, say no.",SHELDON,BBT,1,train
1_S10E04_105,I'm the son of a gynecologist. I could be helpful.,"I have to say, I am happy with your ob-gyn. Cool. 'Cause she says you're doing a great job as ""weird friend who doesn't have to be at every appointment.""",RAJ,BBT,0,train
1_4031,"In 1917, when Albert Einstein established the theoretic foundation for the laser in his paper <i>""Zur Quantentheorie der</i> <i>Strahlung,""</i> his fondest hope was that the resultant device be bitchin'.","Happy now? I'm moving the dirty sock. Thank you. Raj, keep an eye out for the other one. Hey, guys, this is my friend Zack. Hey. Hello. Whoa! Is that the laser? It's bitchin'. Yes.",SHELDON,BBT,1,train
1_4743,"Oh, and the science dudes want to talk science with you. What do you want to talk about-- rocks, dinosaurs, our friend the beaver?","That's what I love about science-- there's no one right answer. So...you and Zack again, huh? Yeah, yeah, me and Zack again. Were we here earlier? Okay, we should, we should go. Ah, not yet. I want to talk science with the science dudes.",HOWARD,BBT,1,train
3_S01E01_226,"Oh. Look at me, I traveled back to 2009.","Hey, wanna check out twig-boy's website? Yes, I do. You have to download your own media player?",OTHER,SV,1,train
1_7402,I didn't know they gave Nobel prizes for making boom-boom in the potty.,"the paper was rejected, but recently, he was proven right. And now he's on the fast track to win a Nobel prize. Yeah, that's basically what I said. The point is Higgs is being celebrated for work he did 50 years ago, so that got me thinking, perhaps I've already hit upon the idea that will win me my Nobel prize.",LEONARD,BBT,1,train
2_420,"No you are not Chandler, we still love you Chandler","Okay you are right, I am in love with Joey's girlfriend. What? How is that possible? You barely know her. I don't know. I can't . I just, I can't get her out of my head you know. I am a very bad person. I am a horrible person.",CHANDLER,FRIENDS,1,train
1_6355,"said horrible things about each other in public... all in all, a pretty magical night.","Okay. So... we went out, saw a movie, met some nice people,",LEONARD,BBT,1,train
3_S04E05_313,When you have to apologise,"I am so fucked. This girl is gonna kill me or get me killed. Do tell. So, she's super attractive, and she's super smart, and she's way into me,like way more than a normal person should be. And sex! There's so much sex! The problem is the part after.",GILFOYLE,SV,1,train
1_S12E10_245,"And when I was little and my dog died, my mom sat me down and very gently told me that she wished the truck had hit my dad instead.","You can grieve over any emotional loss. The more you care about something, the greater the trauma of losing it. Oh, boy. He cared about this a lot. Yeah. What can we do to help him? Well, grieving is a process. Every culture has its own rituals and traditions to facilitate mourning. The ancient Egyptians had their mummification, the Tibetans had their sky funerals...",LEONARD,BBT,1,train
2_54,"That's easy for you to say, you weren't almost just killed.","Yes! And he said really mean things that were only partly true. I'm gonna go down there and teach that guy a lesson. Joey, please don't do that. I think it's best that we just forget about it.",RACHEL,FRIENDS,1,train
1_S10E21_151,"Hey, I already set up Howard and Bernadette. It's your turn to ruin some poor girl's life.","Can't believe Bert has a girlfriend and I don't. I thought you were taking a break from women to focus on your career. Oh, grow up. Don't you have any friends he can date?",PENNY,BBT,1,train
1_S12E04_456,All I see is a yellow smudge.,Check it out-- LeBron James posted a picture of me and him on Instagram. I don't see you. Look right behind him. No. Okay. You see that table just past his left shoulder? Now go back two more tables and over to the right.,PENNY,BBT,0,train
1_7442,"The original title was ""A Rederivation of Maxwell's Equations Regarding Electromagnetism"""" I dumbed it down because some of the more religious people in town were starting to say I was a witch.","This will interest you. And, Penny, feel free to paint your nails. What do you got? I believe Alex may have unearthed the grade school science project that could be my ticket to the Nobel Prize. Behold. ""Magnets: What Do They Stick To?"" If the answer is ""metal,"" it's not exactly groundbreaking.",SHELDON,BBT,0,train
1_S11E05_343,"At least he can still clean the oven, so that's something.","Okay, I put new batteries in the smoke detectors. Did you do the laundry? I sure did. Ooh. He's gonna be steamed. Just like his dress shirts.",BERNADETTE,BBT,0,train
2_91,"Alright, I'm gonna go pick up a few things for the trip.","Oh, certainly. That's a combination of Bernoulli's principle and Newton's third law of motion. See? Yeah, that's the same as ""it has something to do with wind"".",MONICA,FRIENDS,0,train
1_S12E09_413,Like I don't care at all.,"I see you. I see you... and boom. (explosion sound effect) Gotcha! How's it feel, Penny?",PENNY,BBT,0,train
1_S11E05_429,"Yeah, Bernadette texted earlier. Raj is really getting on her nerves.","You know, once we get this operational, we could probably figure out how to make it wireless. That'd be amazing. (phone chimes) Oh, that's Sheldon. Oh, he's upset with Leonard and Penny. (phone whooshes) And Bernadette. (phone whooshes) And Mark Twain.",HOWARD,BBT,0,train
2_169,"Hes not right for the part, and if I suggest him my bosses are going to think I am an idiot. And thatÕs something they should learn on their own.",What am I gonna do now? Just pass the tape along.,CHANDLER,FRIENDS,1,train
1_S11E05_402,"Oh, my God, you're still here?","Hey, what are you working on?",BERNADETTE,BBT,0,train
1_S12E02_118,Is she into you or does she just hate her parents?,"See ya, guys. - Bye. - Bye. So, what's her deal?",HOWARD,BBT,1,train
1_S09E01_403,That's ridiculous.,"You know, if I dated Mandy, that would teach both Leonard and Amy a lesson.",PENNY,BBT,0,train
1_5496,"Okay, Amy, you're being silly. I'm not concerned about who hangs out with who. And I certainly don't have a problem with Leonard's new girlfriend who wears way too much makeup. Ooh, these are cute. Of course if I buy them, I'll have to rent my womb out to a gay couple.","That bitch is crafty. You think? Of course. How does the cheetah attack a herd of wildebeests? By going after its weakest member. Well, what makes me the weakest member? Your trusting nature coupled with your teeny-tiny body. You wouldn't last a minute on the Serengeti.",PENNY,BBT,1,train
1_3911,"That's very thoughtful, but I think I'll finish my coffee first.","And shake twice for Texas. Something his mother taught him. All right, Elizabeth, the bathroom is yours. The seat is down, and has been sanitized for your protection.",PERSON,BBT,0,train
2_189,"Yeah okay, I was just talking to the guys. Just look at them I mean, is it okay if they come visit?",Ahh! Aren't you dressed yet? Am I naked again?! We're supposed to meet my parents in 15 minutes.,CHANDLER,FRIENDS,1,train
1_S10E17_125,You could charge people money to punch you.,"Yeah, you're a grown man who's highly educated.",HOWARD,BBT,1,train
2_232,"Well, umm, my Mom's friend, Phoebe, is actually my birth Mom.","Oh, I'll go out and get you some. Really?! Nope! Because I'm not your boyfriend. Hey Pheebs, how did it go?",PHOEBE,FRIENDS,0,train
2_144,Lords of Arabia,"Well ofcourse Blanche , they did it in that movie. What movie?",DOROTHY,GOLDENGIRLS,1,train
1_S10E05_319,"No. No, if we both like it, I'll spend the rest of my life opening the freezer and going, ""Aw, no strawberry.""","Well, who you gonna hit on? The girl in front of us got strawberry. That's your favorite.",SHELDON,BBT,0,train
2_271,Sarcasm? Noo.,"Sorry, was that sarcasm?",MODERATOR,SARCASMOHOLICS,1,train
2_45,"Oh ma no, it was a little girl selling girl scout toilets.",Oh fine we will! Is that Paolo?,DOROTHY,GOLDENGIRLS,1,train
1_S11E21_080,Is it your teen years?,"Penny, do you want to check this out? Yeah, sure. All right, just, uh, look through here, and if you want to take a picture, just push that button. Okay. Oh, what is that? (gasps) Is it Mercury? I'm really jonesing for Mercury. I think it's a little early for Mercury to be visible yet. Playing hard to get. I like that in a planet. No, there's something fuzzy.",HOWARD,BBT,1,train
1_S10E08_140,"No, she's right. As long as I've known you, you've always been self-conscious","You're dating somebody, who is it? What? What are you talking about? You only watch what you eat when you're afraid you might have to take your shirt off.",HOWARD,BBT,0,train
1_5134,"Oh, yeah, yeah. It's real great. Today I drove to Van Nuys for an audition I thought was going to be for a cat food commercial. Turned out to be porn.","Thank you, Leonard. That doesn't make it sound boring at all. So, how you holding up? I'm fine. Oh, who are you kidding? She's breathtaking. So, Penny, Leonard tells me you're an actress. That must be pretty exciting.",PENNY,BBT,1,train
2_8,"It's white plastic, with a handle, and it fits onto a stroller.","I'm doing research for a book, and I was wondering what someone might do if they left a baby on a city bus. Hi, here's the deal. We lost a carseat on a bus today.",JOEY,FRIENDS,0,train
2_294,"Oh, um, I don't care!",How do I look?,CHANDLER,FRIENDS,1,train
1_S11E07_405,And she still doesn't.,"I mean, Ruchi's nice. We're just so different. I know. Sometimes when you're dating, you meet weird people. I once met a girl who didn't like juggling.",BERNADETTE,BBT,0,train
3_S01E01_255,It's an upside down cross.,"Hey, Gilfoyle, I thought you were a Satanist? I'm a LaVeyan Satanist with some theistic tendencies. Oh, some theistic tendencies. Well then, what's with the cross?",GILFOYLE,SV,0,train
3_S04E02_326,"I mean, I knew Dinesh was going to fuck this all up, but honestly, this couldn't get any better.","$21 billion? I mean, how is that even fucking possible?",GILFOYLE,SV,1,train
2_141,We think it was trying to spell out monkey.,He also found an M and an O.,CHANDLER,FRIENDS,1,train
1_S12E08_103,Which is perfect.,"After last night, I got to thinking that I should have a better relationship with your family. I think the one you have with them is perfect. I hardly have one at all.",AMY,BBT,1,train
1_S09E03_476,We got a flat and couldn't get the tire off.,What... What are you doing back?,LEONARD,BBT,0,train
1_S12E03_101,"Great, so your church is Our Lady of the Stretchy Pants.","He sent us that Indian marriage questionnaire. Ooh, read one.Okay. ""How religious are you?"" That'’s easy, both of us: not at all. No, I wouldn'’t say not at all. I mean, I am pretty spiritual. I do go to yoga, so...",LEONARD,BBT,1,train
3_S02E01_050,"I get it. You hear the word ""chief,"" and you think ""Indian Chief."" but you're the other kind of Indian.","I love it. So what do you two do at Pied Piper? I'm the CTO. Ha ha, he's joking. I'm the CTO. Fuck you, I'm joking. Okay, how could you be the Chief Technology Officer?",GILFOYLE,SV,1,train
1_S09E03_125,"If there was a hidden compartment, don't you think you'd be stuffed in it by now?","According to this Mexican Customs Web site, visitors may not bring more than five laser discs,20 compact discs, or 12 VHS tapes. We don't have any of those. How can you be sure? VHS was king when Feynman drove this van. For all we know, there are hidden compartments lousy with Jane Fonda workout videos.",LEONARD,BBT,1,train
2_278,: Yeah.,"I know, it was amazing! I mean, we totally nailed it, it was beautiful. Thank you, listen, thanks a lot Tribbiani, . Oh my God, look at the time, I gotta catch the bus to the ball. Oh well, okay, good luck.",PERSON,FRIENDS,0,train
1_S11E07_220,I should get a haircut; this thing's going south fast.,"She just wants to keep things casual. Oh, great, that's how you're gonna screw it up. Hey, I can be casual. Mm-hmm.",STUART,BBT,0,train
2_270,Hey.,Where'd you get fruit at four in the morning? Went down to the docks. Bet ya didn't know you could get it wholesale. I didn't know there were docks.,JOEY,FRIENDS,0,train
1_8717,Because you're in the right lane behind a bus and you won't go around it? I'm sure she finds it charming.,Do you think Penny's mad at me?,BERNADETTE,BBT,1,train
1_4995,"Hey, you taught me something. Who would have thought it?","Why not? It seems like you're improvising your entire curriculum. This is all about listening and responding. Gotcha. I'm going to create a character and a situation, and you just jump in when you feel it. All right. All right. Action. Okay, it's not a movie. It's improv. So no one calls ""action.""",SHELDON,BBT,1,train
2_547,"Okay, now much have you won so far?","Well, what did you have? It doesn't matter because nothing beats a three and a six. That my friend is D-Cup.",CHANDLER,FRIENDS,0,train
1_S09E14_045,Really? The old Asian man is not your Meemaw?,That's not her. That's not her. That's not her. That's not her. That's not her. That's not her. That's not her. That's not her.,LEONARD,BBT,1,train
3_S06E06_143,I thought that was the company policy-these days.,"Based on the amount of work left to do and the number of hours left before the festival, I decided to task Son of Anton to use machine learning to debug some of our code. What? Gilfoyle, are you fucking kidding me? You gave your AI permission to overwrite code in the internal file system? -Were you gonna tell me about this? -No.",GILFOYLE,SV,1,train
1_430,"I've got some feelers out. In the meantime, listen to this.","but it was between you and the Museum of Natural History, and frankly, you don't have dinosaurs. I'll miss you, too. Bye-bye. Okay, I know you're texting about me and I'd really like you to stop. Oh, dear, I am rightly and truly screwed. Hey, I thought you were finding new friends.",RAJ,BBT,0,train
1_S10E18_423,More reasons for you to stay.,"You are not a burden, and we want you to come back and stay with us. But I also upset Sheldon, and he's not gonna want to come over if I'm there.",PENNY,BBT,1,train
3_S01E01_128,"Hey, did you hear what Peter Gregory is doing?","Look at this place, it's a shithole. Uh-oh. Here's another one. Miss Palo Alto, 2K14. There she goes. Oh, God, the marketing team is having another bike meeting. Douchebags. Just another day inside the Gavin Belson cult compound.",OTHER,SV,0,train
3_S01E03_024,Is it a margarita machine?,"Okay, well, actually this is a superior product, right here.",GILFOYLE,SV,0,train
1_11736,"I don't know, perhaps somebody took it off the carousel by mistake?","Mr. and Mrs. Wolowitz? As far as I can tell, your bag arrived in Los Angeles. So, where is it?",PERSON,BBT,0,train
3_S01E06_054,"Yes, we are totally fucked.","Excuse me, Mr. Carver? Yeah, uh, people refer to me as The Carver, but no one actually calls me that. It's, uh, what people call a screen name. You know. I'm Kevin. Okay, Kevin, um, we're from Pied Piper, we spoke earlier. - Yeah, so you guys are fucked, huh? - No. No, we're not fucked.",ERLICH,SV,0,train
3_S01E03_359,Hey! That is not Cherry Garcia.,"What about, Dwarfism 2.0? Where's Dwarfism 1.0? Just in the world. Oh. That's prejudice. - That's hurtful. - I'm sorry. Small, come back now, you hear? Interesting.",GILFOYLE,SV,0,train
1_S10E05_079,"Okay. Well, for starters, there's nothing wrong with keeping our toothbrushes in the same holder.","When you live with someone, there's gonna be conflict. You just have to keep communicating. I'm open to that.",AMY,BBT,0,train
2_508,"Yes, the doctor's say if they remove it, he will die!","This one's from Joey, feels like a book, think itÕs a book. And itÕs a book! Oh its Dr. Suse. That book got me through some tough times There is a little child inside this man.",CHANDLER,FRIENDS,1,train
1_S09E06_168,"Uh, he's Indian. We've already got one of those.","What are you guys up to? We put Amy on a dating app, and we're seeing what's out there. Oh, fun! Let me see. Uh, no... no, uh, definitely not. What was wrong with that guy?",RAJ,BBT,1,train
1_S12E04_040,Tell us the truth. Did she get you pregnant?,"So, are you actually engaged to this woman you just met? Yeah.",PENNY,BBT,1,train
1_S11E06_410,"You were a terrible waitress, and we still asked you to get us a snack.",Can you get us a little snack? You sure you don't want your spy to do it? What are you talking about? You really don't trust me? You had to have Amy stop by? We trust you. Yeah.,HOWARD,BBT,1,train
1_S11E16_170,You're right. That's so much better.,"Ah, come on! Welcome to the next five to eight weeks of your life. Sheldon, I said I didn't want to play your game. Well, then don't think of it as a game. Think of it as a source of information about one of the lesser known campaigns of World War II.",BERNADETTE,BBT,1,train
1_11236,"Oh, you're hardly out of the woods, no. You still run the risk of infection, a blood clot, the possibility that an inattentive surgeon let a barn spider lay eggs in your nose.","Wow. I don't know which hurts worse-- my nose or my heart. Well, I'm done speaking to you. Don't be like that. You two need to talk this out. Yeah, 'cause you sound really funny. Sheldon, I'm sorry I didn't tell you about the surgery, but you were worried about nothing.",SHELDON,BBT,0,train
2_3,And I think my testicles may be in here too,"Do you guys have any exta ribbon? Oh yeah sure, what do you need? We got lace, satin, sateen, rafia, gingam , felt.",CHANDLER,FRIENDS,1,train
1_S12E02_385,"And if not, swing by the chocolate factory and see if they're hiring.","Look, it's only a spray tan. It'll fade in a couple days. Why don't you cancel the date and reschedule? Oh, but I was really looking forward to tonight. You know what? Then go. Tell her what happened. - Maybe she'll be flattered.",HOWARD,BBT,1,train
1_S12E06_412,That's what you said about the butterfly pavilion at the zoo.,"Sheldon, you sure you're ready for this? - This movie's pretty scary. - . Please I'm an adult. I think I can handle it.",LEONARD,BBT,1,train
2_39,"Oh hurry up, I want to sign that.","But that reminds me, sign this. What is it? Its nothing, just that you can't sue the city incase you scrap your knee or your know get your head blown off.",CHANDLER,FRIENDS,1,train
1_4603,Is it possible that she was going for your cheek and you moved and she accidentally got lip? That happens with me and my mom all the time.,"to bring us all with you to the year 7010 where we are transported to work at the thinkatorium by telepathically controlled flying dolphins? No, Penny kissed me.",HOWARD,BBT,0,train
2_413,Some guy bought it. I'm sorry. I tired to stop it but they put me in jail!,"Oh, that's uh, that's pretty nice but I'm gonna go with the one I picked first. Oh my God Chandler, the one you picked is gone. It's over! What?",PHOEBE,FRIENDS,0,train
2_587,"Oh yes Blanche, about a half hour ago. But now I have hidden her again so you can find her.",Have you found her?,DOROTHY,GOLDENGIRLS,1,train
1_6472,You'd think a winner could make a decent cup of cocoa.,"Then take away his keys and make him wander the streets with the other drunks. You remember Sheldon and Raj and Howard. Not really, no. It's funny, huh, Leonard? Back in school, I was the winner and you were the loser.
And now we're reversed. You're the winner.",SHELDON,BBT,1,train
1_S09E01_439,I don't know. Sounds pretty bad. Penny's back in her apartment all by herself.,What happened? They just got married. (sighs) I don't know. It's a mess. They had a huge fight in Vegas. Think they'll break up?,HOWARD,BBT,0,train
1_S09E03_135,You guys still aren't living together?,I just wish Leonard would work up the courage to tell Sheldon he's moving in here.,BERNADETTE,BBT,0,train
1_S12E01_297,for a successful day of ballbusting.,"Morning, sunshine. So I see you're making espresso. Yup. Just need that extra jolt",PENNY,BBT,1,train
1_S10E10_158,I would like to keep... the official flag of our apartment.,"Sheldon, you're-you're being a little selfish. Why don't you let Leonard keep a few things? It's not my fault I'm bad at sharing; I skipped kindergarten. You know what? There is one thing I would like. Yeah, take whatever you want.",LEONARD,BBT,0,train
1_5758,"Oh, I could so see you being the face of hemorrhoids.","It's like a waterfall of liquid gold. My turn. You know, I don't even know what the point of me staying in L.A. is. I haven't gotten a single acting job since I moved out here. The closest I came was last month, I got a callback for a hemorrhoid commercial.",AMY,BBT,1,train
2_259,"I wasn't by myself. I had a doctor, a nurse, and a helper guy. So, did you see who won the game?","Your mom called me. So is this her? No, this is a loaner. I'm sorry you had to do this by yourself.",PERSON1,FRIENDS,0,train
1_S09E20_127,I'm surprised he let us conceive without him.,"You feel like raj is getting a little carried away With all the baby stuff? I don't think so. He just wants to be part of the experience. All right, if you say so. What's in the box? Oh, it's an ultrasonic microphone So we can hear the baby's heartbeat. Oh. That's cool. Can we try it? Actually, raj ordered it. He made me promise to wait till he was here. So he can be... Part of the experience? Yeah.",HOWARD,BBT,1,train
2_154,"Okay, does this look like a garbage can to you?",Nobody respects the bucket! You wouldn't believe what people put in here! Look!,PHOEBE,FRIENDS,0,train
1_S10E06_091,Are you kidding? I once paid $20 for Theo Sassler's signature.,"What's all this? Oh, everything we need for your autograph session-- head shots, markers. Okay. Leonard, it's sweet you're excited about this, but it'll be a miracle if one person asks for my autograph.",LEONARD,BBT,0,train
2_193,"Yeah, a slice of cheesecake and-and a date if you're given'  'em out.","You gotta help me out here, you gotta set me up, you gotta get me back in the game. Well, that shouldn't be a problem. I mean I work in fashion and all I meet are eligible straight men. Pete, can I get you something else?",PERSON,FRIENDS,0,train
2_174,Oh! Satan's minions at work again?,And there's five hundred extra dollars in my account.,CHANDLER,FRIENDS,1,train
2_15,I'm sorry man there is never a good time to have to .. Stop catching on fire.,"When I had insurance I could get hit by a bus or catch on fire, it wouldn't matter. Now I got to be careful?",CHANDLER,FRIENDS,1,train
1_S11E06_391,How irresponsible do you all think I am?,"Hey, how you doing? What are you doing here? Oh, I just came by, you know, to see if you need any help. Howard and Bernadette asked you to check up on me. That is not entirely true. So did Leonard and... everybody.",PENNY,BBT,0,train
1_S09E18_357,Is there a switch on the back of his neck we don't know about?,"Hangon, What if Sheldon had no choice but to be respectful?",LEONARD,BBT,1,train
1_S09E03_120,We don't have any of those.,"According to this Mexican Customs Web site, visitors may not bring more than five laser discs, 20 compact discs or 12 VHS tapes.",RAJ,BBT,0,train
1_S09E07_135,When is your visa up?,"Look, I don't even think you can take this wall down 'cause it's load-bearing. Well, it's easy to find out, just go into the crawlspace under the house and check.",HOWARD,BBT,1,train
1_S11E01_446,"H-Hey, her eyes are up there.","Hello. Hey. Hey. Amy, welcome back. Oh, l-let me see the ring. Ooh, nice.",SHELDON,BBT,0,train
1_11609,"I've, uh, created some other user accounts so I can post positive comments about their paper.","Do you really want him to write back? Yeah, I do. No matter how he responds, I am going to destroy him with a picture of a bored cat saying, ""Oh, really?"" Me-wow.",RAJ,BBT,0,train
1_4792,"Obviously, we're no longer a Justice League. We have no choice but to switch to our Muppet Baby costumes.","I may have failed. Okay, I guess we just go without a Wonder Woman. I don't want to go without Penny. Oh, great. No Superman, no Wonder Woman? All we've got is a skinny Flash, an Indian Aquaman, a nearsighted Green Lantern, and a teeny, tiny Dark Knight.",SHELDON,BBT,0,train
1_4949,"Certainly. I'd like to raise two points. Number one, I think they <i>are</i> talking about penises. And number two, these mimosas are kicking my little brown ass.","Who could get <i>all</i> the giant missiles she wants. Are we talking about women wanting penises? Because I'd like to weigh in. Dr. Koothrappali, would you care to join the conversation?",RAJ,BBT,0,train
1_S12E23_209,So not Mr. and Mrs. Wackadoodle?,"Hey, fellas. Can you do me a favor? Do we have a choice? Ha-ha! No. Sheldon and Amy are now officially superstars, and the press will be reaching out to their family and friends for comment. So that we're all on the same page, the word we're gonna use to describe them is ""quirky."" And not quirky. More like quirky.",HOWARD,BBT,1,train
1_S11E10_143,Stop apologizing!,"I'm so sorry the interview didn't go well. Yeah, you would've been perfect for it. Oh, I just get so nervous, and then I start apologizing for being nervous, and... You guys don't want to hear about this. I'm sorry.",PENNY,BBT,0,train
1_S12E18_303,No. (chuckles) It's great. I just don't want anyone to ever see it or read it or know it exists.,"- Hey, got a minute? Sure. What's up? Uh, Bernadette said you weren't crazy about the book.",HOWARD,BBT,1,train
1_11046,"Wow, he really went where no man has gone before.","Red Zinger with one teaspoon of honey. Thank you.
Neat<i> Star Trek</i> mug. I actually have one of the phasers from the original TV show. Oh, cool.
How'd you get that? Oh, easy, Gene Roddenberry needed a vasectomy. Wait a minute.
You've snipped Gene Roddenberry's vas deferens? Yes.",HOWARD,BBT,0,train
3_S01E04_356,"is a perfect example of you having no vision, no balls and no game. Maybe he did blow him. Well, love and hate. It's all passion.","It's right here. Goddammit. - I've seen the video. - It's the wrong album, just give me a sec... You know what? Fuck it! You offering me a position on this board and reneging it",GILFOYLE,SV,0,train
1_6648,You mean for a person whose neck massages feel like an eagle is trying to carry you to its nest?,"This is amazing.
How did you even get this idea? I called your dad.
I asked him what things you liked to do when you were a kid. This seemed easier than getting a cow out here so you could tip it. Okay, you're kind of really great.",LEONARD,BBT,1,train
1_10810,I'll give you a plan right now. Step one: open comic book store. Step two: start rumor this comic book store gives you genital warts.,"For starters, they shed and bite. Hey, here's a thought.
Why don't we put up the rest of the money that Stuart needs? So, we'd be, like, owners of a comic book store? It's kind of a dream come true. That does sound fun. Ooh, maybe we could come up with a business plan to compete with this place.",SHELDON,BBT,0,train
1_S12E17_124,"What do you call that, Bishops Be Crazy?","So, Leonard, what are you gonna do while Penny's away? I don't know. Maybe watch a movie with subtitles. If you're looking for something outside the norm, I have invented a new chess variant where the bishops can also move like knights.",RAJ,BBT,1,train
2_317,"Ah, oh, hang on a second. Come in, come in. All right, so think about it, and call me back.","It has umm, three beautiful bedrooms and ah, no baths. But y'know, the ocean is right there. Knock, knock, knock.",PERSON,FRIENDS,0,train
2_536,What a baby.,"I mean, you two are-are my… I mean, I'm lucky to have just one good Thanks man. I gotta go check something over here.",CHANDLER,FRIENDS,0,train
2_611,Just tell me how.,"Why?!! Uh well umm .. we're just not in that place, y'know? But we're very excited about this. Oh. Well then shut me up.",RACHEL,FRIENDS,1,train
2_454,"Ross umm, there's something that I've got to tell you, there's-there's someone else.","It was dreadful. I felt terrible about how I acted when you said those wonderful things. No, no, that-that, that's all right. Umm, I'm just glad you called.",PERSON,FRIENDS,0,train
1_S09E05_291,I've been told it's a good way to move on.,"I asked two women out today, and they both said no. I didn't know you were interested in dating.",SHELDON,BBT,0,train
1_1803,"- Maybe I heard you wrong. A lot of words sound like ""yoga.""","Leonard. Come, join us. Hey, Dave.
And Penny, what a surprise. Dave was just showing me around the university. This place is unbelievable! I know, I've been offering to show you around for a year and a half. You always said you had yoga.",LEONARD,BBT,1,train
1_7395,"Well, if that's all it takes, it's a good thing you don't have a dog.","You slept with him? I didn't know what else to do.
He had those big, sad eyes. Oh, sure, you had no choice. He looked at me like this.",AMY,BBT,1,train
1_S12E09_090,You mean the last two minutes or the last 20 years?,Why not? You don't think other women find him attractive? (laughing): No. I suppose you're wondering why I put you through all this.,LEONARD,BBT,1,train
1_S10E03_282,Sorry! Sorry!,"I don't care what color the room is. Okay, well, I'm just trying to help you. Well, you're not, so just drop it! I'm clearly upset. Why aren't you following me?",RAJ,BBT,0,train
2_356,Yeah.,"I mean, your Dad tells me that you get a couple of days off school, and you, you ah, don't have to sell those cookies anymore. Well, I kinda wanted to sell the cookies. The girl who sells the most wins a trip to Spacecamp, and gets to sit in a Wow, you ah, you really like all this space stuff, huh?",PERSON,FRIENDS,0,train
1_S12E22_066,"Apparently, a guy who wants to have his feelings hurt.","How come we never eat in the dining room? Oh, that's for company. What am I?",HOWARD,BBT,1,train
2_447,It was an accident. Not like I was across the street with a telescope and a box of donuts.,Still upset because I saw her boobies. Well what? What were you doing seeing her boobies?,CHANDLER,FRIENDS,1,train
1_507,"Well, there's always the possibility that a trash can spontaneously formed around the letter but Occam's rasor would suggest that someone threw it out.","I promised my mother. I suppose you could have your android penis circumcised. But that's something your rabbi would have to discuss with the manufacturer. Not to mention you'd have to power down on saturdays. Sheldon, why is this letter in the trash?",SHELDON,BBT,1,train
3_S02E10_133,"Sorry, I couldn't remember your mother's name.","Hey, Gilfoyle, we're up to 50,000 views. Whoa, it is, like, 500 degrees in here. Yeah. Anton is really starting to sweat. Yeah, I still can't believe you gave the servers a man's name.",GILFOYLE,SV,1,train
1_1987,"When I didn't pay my bill, the Department of Water and Power thought I would enjoy the ambience.","Hey. Hey. A little mood lighting, huh?",PENNY,BBT,1,train
1_8827,How do you not tear off his clothes and take him right here on this table?,"Awkward silence. Sheldon on his phone.
No touching. Somebody's having date night. It's actually steamier than it looks.
Sheldon's looking up the phallic symbolism of root vegetables in Renaissance paintings. Oh, no, I got bored with that.
I'm just browsing cuticle scissors on Amazon.",PENNY,BBT,1,train
1_S10E13_135,"Oh, no. Good game.","If you do that, I'll win in eight moves. I'll win in five moves. I'll win in one move.",LEONARD,BBT,1,train
2_176,I'm the ruptured spleen.,"Yeah, come on, eat, whatever you want. Dr. Roger got beeped again. Yeah I know, guess who beeped him? What?!",CHANDLER,FRIENDS,0,train
1_S09E01_368,"Wow! Well, marriage must agree with you. Well, you are just glowing.","I asked you over and over if you were okay. Why would you go through with the wedding if you weren't? I thought I was okay, but it turns out I'm not. Okay, listen, I may not have been entirely faithful, but you, you are not easy to lift!",SHELDON,BBT,1,train
2_506,"Oh my God!! Ohh, that is it! I'm leaving! You are just a horrible person!","Oh, I must've said that after you left. Said what? Exactly. That you enjoyed the occasional drink .. ing binge.",RACHEL,FRIENDS,0,train
2_312,Sarcasm? At a sarcasmoholics meeting?,Alright! Definitely!,MEMBER-GIRL,SARCASMOHOLICS,1,train
2_84,"If that doesn't keep kids in school, what will?","Two week straight and she hasn't smoked since. So how did you guys meet? Oh I was in Mrs. Knight's oh I mean Alice, I was in her Home ED class. And he was my best student. Yes she was my best teacher.",CHANDLER,FRIENDS,1,train
3_S01E05_520,"Take your time. There's no rush, Dinesh.",Another one down. Did you really? You still working on that last one?,GILFOYLE,SV,1,train
1_S09E05_258,What can it hurt?,"- Barry Kripke just asked me out. - (GASPS) Oh! Look at you, two guys in one day. I told you things would change if you plucked your eyebrows. What did he say? ""Hi, how are you? I was wondering if you'd like to get a drink after work sometime."" Well, what are you gonna do? I don't know. I guess I assumed that I would eventually date other people, but this is happening so fast.",BERNADETTE,BBT,0,train
2_289,"Nooo! No, that's not true. No, best time ever! Yeah, you rocked my world!",Do you know what just happened? Yeah. We-we had sex and then we fell asleep. No. We were in the middle of sex .. and,MONICA,FRIENDS,1,train
1_S11E04_273,"Thanks for trying, but you're not gonna be able to cheer me up.","Reason number 13 to feel good: as a launch, it was bad, but as an explosion, it was glorious. Reason 14: you still have all your fingers, and boys prefer a dad with fingers.",HOWARD,BBT,0,train
2_343,"So to sum up, I'm Professor Geller.","Whoa Let me start by uh, by introducing myself, I am Professor Geller.",ROSS,FRIENDS,0,train
2_227,You sure he is going to be able to crack that code?,"Well, despite the yummy bagels and palpable tension, I have got pants that need to be altered.",CHANDLER,FRIENDS,1,train
1_6427,Hmm. That's too bad. We could have spent New Year's Eve waiting for the ball to drop.,"Oh, oh, oh. Was he the one who made you eat your arm hair? No, but, actually, that was this guy's sister. All right, well, what do you think he wants? I don't know. You know, the holidays are just around the corner. Maybe he wants to see if he can lodge the other testicle up there. I told you. That was a different guy.",PENNY,BBT,1,train
1_S12E02_466,Do your 63 other crayon friends know you're out?,"Oh. Oh, my God. Yeah. I wanted to look my best for our date, and I made a series of bad decisions... ...one of which is hidden by my pants. Wow. (laughs) Do you still want to go out with me? Absolutely. Hey, maybe we can go find Nemo together. That's a good one.",OTHER,BBT,1,train
1_11723,"Not much, but he seemed to be in a pretty good place.","Oh... then I choose a janitor.
'Cause I'm about to throw up. I'm in love.
Let's do something else. Ooh, uh, Emily gets off work soon.
Why don't the four of us go out? Okay. Sounds good. Should we call Howard and Bernadette? I don't know what time their plane gets in, but let me, let me shoot them a text. Did he say anything about the funeral?",RAJ,BBT,0,train
2_371,I-I'm really sorry. It's just that I,"Hi umm, listen come here, come in. I'm so-so sorry about yesterday.",ROSS,FRIENDS,0,train
1_S10E03_177,"Gentlemen, I am ready to work. To quote The Martian, ""Let's science the feces out of this!"" That's The Martian the book and The Martian the movie, not Marvin the Martian.","Why is it taking him so long to get a drink out of a vending machine? Oh, it's complicated. He finds pushing that little door and reaching up into the machine uncomfortably intimate. (door opens)",SHELDON,BBT,0,train
1_S09E02_392,"Oh. Oh, my God, that is the most beautiful thing anyone's ever said to me. Yeah?","I've loved you since the moment we met, and I will keep loving you until the end of time.",PENNY,BBT,0,train
2_177,I can show you an ID if you want?,Um-hmm. Oh wait! This is Bonnie. Hi! This is Bonnie?  This is Bonnie?  You're Bonnie?,PERSON,FRIENDS,1,train
3_S06E01_317,He's our most profitable developer by far.,"So, how do we get rid of this fucker? Look, Richard, I don't like this any more than you do, but we can't get rid of Colin.",OTHER,SV,0,train
2_438,Really? Struck down in the prime of life.,"Chandler, I think I am sick",CHANDLER,FRIENDS,1,train
2_502,I'm worried about whether Michael Jackson will be able to buy the remains of the elephant man.,Still worried about the money you owe the government?,DOROTHY,GOLDENGIRLS,1,train
2_429,"I really, really enjoyed it. Very exotic.","Ha-ha, it's not my baby, ha-ha-ha! Very good,  so good.",PHOEBE,FRIENDS,1,train
1_S10E10_376,"Well, for me, too. It's not the same with you gone.","I have to admit, leaving you to move in with Amy has been harder than I thought it would be.",LEONARD,BBT,0,train
2_609,I just called a friend of mine.,"I know. I know. I panicked, I panicked. I didn't want him to start yelling at me like I was some '74 Latour. It's Lafite. The '74 Latour is actually drinking quite nicely. All right here he comes. I'm gonna do this, I'm gonna tell him, I'm gonna be strong.",PERSON,FRIENDS,0,train
1_S11E03_169,"Me, either. What a small world.","Oh, you were born in Trivandrum. Have you ever been to the Kuthira Malika Palace? No, I haven't.",RAJ,BBT,0,train
2_514,What's going on?!  That's what's going on!!,"Okay, okay look, I know I'm being Mr. Inappropriate today, but it's just so tough, I mean see you walking around and I just wanna touch you and hold you, come on no one's around, just, just kiss me. All right that's, that's it!! Get off her! What is going on?",ROSS,FRIENDS,0,train
1_S12E10_195,Why is it all in the living room?,"What's all this? Your magic tricks from the garage. Your wands, your top hat with the stuffed mouse inside. I never had a stuffed mouse. Okay, do not wear this hat.",HOWARD,BBT,0,train
1_S10E14_032,"So, normal. Yeah--","Hey. Hey, boys. How's it going? Well, I thought we were having a nice conversation, but it turns out, i was being offensive.",BERNADETTE,BBT,1,train
1_S12E23_488,I stand by my statement.,- You pick up your dresses? AMY: Yep. The tailor had to take mine in and let Penny's out. Best day of my life. What about the day you met me?,AMY,BBT,1,train
1_S12E23_470,"This might be the glue talking, but that was a very pleasurable 139 and a half hours.","Hydrogen. Carbon. Carbon. And last but not least, carbon.",LEONARD,BBT,1,train
2_550,All right I'll have one.,"I will have one. Okay, I'm not gonna have one. No, no, it's just my tooth.",CHANDLER,FRIENDS,1,train
3_S01E01_568,To his beneficence.,"I'd like for this company to just be different than Hooli and Goolybib and all the rest, you know? Like, let's like not turn this into a corporate cult with bike meetings and voluntary retreats that are actually mandatory. And claiming to make the world a better place all the time. Let's, uh... Let's just think different. Uh, don't think different. That's Apple. Let's just... Let's just do it. - That's Nike, man. - I know that's Nike. - Yeah. - Uh... Fuck it. I don't know. Let's just make it... Let's make it happen. Yeah, agreed.",GILFOYLE,SV,0,train
1_S09E04_207,"But I met with 11 people, and they all walked out.","I'm not gonna be your roommate, Sheldon.",SHELDON,BBT,0,train
1_S09E07_054,And I'm laughing like I did the first time I heard it.,"Hello, Amy. It's Sheldon. Yeah, I know that we're broken up but I'm leaving this message because I thought perhaps you'd like to watch me be interviewed for a documentary about Mr. Spock. Or as I like to call it, a Spockumentary. (LAUGHS) Yeah, I'm going to use that joke in the interview, so try to laugh like you're hearing it for the first time. You know, hysterically. And with a tinge of sadness that I'm no longer in your life. I'm the one who thought of Spockumentary.",PENNY,BBT,1,train
1_S10E08_131,The last green thing I saw you eat was a Skittle.,"Huh, they screwed up and gave us steamed broccoli. Oh, no, that's mine. Really?",LEONARD,BBT,1,train
1_S11E20_143,"Oh, just about who you're marrying.","Okay, now, I promised Sheldon things weren't gonna get too crazy tonight. Should I be worried?",PENNY,BBT,1,train
3_S01E02_004,Hey. Sorry if I scared you. I know I have somewhat ghost-like features.,"Holy shit. What the fuck is that? Uh, that is Jared Dunn. He works for Gavin Belson.",OTHER,SV,0,train
2_236,"Gee, if only she were one and had no idea what a birthday was.","You can't go away this weekend, its Emma's birthday, we are having a party. Well can't you just have the party when we get back? No, it won't be her real birthday.",CHANDLER,FRIENDS,1,train
1_5679,"I'd like to respond to that sarcastically: Yes, I relish the thought of a stranger covering my body with oil and rubbing it.",the organism responsible for Michelob Lite. Is there something wrong with your neck? It's a little stiff. What a remarkably fragile structure to support such a valuable payload. Not unlike balancing a Faberge egg on a Pixie Stick. Have you considered massage?,SHELDON,BBT,1,train
1_S12E06_027,All the time? I only remember being invited to one.,"Oh, that would be fun. You know, I used to throw Halloween parties all the time when I moved into the building.",LEONARD,BBT,0,train
1_S09E04_230,"Well, it's Thai food night.","So, what are you thinking for dinner?",LEONARD,BBT,0,train
1_S12E23_576,Welcome to my life.,"""Your majesties, members of the Nobel Academy-- ""when I was a young boy growing up in East Texas ""I always knew I'd wind up on this stage, ""and everybody who said I wouldn't looks ""pretty darn foolish right now. I'm talking about you, high school science teacher Mr. Hubert Givens..."" Sheldon, Sheldon. Why are you talking so fast? I'm trying to get my speech down to 90 minutes. Nobody's gonna be able to understand a word you're saying.",SHELDON,BBT,1,train
1_S10E10_269,"Oh, yeah, I read about that on WhoGivesACrap.com","Hey, what's up? I'm here to put the crib together. Ooh, sorry, I already did it. Oh, I don't know if you realize this, but I bought that crib.",STUART,BBT,1,train
1_7341,I am talking to a man in space. If you don't have the (walkie-talkie static) then he might as well be at the Coffee Bean over on Lake Street.,"You know, joking, kidding around, hurting feelings. Okay, my turn. 
Let me talk to him. Go ahead. 2311 North Los Robles Avenue, Pasadena, California to International Space Station.
Can you read me? Over. (imitates walkie-talkie static) Yes, I read you, Sheldon. Copy that. Over. (imitates walkie-talkie static) What are you doing?",SHELDON,BBT,0,train
1_S09E11_045,"Oh, that's nice. Put that on her cake.",You guys just got back together. You might not want to ditch her on her birthday. I think Penny has a point. You can see it another day. But someone might spoil the movie. No one can spoil Amy's birthday for me. Surprise! She's even older. Who saw that coming?,PENNY,BBT,1,train
1_S11E07_112,It doesn't even matter how many all-rounders you have.,"So what do you think of our chances at the World Cup? Ah, World Cup. You know, it'll all depend if Kohli's batting in form. I know.",OTHER,BBT,0,train
1_S11E04_162,It's more of a tradition.,"Oh. I should've brought peanuts. You can't eat peanuts. You're allergic. If you die, who's going to drive me home? I'm not gonna eat them. It's a thing they do at JPL. When the Ranger mission finally had a successful launch, there were peanuts in the room. Ever since then, they have them at every launch. That sounds like a silly superstition.",HOWARD,BBT,0,train
1_S09E03_056,It runs on syphilis?,"It's bad enough I'm being taken against my will. I don't see why it has to be in some hippie's mobile sex dungeon. Well, Sheldon, there's something about this van that you're going to find very interesting.",SHELDON,BBT,1,train
1_S09E04_288,You really should've gone on the Internet and checked how long that kind of thing lives,"Hey, if you're open to living with someone great, I'll give you $1,000 to take Stuart.",AMY,BBT,1,train
2_365,"Nope. Op, wait! There he goes.","And you can see me! Same as yesterday, same as the day before. Is he doing his shark attack bit yet?",JOEY,FRIENDS,0,train
1_5571,"Yes, I'd like a seven-day course of penicillin, some, uh, syrup of ipecac-- to induce vomiting-- and a mint.","The backwash into this glass is every pathogen that calls your mouth home, sweet home. Not to mention the visitors who arrive on the dancing tongue of your subtropical girlfriend. Hey! That's my sister and my country you're talking about. Leonard may have defiled one, but I won't have you talking smack about the other. You guys ready to order?",SHELDON,BBT,1,train
1_S11E07_271,No! Get out of here!,"This place seems nice. Uh, but not too nice. Yelp called it ""good for groups."" Would you care to buy the lady a...?",RAJ,BBT,0,train
2_38,It's not a real game! I made it up!,"And now you want that money back. Exactly. Chandler, what kind of an idiot do you take me for?",CHANDLER,FRIENDS,0,train
3_S02E02_081,But the fact that you're so sorry makes it all better.,"Things are just really different at Raviga, and I had nothing to do with the decision. Guys, I'm so, so sorry. Wait, so the company that offered us the most until Richard talked them into offering us the least is now offering us nothing?",GILFOYLE,SV,1,train
2_419,Uh-huh!,"Look, Pheebs, I just, I wanna apologize for, for saying that your method was stupid and-and maybe ask you to be my teacher again. And-and I promise, I won't touch a guitar until you say I'm ready. You really think I'm ready?",PHOEBE,FRIENDS,0,train
2_595,I'd miss you if I broke up with you. Just trying to be supportive.,"So Rachel called, wants to see me. Going over in a minute. Wow, what do you think she wants? Well, maybe the crazy fog has lifted and she realizes that life without me a sucks. Its possible, you are very lovable.",CHANDLER,FRIENDS,0,train
1_1931,Why don't you just lie down on the floor and swim there?,Where are we going? You're driving me to the mall. I'm going to acquire a book that summarizes the current theories in the field of friend-making.,LEONARD,BBT,1,train
1_5964,Smart. Whisper so the deaf chick can't hear you.,"Wow. You're engaged to my friend. Hey, Bernadette doesn't mind where I get my motor running, as long as I park in the right garage. I can't believe you're engaged to my friend.",HOWARD,BBT,1,train
1_3204,Right. That was so good! Sweety and meaty at the same time.,"Anything? No. that was the last pudding cup. No! What about slim jims Thats what he used to eat his pudding, remember?",RAJ,BBT,0,train
2_583,And the bunny got away!,Look out! You almost crushed my hat Sorry,CHANDLER,FRIENDS,1,train
2_352,"No Rose, it stands alone.","What are you seeing? Nightmare on Elm Street 4 Do you have to see 1, 2 and 3 to appreciate it?",DOROTHY,GOLDENGIRLS,1,train
2_11,His cappucino maker.,The only thing we have in common is under the sheets Whats under the sheets?,DOROTHY,GOLDENGIRLS,1,train
1_1466,"Maybe when I publish it, I'll include an inhaler.","Excuse me, Dr. Cooper. I'm Kathy O'Brien. I just finished reading your paper reconciling the black hole information paradox with your theory of string-network condensates, and it just took my breath away.",SHELDON,BBT,1,train
2_439,"Twenty-one hours, you're a hero.",Y'know what I think it is? I think you've made such a nice home for her over the last nine months that she just doesn't want to leave. Oh. Look at you making up crap for me. Oh God!,PERSON,FRIENDS,0,train
1_10495,"And if it turns out you don't... - you and I could live together. - You and... Oh, sure.","Ugh! It's like walking into the Amazon.
And not the good Amazon with one-day shipping.
The awful one with birds and snakes. You hate the sound of all those keys on his key chain. Four keys!
Who does he think he is, a warden? See? Maybe you'll love living alone. I don't know. Perhaps.",AMY,BBT,1,train
2_540,Okay?,"I don't know. But hey, I know we can decide. Okay, I'm gonna ask you questions and you answer real quick.",JOEY,FRIENDS,0,train
1_6769,"Hope your hands are steady. It's the width of a single hair. But this is just biology, so I'm sure it's no problem for a genius like you.","All right. I'm no stranger to a little gray matter. Locus coeruleus. Locus coeruleus. You're getting warmer-- it is, indeed, in the brain.",AMY,BBT,1,train
2_493,Did you tell her about the magical night that starts with the flush of every toilet?,"So Ross, how was the date the other night?",CHANDLER,FRIENDS,1,train
1_S09E16_101,"Relax, there's room for two babies in this group.","I'm, uh... (chuckles) uh, gonna be a father. That's so amazing. What? Congratulations. Oh, no. Why ""oh, no""? Because this changes everything. What about comic book night? Uh, what about playing games together? What about our trips to Disneyland? How can we do those things with a child around?",LEONARD,BBT,1,train
1_S10E07_247,"Uh, she's enjoyed living with you. It's called being in love.","What is going on? Fine, I told Sheldon that her apartment's been finished, but then you just said it's not, so now I'm all confused. Penny was just covering for me. My place has been ready for two weeks. How could you lie to me?",PENNY,BBT,0,train
2_487,"And Hornswoggle? What? Are you dating a character from ""Fraggle Rock""? Ahh.","I can't take it any more! So you win, okay? Pheebs? Flying a jet? Better make it a spaceship so that you can get back to your home planet! And Ross, phone call for you today. Tom Jones, he wants his pants back!",CHANDLER,FRIENDS,1,train
1_S10E02_123,"Oh, my God, it was me, it was me! I'm the one who blabbed she was pregnant!","How did you think you were gonna hide your pregnancy? I had a plan-- I kept leaving Dove Bar wrappers around to explain any weight gain. Where did you get empty Dove Bar wrappers? From all the Dove Bars I ate! I'm pregnant! Try to keep up! I'm sorry. I-I have to go find out if my boss knows. Well, whatever happens, we're here for you. Thanks. You guys are the best. Yeah, drive safe. We love you. And give us a call...",PENNY,BBT,0,train
1_S11E05_448,"In the book this is based on, that man's the killer.","This is great, the two of us hanging out. Why didn't we think of this earlier? Agreed. I don't need Amy to watch a movie. I can not hold your hand just as easily. (music begins playing over TV)",SHELDON,BBT,0,train
3_S01E03_021,Like Jesus over Satan.,"Why would he announce it so far ahead of the actual rollout? No one does that. He's got to be doing it just to fuck with us, right? I actually think we're okay. The player I gave them was from a retired repository that was audio only. Video compression is a completely different paradigm. What they have is like Pied Piper, but not as good. - People will see that. - Not if they get to market before us. Inferior products win out all the time.",GILFOYLE,SV,0,train
1_S09E18_033,Oh. Is the impression that your first name is Pee-Wee?,"Okay, I gotta ask-- why are you wearing a bow tie? I've never applied for a patent before. I wanted to make a good impression.",HOWARD,BBT,1,train
1_S10E04_007,"Oh, so nothing. Great.","There was water everywhere. It was such a mess. That stinks. How long are you out of the apartment? About five weeks. Ugh! Did you lose anything valuable? Well, the pipe was over my closet, so all my clothes are gone.",PENNY,BBT,1,train
1_S11E21_201,"I'll go to dinner, and you can stay home with the Internet and have romance.",We can have date night another night. But you got all dressed up. We were supposed to have dinner and romance. We'll just have to divide and conquer.,BERNADETTE,BBT,1,train
2_573,"Oh I see, I thought you just really really liked your new couch.","Look I drew a sketch of how we are gonna do it ok? Rach, that's you, that's the couch What's that? Oh, that's me. Wow! Certainly think a lot of yourself. No, that's my arm.",CHANDLER,FRIENDS,1,train
1_S11E22_205,No. I'm just sitting here at my desk typing on my computer for nothing.,"Hello, Leonard. Hi. Are you doing anything?",LEONARD,BBT,1,train
1_S10E09_258,What is going on? Did you upgrade his software last night?,"Well, it's a new day. I have a new outlook. You know, I realized I don't need to worry about other people. I just need to think more about myself. Oh, how will we ever get used to the new you? Well, I'm glad to see you moving forward. Bert did quality research. And he deserves whatever accolades he receives.",HOWARD,BBT,1,train
1_S10E04_057,Don't try luring me in with sexy talk.,"Sheldon, I understand your apprehension, but let me appeal to the scientist in you. Given the five-week end date, isn't it the perfect opportunity to consider this an experiment and collect data on our compatibility?",SHELDON,BBT,0,train
1_S09E04_351,I still love it. I just think there's room for improvement.,"Where's this coming from? A few hours ago, we both loved this song.",RAJ,BBT,0,train
2_437,"Oh yeah. First off all, chasing the Churo guy isn't jogging.","Oh, y'know the same thing happened to me one time. When did that happen to you?! Don't you remember when we were jogging in the park and we saw that really pretty bird and wanted to take a picture,I didn't have my camera!",CHANDLER,FRIENDS,0,train
2_423,Like I have nothing better to do!,"Richard! Actually, I'm not here to complement the chef. Ohh ..  Oh, that's okay I hate when people come back to complement the chef.",MONICA,FRIENDS,1,train
2_28,"Carol called me to thank me for the lasagna, I asked, she told me.","I mean, I couldn't not know, I mean, if, if the doctor knows, and Carol knows, and Susan knows.... And Monica knows… Wha, heh, how could you know, I don't even know!",MONICA,FRIENDS,0,train
1_S12E02_006,"I told you, I'm not okay with it.","But I think, by the end of the honeymoon, we really started to feel like a married couple. But the good kind, like on TV, not like my parents. - Yeah. You're not a real married couple until you can pee with the door open and she's okay with it.",BERNADETTE,BBT,0,train
1_S12E14_125,"including the rare ""DayQuilt"" misprint from 1996.","- You okay? - Yeah. Great, 'cause you just bought that whole row of Batmans. Sorry, I... (sneezes) And now you bought Aquaman. Good choice. If you want cold medicine, Stuart has the entire run of DayQuils,",OTHER,BBT,1,train
1_S11E03_006,I thought we agreed on June 15.,"Hmm, some news of our wedding, I have sent you all a ""save the date"" e-mail. Oh, exciting. You guys picked a date? Better. I picked 80 dates. And I need you to save them all until we narrow it down.",AMY,BBT,0,train
2_626,"Cause all I ever get to do now is pregnant stuff, it just bums me out.","All right, y'know what, we've been talking about London too much haven't we? I'm sorry. It's just 'cause I couldn't be there.",PHOEBE,FRIENDS,0,train
2_178,"This is so good, that I am gonna enjoy it in the balcony. I can enjoy my view, whilst I enjoy my desert.",Mmm Mmm,CHANDLER,FRIENDS,1,train
1_7593,"Amy, I can't just ask Wil Wheaton to leave. He's a minor celebrity. Once you explain who he is, many people recognize him.","What do you think? Can I speak to you for a second? I'll be right back. Feel free to play with yourself. I don't care for your friend, he's being rude to me. You need to ask him to leave.",SHELDON,BBT,0,train
2_541,Oh yeah right. And what would my opening line be? Excuse me,Go over to her. She's not with anyone.,CHANDLER,FRIENDS,1,train
1_S10E01_381,They're practicing for what's coming later.,Why do people cry at weddings?,OTHER,BBT,1,train
1_S09E23_017,"I thought to myself, ""Venn is he gonna stop talking about this diagram?""","that's a Venn Diagram, and I remember because",PENNY,BBT,1,train
2_318,Was it not pain-free?,Did that! Grasp one of the linen strips by its  'easy grab tab' and pull it off in one quick pain free motion. Okay.  Ow!!!!! Ow-oh-oh!,PHOEBE,FRIENDS,1,train
2_448,Do you still wanna call  'em? I wanna call  'em.,Yeah! You gotta tell a girl before you tape her. Such a rookie mistake. Y'know who has a great video camera? Greg and Jenny?,MONICA,FRIENDS,0,train
2_485,You got off to a really good start with the group.,"It was being sarcastic, alright I see I see I didn't realise the sarcasm was going to be so full on. I ll just stand back and start again Oh, we wouldn't bother.",MEMBER-BOY,SARCASMOHOLICS,1,train
1_9972,"Ooh, I'm gonna check the fridge, and see if there are any clues inside a beer.","So, what happens next? I can't tell you that.
But perhaps the killer dropped a fun and imaginative clue somewhere in the apartment.",PENNY,BBT,1,train
2_400,"Anyway, I should go, one of the lifeguards was just about to dismantle a nuclear device.","I know, it is isn't it? No, I mean it, this feels really good. Is it a hundred percent cotton? Yeah! And I got it on sale, too.",CHANDLER,FRIENDS,0,train
2_549,Really?,Honey the Miami vice sound track?,MONICA,FRIENDS,0,train
2_342,"In what Blanche, dog years?","Was there ever any doubt? Momentarily. This is strictly off the record, but Dirk's nearly five years younger that I.",DOROTHY,GOLDENGIRLS,1,train
2_390,"No, I am depressed becaues Phillis George left the morning news.",Are you depressed about Glen?,DOROTHY,GOLDENGIRLS,1,train
1_S11E11_077,I don't know.,"Mm, I'm in. (gasps) Me, too. It'll be nice to see the parts I missed while I was blinking. Hey, guys, there's a change of plans. We are having a party for Halley's birthday after all. Turns out Bernadette and ""anyone who's not a heartless monster"" thinks that's the right thing to do. I don't like kids, but I do like birthday cake. Oh, wait, will there be sugary icing flowers on it?",HOWARD,BBT,0,train
2_504,"All right, okay, well, apparently not!","So you like the drums! That's, that's great! Y'know, I was worried, that, you know, they would maybe an unbearable living situation.",PHOEBE,FRIENDS,1,train
1_12202,"No need to. As soon as she flies into California airspace, I'll feel a disturbance in the Force.","Leonard, what time does your mom's plane get in? I don't know-- some time tomorrow morning. Don't you want to know for sure?",LEONARD,BBT,1,train
3_S05E05_119,I'm worried about robots.,"So, we're just giving a random company a bunch of free compute power on our network? It's some company called Eklow, and apparently, they're a bigger deal than we are. As in Eklow Labs? The AI company? Yeah, I guess. And you said yes? I didn't really have a choice! Besides, I'm the only one who has the security privileges necessary to add or delete developers. Okay? So I'm the one that has to go over there and do all the work. I'm not worried about work.",GILFOYLE,SV,0,train
1_S12E23_600,(quietly): I told you these tickets weren't free.,"All right, bagels down. Before we head to the airport, I'd like to go over a few things. (others groaning) From the moment we step off the plane, each and every one of you is an ambassador for Amy and myself.",HOWARD,BBT,1,train
3_S01E03_249,"We might as well have interns, we hire illegal aliens.",- Where's ERLICH? - He's outside with the intern. - What intern? - You got interns?,DINESH,SV,1,train
1_S10E06_062,I felt a kick. There's a baby in there.,That's a kick. That's an actual kick. (panting) What are you doing?,HOWARD,BBT,0,train
1_S10E04_277,I was disappointed to see the man I was engaged to pulling rainbow scarves out of his fly.,"This is ridiculous. The doctor knows what the baby is, the ultrasound tech knows, Raj knows, his Grey's Anatomy online fan group probably knows. Is it weird we don't? I don't know. Maybe the surprise will make it more fun. Like magic tricks. Remember how disappointed you were when I explained the never-ending hanky?",BERNADETTE,BBT,0,train
1_S12E15_351,"Well, I took a nap next to Hot Dog on a Stick. What do you think?","Hey. That was a long run. Yeah. Well, I was in the zone. You know, and then in a diner and then in a massage chair at the mall where I fell asleep. Are you avoiding me?",PENNY,BBT,1,train
2_245,"Well ah, I've been doing a lot of thinking, and I look at my life","Ooh, nice. So ah, there was this thing I wanted to talk to you about. Oh, right! I completely forgot about that.",PERSON,FRIENDS,0,train
2_279,Sounds like she has got the whole package!,"How was your date with Ginger. Great. It was great. She is , uh, she is great, great looking, great personality, she is greatness",MONICA,FRIENDS,1,train
2_530,"Uh, I'm gonna kill myself!",I've been talking to you for five minutes now about killing myself and no one's even looked up from their desk. Hang-hang on. Hey everybody!,PERSON,FRIENDS,0,train
1_S09E07_285,"Fine, I'll leave. But it sounds like somebody needs a fresh diaper.","so in a way, Howard's not only like your father but he's also like the child that you're afraid to have. Why are you still here?",RAJ,BBT,1,train
1_1484,The big deal is that nobody touches food on my plate.,"Who touched my… Penny! Penny did it. Why would you do that? I don't know. I was hungry?
What's the big deal?",SHELDON,BBT,0,train
2_608,"You are right, by saying nice, I am virtually licking her.","Did I go to this school? Hey, there's Missy Goldberg. You gotta remember her. Sure, nice. Dude. You're married to my sister.",CHANDLER,FRIENDS,1,train
2_12,I studied for a year in Barcelona.,"It's from France .. In Europe .. Western Europe. Y'know umm, a few years ago I actually was backpacking across Western Europe. Really? Uh-hmm,Wait! It gets better. Um, yeah I was in Barcelona.",PERSON,FRIENDS,0,train
2_407,Hey!,"Well, Joshua's coming in tomorrow and since I don't have the guts to ask him out, I'm going to sell him a coat and put this note in the pocket. Oh yeah? Joshua, give me a call sometime, guys like you never go out of style.",JOEY,FRIENDS,0,train
1_S12E03_263,"No. No. No, no. No, no, no, no, no, no, no, no.","Hey, Leonard, remember yesterday when we were talking about having kids someday? Yeah? Well, what if it wasn'’t someday. Oh, my God. Oh, my God, are you pregnant?",PENNY,BBT,0,train
1_S12E11_216,Maybe she doesn't have tip money?,"Everything okay? Yeah, it's just Anu's doorbell camera. I helped her install it. You can't look at it. That's spying. Who the hell is this guy? Ooh, let me see. He's got... bags. He's probably just delivering food. Why is she hugging him?",BERNADETTE,BBT,1,train
1_S10E04_398,"Well, I didn't, and it's your fault.","So, how is everyone? Miserable and exhausted. Really? I slept great.",AMY,BBT,0,train
1_S11E13_362,Did it work?,What is happening? I was trying not to wake you.,BERNADETTE,BBT,1,train
2_607,Hey.,"Okay. Listen uh, could you put Kathy on, I wanna apologize. Oh yeah man.  Joey.",PERSON,FRIENDS,0,train
1_8078,"Trust me, you're not Jewish. That's how they get you.","Rajesh!
You up?
You ready for breakfast? Oh, boy. Breakfast. Okay, Raj, listen to me.
You need to get out of there. But I have a cream sherry hangover and I smell blintzes. If you don't leave now, she'll use food and guilt to keep you there for the rest of your life. Oh, Howard, stop.",HOWARD,BBT,0,train
1_11232,"And I love that I work and do all the cleaning, and you're okay with that.","And I love that you're strong and independent. And yet, I still love when you hold a door for me. I love that I'm kind of a slob around here, and...
you're okay with that. Uh-huh.",BERNADETTE,BBT,1,train
1_1180,"Oh, please. The only way she could make a contribution to science would be if they resumed sending chimps into space.","Pastries such as bear claws? Yeah, sure. I don't like bear claws. Hey, Penny. Dumbass. Leslie Winkle. Of all the overrated physicists in all the labs in all the world, why does it have to be Leslie Winkle? They have a lot in common. I mean, they're both scientists.",SHELDON,BBT,1,train
1_506,Not to mention you'd have to power down on saturdays.,I'm with you. I just have to make sure if I'm a synthetic human I'd still be Jewish. I promised my mother. I suppose you could have your android penis circumcised. But that's something your rabbi would have to discuss with the manufacturer.,SHELDON,BBT,0,train
1_S12E05_134,"First of all, I've totally done karaoke with a rock star.","Hey. Got a sec? Sure. What's up? I just want to let you know I get why you don't want me to be a part of the planetarium show. Oh, great. Thanks for stopping by. You don't want to talk about the stars next to an actual astronaut. That would be like doing karaoke with a rock star.",RAJ,BBT,0,train
1_S12E15_064,"Oh, yeah, I would have forgotten, except for those nonrefundable airline tickets to India I bought.","(sighs) So, this week would have been my wedding if Anu and I hadn't decided to slow things down.",HOWARD,BBT,1,train
1_S11E01_100,"Okay, you can stop leading with that part of the story.","We're engaged. Oh, my God, that's amazing! Wait, uh, tell me everything. Well, Dr. Nowitzki was kissing me...",AMY,BBT,0,train
2_500,Oh my God I love that! - Really? - NO!,I want to show you something too. You know those big road signs that say Merge? So I was thinking that we could get one fo those signs and hang it over the bed. Because its you and I together - Merge!,MONICA,FRIENDS,1,train
2_477,"And then and then you clicked it again, she's dressed. She is a business woman, she is walking down the street and oh oh oh she's naked.","Did you have fun at the bachelor's party last night? Oh yeah, look what I got, she is fully dressed right. And then you click it and oh oh she naked.",CHANDLER,FRIENDS,0,train
1_S11E03_365,"Oh, my God, what happened?!","Hello. Hey. So, um, I, uh... I got flip-flops. Good for you.",AMY,BBT,0,train
1_S12E02_471,"Yeah, I'm in the mood for orange chicken.","That's a good one. Do your 63 other crayon friends know you're out? Are you just gonna make fun of me all night? - Probably. - Great. So what are we thinking, Chinese?",OTHER,BBT,1,train
3_S02E07_256,That's very comforting.,"Even if we fired all of the engineers that we just hired... Looking good. Keep at it, Claude. Absolutely. Your jobs are not at risk.",OTHER,SV,1,train
1_S12E03_239,"I told him it was dumb, and now he'’s mad at me.","Hey, honey, how was your day? [GROANS] What'’s wrong? Raj is talking about marrying this woman he just met.",HOWARD,BBT,0,train
2_213,"Wait, wait, Chandler, this is what you're havin' for Thanksgiving dinner?","You owe me 20 bucks. Thank you. Thank you so much! Chandler, here you go, got your traditional Thanksgiving feast, you got your tomato soup, your grilled cheese fixin's, and your family size bag of Funyuns.",RACHEL,FRIENDS,0,train
3_S02E04_395,"No, we all have equalized pay, remember?","Okay, that was the third reference she's made to how much money she's making. Hmm. That's a $3500 bag. How do you know? You have the same one? No, I have the fucking Internet. You don't think she's making more money than us, do you?",GILFOYLE,SV,0,train
1_S11E05_370,"Leonard, what are you doing?","She made me do all her chores, and it wasn't even her idea-- she stole it from Tom Sawyer. You know what? This is crazy. Howard and Amy are working together-- get over it.",PENNY,BBT,0,train
1_2198,"Assuming I can keep up this pace, three hours, 11 minutes. Plus however long it takes to conclude this fairly pointless conversation.","See, by attaching RFID tags to my clothing, it will enable my laptop to read and identify the items with this wand. I will then cross-reference them against destination, anticipated activity spectrum, weather conditions, duration of trip, et cetera. That does sound much simpler. How long is this going to take?",SHELDON,BBT,1,train
1_S09E12_184,(CHUCKLES) Yeah. A grown man moving into his own apartment. It's crazy times. See ya!,"when you asked me to move in and help take care of your mom, I'd still be here two years later? - No one. - Nobody thought that. Well, that's it. I guess so. This is weird.",BERNADETTE,BBT,1,train
1_8505,"A lane frequented by liars. Like you, you big liar!","I just Googled ""foo-foo little dogs."" (Skype ringing) It's Raj. Stay quiet. (chuckles): Hey!
Bad timing.
Bernadette just took Cinnamon out for a walk. Hmm. Interesting. 
Did they take a walk down Liars' Lane? What?",RAJ,BBT,0,train
1_S12E04_046,"Well, it's hard to say, not knowing much about her. Does she have fingers?","Guys, I need your help, okay? I'm trying to buy her engagement ring. What do you think of this? Do you think she'll like this one?",BERNADETTE,BBT,1,train
2_388,"Yeah, she couldn't live without the Chan Love.","Hey Pheebs! Ohh! You made up! Yeah, I couldn't be mad at him for too long.",CHANDLER,FRIENDS,0,train
2_2,"ThatÕs a good one too Pheebs, now all that I have to do is find a plane load of people whose resolution is to plummet to their deaths",That's a good one. Mine is to pilot a commercial jet.,CHANDLER,FRIENDS,1,train
1_S12E12_281,but... thank you for saying it out loud.,"Wow, this is really flattering. And also really weird, right? Oh, just to be clear, you don't get to... you know. No, I...I got it .Just because I slept with your wife doesn't mean you get to sleep with mine. We... we get it,",PENNY,BBT,1,train
2_281,"Ofcourse no Ma, I am referring to Carrey Grant, he is living in the broom closet.","Supposed to study for my French final with a fourteen year old in the house, its hard enough with an eighty year old. Are you referring to me?",DOROTHY,GOLDENGIRLS,1,train
1_S11E18_206,I didn't know that came in a boys' medium.,"What would you do if you had a billion dollars? Same as Bill Gates, try to make the world a better place, but I'd do it in a working Iron Man suit.",RAJ,BBT,1,train
1_5919,"Because you don't have a girlfriend? Well, good Lord, if that becomes a reason not to play Dungeons & Dragons, this game's in serious trouble.","Your movies and your TV shows promised streets paved with beautiful blonde women with big bazongas. Eat another pie, you'll have your own bazongas. That's cruel. You know it goes straight to my hips. Gentlemen, please focus. You're facing a fire-breathing dragon. I don't know if I want to play anymore.",SHELDON,BBT,0,train
1_8217,"Go out with me on one date, and I promise you, you'll see.","There are many things seriously wrong with me. And not quirks, either.
Like... diagnosable psychological problems. Maybe brain damage. Well, how do I know you're not just saying that?",RAJ,BBT,0,train
3_S04E10_120,Outstanding.,"Gilfoyle, Anton is going to be fine, okay? Just spin him up. Please? All right, buddy. - (whirring) - Let's see what you're made of.",GILFOYLE,SV,1,train
2_552,DANGER,I don't like sitting up here! I'm just gonna over No Rachel! They got here first! Why is Ross doing that?,ROSS,FRIENDS,0,train
2_507,"No, I haven't taken her out of the trunk of the car yet.","Sophia was discharged, is she here?",DOROTHY,GOLDENGIRLS,1,train
1_S11E02_127,Fingers crossed.,"You ready for lunch? Oh, one second. Ooh, someone's got a lot of fancy new lab equipment. I know. The university has been throwing money at my study. With any luck, there'll be a brain disease with my name on it.",AMY,BBT,0,train
1_S12E09_081,"Well, I am shocked, Sheldon, because I totally believed that the woman you reported for being stingy with the peas couldn't keep her hands off you.","Congratulations, Leonard, you passed my secret loyalty test. The truth is, I was never having an affair with the cafeteria lady. There's only one woman who gets to touch my no-no parts, and she's right here. - Sheldon. - No, no.",LEONARD,BBT,1,train
1_11243,I love that you're too good to pee in the kitchen sink.,"Yeah. Tell me those aren't the words of a man with a spider eating its way through his brain. Amy, you're a neuroscientist.
Crack his skull open, spray some Raid in there. I love that you take pride in your looks, even when I have to pee in the morning, and you're in there spending an hour on your hair.",HOWARD,BBT,1,train
2_241,"Oh I do. Oh no, wait a minute, I took it out of my shirt when I put it on this morning.","Damn, tail pipe's not hot enough to light this. Relax ok? I can get this open, anybody got a coat hangar?",CHANDLER,FRIENDS,1,train
1_S09E20_156,Astronauts saw him carrying that.,"I'm gonna say something to him. Leave it alone. He means well. So you don't think he needs to rein it in a little? No, not really. And you're not concerned He's acting like somehow this is his kid, too? He's just trying to be supportive. Just supportive. Not over-the-top in any way? No. Koothrappali: Hello! You saw him carrying that.",HOWARD,BBT,1,train
1_S12E06_088,Maybe he's cranky because he's off his bathroom schedule.,You're sitting in my spot. You don't have a spot. - What is wrong with you today?,RAJ,BBT,1,train
1_7661,"Yeah, that was five weeks ago. How much longer is he gonna milk that cow?","There it is again.
Do you kiss your mother with that mouth? Oh, well, I'm sorry for your loss.
- Oh! - Good night, sir. Unbelievable.
He says Wolowitz deserves my spot because he's a high-profile asset to the university. Well, he's not wrong.
Howard did go to the International Space Station.",SHELDON,BBT,0,train
1_S10E10_090,"Hang on, maybe it's not the worst idea. I mean, he did do a good job taking care of my mother.","can I live here? Stuart, we'd love to help you out, but this a bad time; we're about to have a baby. Or is that why this is a great time? Think about it-- when that baby comes, you're gonna need all the help you can get. Thank you, but I'm not really sure.",HOWARD,BBT,0,train
2_375,I was thkinking about maybe going into the Robot.,"Hey, you haven't been practising the routine have you? No!",ROSS,FRIENDS,0,train
1_S12E03_195,"You'’re right, you'’ve got Leonard. What more do you need?","Look, I know it'’s scary, but you'’re gonna be a great mom. I know I'’d be great, but the point is I don'’t want to be one. Maybe you wouldn'’t be great. You kind of got a temper. You know, not everyone needs to have kids to be fulfilled.",BERNADETTE,BBT,1,train
2_479,No I am worried she might be Phir Resuda's,Just keep thinking about Ma and whose mother she really is. You worried she might be Gina's?,DOROTHY,GOLDENGIRLS,1,train
1_S10E09_081,Say hello to everybody's little friend-- remote control Stephen Hawking!,(knocking) You busy? There's somebody out here who wants to meet you. Who is it?,HOWARD,BBT,0,train
2_351,"No Rose, she is depressed because Marvel had manners on only once a week",Now PERSON is depressed Rose. Do you think she is depressed about Rebecca,DOROTHY,GOLDENGIRLS,1,train
1_S12E03_310,Although that cinnamon roll does smell good if you'’re open to halfsies.,"Hey. Mind if I sit? Did you just come here to tell me I'’m making a gigantic mistake by having this blueberry muffin and I should'’ve got a cinnamon roll like you did? No. Good, '’cause I'm happy with my choice.",RAJ,BBT,0,train
2_430,I guess you would know that or else we would be in a predicament room,Listen it's kind of an emergency,CHANDLER,FRIENDS,1,train
1_4850,I understand. Your loyalty is admirable. But what if I were to up the ante?,"Why not ""World's Greatest Engineer""? I'm sorry.
I typed that into the label maker, but I just couldn't press enter. Now down to business. What would it take for you to abandon Leonard and join me in a rival company Unless, of course, the mugs are sufficient, in which case, welcome aboard. We're not quitting on Leonard.",SHELDON,BBT,0,train
2_173,We- we had our first fight this morning.,Do you always have to bring him here? I didn't wanna leave him alone. Alright?,ROSS,FRIENDS,0,train
1_S12E07_105,"Should we form a line, or just do it like we're bobbing for apples?","- What's going on? - Well, Siebert put me in charge of handing out the last bit of the administrative funds, and I have sole discretion. Ooh! Looks like Christmas came early. First thing on my list is a golden umbrella, cause Leonard's gonna make it rain! Uh, hold on, I'm not just gonna hand out money. There's a procedure you need to follow. I believe he's referring to the traditional ""kissing of the buttocks.""",HOWARD,BBT,1,train
2_492,"I'm sorry Sophia, but in Dorothy's defence, it sure sounds a lot like her.",You what the joke going around teacher's lounge was today Ma? Me I know this joke Everybody heard on the radio that some anonymous Ma was complaining that her dependent daughter Dorothy doesn't have a life of her own. What you think of the only grey head substitute teacher named Dorothy wasting her life away in Miami?,ROSE,GOLDENGIRLS,1,train
2_486,"Anyway, they want to take us out Saturday night! What do you say?",Oh my! They're male nurses. Not in my head.,RACHEL,FRIENDS,0,train
1_3707,"Oh, I'm so glad you asked it like that. You.","Hey, Sheldon. I was up in the administration office, and I happened to overhear the name of the winner of this year's Chancellor's Award for Science. And you want to rub my nose in the fact that my contributions are being overlooked again? I am the William Shatner of theoretical physics. All right, I'll play. What self-important, preening fraud are they honoring this year?",LEONARD,BBT,1,train
2_527,We thought you were just here for the company. He is a sarcasmoholic Stewart.,My name's Scott and I am a sarcasmholic. Nooo.,MEMBER-GIRL,SARCASMOHOLICS,1,train
1_S09E02_002,"How am I supposed to sleep? I've been married less than 24 hours, and my wife isn't speaking to me.",Why are you up?,LEONARD,BBT,0,train
1_182,No. The dark crescent-shaped patterns under your arms conceal it nicely.,How do I look? Could you be more specific? Can you tell I'm perspiring a little?,SHELDON,BBT,1,train
1_S12E04_195,"She can get into any restaurant, but the best husband she can find is Raj?","We just want to see if we could take you to dinner and get to know you a bit. That sounds nice. How about tonight after work? Maybe we can go to Bavel. Oh, I wish. That place is impossible to get into. Oh, please. Getting into impossible places is my superpower. Me, too. I can fit my whole body in our dryer. All set. 8:30. Wow. Okay, well, we'll see you tonight. - See you then. - Okay. Bye.",BERNADETTE,BBT,1,train
1_S09E04_106,Footprints on the Moon.,"Dude, if we do this, we're gonna need a cool band name. You know, I've actually (chuckles) had one I've been sitting on for years. Really? It was for this power trio I tried to put together in junior high, but I was short two friends. What is it?",HOWARD,BBT,0,train
1_S09E20_237,She's trying to think of something She's never done before. This could take a while.,"Calm down. I'll go first. All right, let's see. Never have I ever...",AMY,BBT,1,train
1_S10E04_238,"Well, Sheldon, I really appreciate that, but these things mean more to you than they do to me, so whatever you want.","Which side of the bed would you prefer? Doesn't matter to me. Your choice. No, no, we're living together now-- everything's equal. You know? I know that I have a tendency to be controlling, so I would rather you choose.",AMY,BBT,0,train
1_7443,We've kind of been involved in a five-year experiment.,"in town were starting to say I was a witch. Sheldon thinks the approach in this paper might change the way we calculate ferromagnetic hysteresis. Oh, it's about time. I hated the old way. Hi. I'm Penny. Alex.
Uh, do you work with Dr. Hofstadter? In a way.",PENNY,BBT,0,train
1_3649,"Oh, no, no, I said I'm inviting you to come with me to Stan Lee's house.","Hi. I'm Penny. This is my friend, Sheldon. We're not friends at the moment. Depends on how this goes. Right, right. Anyway, Sheldon here is a huge fan of yours, and he was supposed to meet you the other day at the comic book store, but he kind of ended up in jail. I see. And you thought you'd just come over to my house uninvited? You said we were invited.",PENNY,BBT,0,train
2_380,Oh just like give a minute to wake up for this  ...  Ha ha! You lost the ring. You the worst best man ever!,"The stripper stole the ring! The stripper stole the ring! Chandler get up get up, the stripper stole the ring.",CHANDLER,FRIENDS,0,train
1_S12E04_276,"So, what do you want to know?","This place is amazing. I can't believe you got us in here. Well, it's kind of my job. Usually I get tipped for it, but I'll leave that up to you. (giggles) Look, I think that's LeBron over there. James? No, LeBron Kershenbaum.",OTHER,BBT,0,train
2_148,"Hey, that's Joincidence with a C",You know what I just realized? Joker is poker with a J. Coincidence?,CHANDLER,FRIENDS,1,train
1_S11E10_240,"I forget, which mental hospital are you guys registered at?",Neither of them will be the actual cake. I'm just using it as a bargaining chip to get Amy to agree to the whole wedding party getting rings from wheelchairs to robots.,HOWARD,BBT,1,train
1_S12E22_188,"I can see why she would say that, but why do you?",So she's staying in London? What does that mean for your relationship? It's great.,HOWARD,BBT,1,train
2_350,"No Rose, I am nervous because Sonny Bono gets elected mayor of Palm Springs, he is gonna make all the postmens wear leather bell bottoms and a fur vest.","They are ain't here yet No, but they should be any minute You seem a little nervous. Oh you're sure I am Are you nervous cause you haven't met Michael's fiancee?",DOROTHY,GOLDENGIRLS,1,train
1_11913,It's why my people wandered the desert for 40 years. Took that long to walk it off.,I don't think I've eaten that much in my entire life.,HOWARD,BBT,1,train
1_7449,"Okay, the NASA Web site says Howard's final descent has begun.","or Leonard's gym membership. We're not kicking him out. 
Stuart and I have become good friends. Okay, one vote for, one vote against.
Leonard, you're the tiebreaker. I don't have a problem with Stuart.
Besides, he gives us a 20% discount at his comic book store. Well, I don't sell my friendship that cheaply. I can go 30. Welcome aboard, old chum.",RAJ,BBT,0,train
2_111,What was that?!,"Rachel is one of my closest friends. Although, being the only one who knows anything about this does makes me feel special. Okay! Okay, stop-stop! Phoebe?! Hey Rach!",RACHEL,FRIENDS,0,train
2_203,It's not funny!,"That only is not funny, it's physically impossible! Okay? Depending    on the species I'd have to have a six foot long...",ROSS,FRIENDS,0,train
3_S06E07_272,That you're an alcoholic?,"When Richard told me about the dots last night,initially, I dismissed it as the ranting of a self-sabotaging idiot. But a few hours later when I woke up in a stall in the second story men's bathroom, I realized something.",DINESH,SV,1,train
1_S12E06_111,"You get that I'm wearing a corset because of you, not because I'm tired of breathing?","Ready to go? Hey, why aren't you in your costume? I just didn't feel like it.",AMY,BBT,0,train
1_S12E04_102,this is a safe space-- it's okay to be vulnerable.,"I still can't believe Sheldon had a best friend we've never heard about. Ooh, somebody's jealous. - I'm not jealous. - Leonard,",HOWARD,BBT,0,train
1_11697,The answer's in this puzzle box. Let's see if you can open it.,"Can you please just let it go? Oh, I can help you with that. Imagine you're holding an ordinary pen. While your favorite pen is safe and secure in your pocket. Hold that thought. Hello? How can I make this up to you?",PENNY,BBT,1,train
1_3766,Can we please talk about something else? Maybe something vaguely related to life as we know it on this planet?,"I honestly don't care. Really? Because every time we've talked about unusual animal genitals, you've always had some pretty strong and controversial opinions. What do you want from me? I just don't give a rat's ass. Would that be a giant rat's ass? For the record, giant rats are possible.",LEONARD,BBT,1,train
1_S11E03_321,What's to worry about?,"Here you go. Thanks. (chuckles) It's too bad Stuart couldn't make it. He seemed fun. Oh, yeah, he is. I love him dearly, yeah. Not to say that I don't worry about him.",OTHER,BBT,0,train
2_434,We can? Ok I am trying that.,You guys can pee standing up.,CHANDLER,FRIENDS,1,train
2_202,Yeah?,"Uh, okay, Pheebs? Yeah? Umm, y'know how the other day you were talking about how you didn't get to go to London and how you were kinda feeling left out?",PHOEBE,FRIENDS,0,train
3_S03E02_111,"Don't you guys call it ""Rock, Rock, Rock""?","All right. Winner gets the big monitor. I understand how this works. Both: Ready? Rock, paper, scissors, shoot. Suck it. I should've known you'd throw rock. That's all you know in Pakistan. It's in your blood.",GILFOYLE,SV,1,train
2_478,"Oh, wait a minute, I have no one.","Hi. What's the matter with you? Mean guys at the coffee house took my hat You kidding It was ridiculous, these guys were bullies, actual bullies. We are grown ups, this kind of stuff isn't supposed to happen anymore.",CHANDLER,FRIENDS,1,train
2_340,Oh! Oop!,"It's the big night! We wanted to wish you good luck! Yeah, yeah you have the ring? Yeah, right here in my pocket. Pheebs?",PHOEBE,FRIENDS,0,train
1_S12E02_262,Riveting.,Wow. A scavenger hunt. That's exciting. I had a bit of a scavenger hunt myself last night. I was trying to find the remote. I looked under one of the cushions. Wasn't there. Then I lifted the cushion a little higher. Bingo.,AMY,BBT,1,train
1_2819,"You know, I've always wanted to go to a Goth nightclub.","Howard, what did you do? They're called tattoo sleeves. Look. I got them online. Raj got a set, too. Fantastic, right? Put them on, have hot sex with some freaky girl with her business pierced, take them off, and I can still be buried in a Jewish cemetery.",SHELDON,BBT,1,train
2_125,I mean if you hadn't initiated it I-I-I know I would've.,"Yeah. Listen about that, the whole uh, who came on to who thing really doesn't matter. I mean, I think it would've happened either way.",ROSS,FRIENDS,0,train
3_S01E02_324,"Listen, we all love Big Head. But the truth is, he's not as good of a coder as I am, not as good at system architecture as Gilfoyle, not as good at being a prick as you, no offense.","Wait, Richard's getting rid of Big Head? Why?",DINESH,SV,1,train
2_589,Well why don't you check in one of my saddle bags while I chew on a bale of hay.,"I am sorry I think I can walk the rest of the way now just give me my boots. I don't have your boots Well I don't have them either, where are they?",CHANDLER,FRIENDS,1,train
2_599,No I am upset because crocodin turbs are wearing darker colors.,I am not talking to you I guess you are still upset with me about last night aren't you?,DOROTHY,GOLDENGIRLS,1,train
1_6092,"We don't say that, either. I'll make you a list. Oh, that would be mighty white of you.","Three, sadly, are dead. Mom, you remember Rajesh? Rajesh, my mother. Of course. Mrs. Cooper. So nice to see you again. Well, it's so nice to see you, too. I thought it was our Indians that had the occasional alcohol problem.",LEONARD,BBT,0,train
1_S11E05_193,I thought his work wife was standing in my kitchen.,"Hey, Bernadette. Oh, hey, Raj. Howard's not here. Oh, I know, he's been in the lab every night this week with his work wife. That's weird,",BERNADETTE,BBT,1,train
2_264,Okay?,"Listen, I'm sorry about that whole thing with Roger. It really wasn't right, and I, and I want to make it up to you, so umm, I brought you something that I think you'll really enjoy. Now, this is just a loan.",PHOEBE,FRIENDS,0,train
1_2354,"So? Do cocaine smugglers write ""cocaine"" on the box?","They're here. Stay calm. We don't know anything about them yet. What are you doing? I'm checking for musical instruments. Does that sound like castanets to you? The box says ""kitchen.""",SHELDON,BBT,1,train
3_S04E01_575,"But since your failure as a leader is a virtual certainty, tolerating your short reign as CEO in exchange for a front-row seat to the disaster seems fair.","Gilfoyle, can I please be CEO of Pied Piper? Spoken like a true leader.",GILFOYLE,SV,1,train
1_S12E02_433,- We wrote you a special thank you note. - Oh.,"So we put a little picture of me and a little picture of Sheldon in it. In-in the locket? Yes. That was in a lost and found box? Exactly. Where we hid it? So really, you gave us three amazing gifts. You gave the locket, the adventure and the realization that Amy and I can do anything as long as we work together.",AMY,BBT,0,train
3_S01E05_417,"Anything to do with ""error"" sounds like your whole vibe.","Dude, relax, okay? We each ripped through a full module this morning. We're just taking a little break. DRM is now a thing of beauty. - Wait. You did DRM? - Yeah. I did DRM. Why did you do DRM? I said I would do DRM, you would do error handling.",GILFOYLE,SV,1,train
1_2423,Provided he has already read and is familiar with the reestablishment of the DC multiverse.,"Everybody's staring at me. Don't worry, they're more scared of you than you are of them. Unlikely. Here, what about this one for my nephew? A superb choice. Oh, great.",SHELDON,BBT,0,train
1_S09E12_369,"Yeah, he's as real as the fine I get when I use too much toilet paper.","You know, if anything, he's turning me into his mother. Before I did pharmaceutical sales, I was an actress. You know, I was pretty good. You know, girl-next-door type, but hot. Doable. Hmm. And not only am I Leonard's mother, but we have this man-child living with us named Sheldon. Oh, Leonard talked a lot about him. I wasn't sure if he was real.",PENNY,BBT,1,train
1_S10E09_021,"Oh, good, maybe he can build a nicer bridge to live under.","How much money did he win? Over half a million dollars. Wow. And he doesn't have to use it for research, he can do whatever he wants with it.",SHELDON,BBT,1,train
2_231,"No, no, no, it's flattery.","Aren't you with that girl over there? Well, yeah, kinda. Um, but that's okay, see we have an understanding, um, see we each have this list of five famous people, so I'm allowed to sleep with you.",ROSS,FRIENDS,0,train
1_7953,Why don't you ask Scotty to beam you up?,"Hello. Uh, four glasses of water, please. Anything for you guys? Can I use your phone? 
Our car got stolen.",PERSON,BBT,1,train
2_301,"Hey, do you know a six-letter word for red?","Hey! Hey! What are you guys doing up? Oh, we wanted to finish the crossword before we went to bed.",CHANDLER,FRIENDS,0,train
1_S12E05_110,Yeah. I already got a man for that.,"Oh, Sheldon. Didn't see you there. What's up? Well, uh, he was excited to talk science with Amy, but she was working late, so he decided to come over and share it with me. With me, Leonard. With me. Sheldon, we've talked about this. You can't go around boring other people's wives.",PENNY,BBT,1,train
1_S11E02_205,"Well, that's why I brought the bottle.","Here, drink this. It might help. What if it doesn't?",PENNY,BBT,0,train
1_S11E13_001,Newspapers? Did you find a portal back to the 1990s?,Hey! Look what I got everybody.,LEONARD,BBT,1,train
1_S12E08_258,You can do that but you still can't get my bra off.,"Voilà. Darn it. It's okay. Here, let me show you again. It's like you're actually magic.",BERNADETTE,BBT,1,train
1_1722,My aunt Marion gave them to me for my 12th birthday.,What are you doing here? Hang on. 130 over 80. It's a little high. We can attribute that to the stress of sneaking past the security desk. Where did you get the stethoscope and the blood pressure cuff?,SHELDON,BBT,0,train
1_410,"Leonard, may I present, live from New Delhi, Dr. and Mrs. V. M. Koothrappali.","Do you really need the Honorary Justice League of American membership card? It's been in every wallet I've owned since I was five. Why? It says, ""Keep this on your person at all times."" It's right here under Batman's signature. and this is Leonard and Sheldon's apartment. Guess whose parents just got broadband.",RAJ,BBT,0,train
3_S01E04_009,"Oh, yeah. No, she's... She's very pretty.","Ron LaFlamme. Great to meet you. All right, homeboy. Pop a squat. Start autographing by the flags. Lot of paper to get through. So, what do you think? About? Jeannie. She's pretty hot, right?",RICHARD,SV,0,train
1_S10E02_101,"Why? Because I'm Jewish? That's like me saying, ""Hey, you're Indian. Doesn't your cousin work in a call center?""","You know, maybe before our meeting we should talk to a lawyer. That's not a bad idea. Well, you must have someone in your family that's a lawyer.",HOWARD,BBT,1,train
1_S11E11_098,"Aw, the people's pajamas have little horses on them, and the horses' have little people.","Hey. Hey. What you reading? Oh, it's your brother's Christmas letter. Ugh. If there's a picture of his wife and his kids and his dogs and his horses all in matching pajamas, I beg you to burn it.",PENNY,BBT,0,train
1_1678,Answering the question once and for all why Wolowitz bailed out of medical school.,Can you open this for me? Can I see your stitches? Sure.,RAJ,BBT,0,train
1_5156,"That's got to be fun for you, huh? Watching Hofstadter suck the saliva out of your sister's mouth?","The audible sigh is a show of exasperation, right? Right. Is it about me or the dead pixels? Hey, you're just in time. We made Tex-Mex. Oh, sounds great. Oh, Indians making Tex-Mex. Might as well have had the Chinese pizza. Hey, you.",HOWARD,BBT,1,train
2_484,Yes yes it is! In Prison!!,"Your tailor, is a very bad man. Frankie what are you talking about? Hey, whats going on? Joey' trailer took advantage of me No way, I have been going to the guy for twelve years Oh c'mon, he said he was gonna do my inseam, then he ran his hand, up my leg and then there was definite What? Cupping. That's how they do pants. First they go up they move it over, then they go up the other side and move it back, then they do the rear. What? Ross will you tell them? Isn't that how a tailor measures ?",ROSS,FRIENDS,1,train
1_10829,"On the bright side, that Oxford study was right. One friend down. I wonder who you're going to lose next.","You would leave me out of the conversation with the next guy if you dump Leonard? Why say it? Yes! Well, I would never leave you off my list, and not just because, without you, we're playing fast and loose with the word list. Well, good job. Now she hates me. Great.",SHELDON,BBT,1,train
1_S10E23_165,"Oh, sweetie, you might not live that long.","So, did you tell him about Princeton yet? No, I'm waiting till he's in a good mood.",PENNY,BBT,1,train
3_S03E01_431,"(SIGHS) Great timing, guys. Thank you so much. Premium stuff, Dinesh.","- You wrote some of it. - You know what? We're gonna stay, and we're gonna build Pied Piper just to prove you wrong. Okay. Thank you for the solidarity by the way, and sticking with your friend. You know what, ERLICH? You can tell Barker to go fuck himself, so I can go to Flutterbeam and then watch these two assholes crash and burn trying to build out Pied Piper by themselves. This'll be great.",ERLICH,SV,1,train
2_316,"Yeah, I'm fine.","Hi. Well, look, I was just gonna leave a message, isn't tonight your, your big anniversary dinner? Yeah. Well, umm..... Rach, are you okay?",RACHEL,FRIENDS,0,train
2_162,"Ow, ow, ow, ow, leg cramp, leg cramp, leg cramp.","No-no-no. I don't have a son named Jordie. We all agreed, my son's name is Jamie. Well, Jamie was the name of Susan's first girlfriend, so we went back to Jordie. What? Whoa, whoa whoa whoa, what do you mean,",PERSON,FRIENDS,0,train
3_S06E01_417,-Almost a human.,"So, Dinesh thinks this is you? Correct. He's been messaging with it all day and he has no idea it's an AI. Well, we fooled a human. I guess we just passed the Turing test.",GILFOYLE,SV,1,train
1_S10E06_255,"Imagine this: you've got the baby in one hand, groceries in the other, and you're thinking, ""How am I gonna open this trunk?""","It's got a rearview camera, there's a DVD player-- oh, and check this out. It's like we're living in the future! Hey, show her the trunk! Show her the trunk!",HOWARD,BBT,0,train
1_1973,I hope I'm a waitress at the Cheesecake Factory for my whole life.,"Ask me why. Do I have to? Of course. That's how you move a conversation forward. Why? The learning opportunities would be abundant. Additionally, I like having my belly scratched.",PENNY,BBT,1,train
1_6211,"No. You mean this was all a ruse? Oh, how could I be so stu...","Oh, no! I can't! Hurry! 
We're running out of time! - Okay. Just do it! Oh, God!
One... two...
three! Trick or treat, bubbeleh. What?
(laughing)",SHELDON,BBT,0,train
1_S11E19_030,"Except for you, Sheldon. You're eating crow.","(stammers) What is happening? Everybody's supposed to be eating Chinese food. Well, actually, I believe the Chinese may have invented the sandwich. Their dish ""rou jia mo"" literally means ""meat between bread."" So, it looks like all of us, including Penny, are eating Chinese food.",RAJ,BBT,1,train
1_S11E10_249,"(sighs) Well, what's it gonna take? You want half my sandwich?","Really? You're not gonna sit here? I'll sit there as soon as you leave. You're still on this? I said sorry. Well, ""sorry"" doesn't make up for years of emotional abuse.",HOWARD,BBT,0,train
1_S11E08_195,I know. It was when I stubbed my toe.,"What do you want to watch? Oh, why don't you pick. Okay, how about comedy? Eh, I already laughed today.",AMY,BBT,0,train
1_S11E04_315,Okay... I'm pretty sure they're not best friends.,"Hey. Hello. You got a sec? Sure. What's up? Penny's been talking to my mother like they're best friends, and it's kind of freaking me out.",AMY,BBT,0,train
1_S11E07_153,"Just a minute, I want to make sure Leonard can't hear us.","Hello. Hey, buddy, what's up? Hey. Um, I need to talk to Penny alone. (laughs) What can I do for you?",SHELDON,BBT,0,train
1_S09E04_342,Who cares? I thought the whole point of Footprints on the Moon was to write songs that make people think.,"I'm telling you, dude, the song has no groove. You can't dance to it.",HOWARD,BBT,0,train
3_S05E01_120,"He was oddly tall, don't you think?","Richard: Okay, what about this guy, Chris Berger? He's a very skilled engineer. He was very funny when we met with him. I think he'd be great.",DINESH,SV,0,train
1_5058,"An entire dinner to talk about your research? Where you going, the drive-thru at Jack in the Box?","Yes, I live with him.
I don't... I-I really don't know why. Tonight? Sure, that'd be great. Okay, I'll see you then. Bye. She wants to have dinner and talk about my research.",SHELDON,BBT,1,train
1_S12E21_285,You sure you're not thinking about your husband?,Your husband was acting kind of weird today.,PENNY,BBT,1,train
1_11224,And here I am in the trap. You just keep talking. I'm gonna chew my leg off.,"You heard what he said about his parents. 
It was the little things they kept bottled up. 
I don't want that to happen to us. How can I convince you it won't? Well, is there anything about me you're keeping inside? I'm not answering that. 
It's a trap. So there<i> are</i> things you don't like.",HOWARD,BBT,1,train
1_S11E11_127,Great. Can you bring a few things?,"Hey, Stuart, you're coming to Halley's party, right? You bet. Plus, I live there and I was invited, so it's already better than my tenth birthday party.",HOWARD,BBT,0,train
2_604,"No Rose, I am developing pictures from the magellan space probe","Hi Dorothy, cooking?",DOROTHY,GOLDENGIRLS,1,train
1_2216,"Excuse me, but what about me? Why don't I get a shot?","Unlike you, I can actually talk to women when I'm sober. You fail to take into account that even mute, I am foreign and exotic, while you, on the other hand, are frail and pasty. You know the old saying, ""Pasty and frail never fail.""",LEONARD,BBT,0,train
1_S09E04_088,"Well, it could be fun to try a little acoustic thing.","Hey, we've always talked about playing together.",HOWARD,BBT,0,train
1_10857,It's true-- you're both gorgeous. Kind of says something about the man who could bed you both.,"Okay, sit down. Listen, Emily, what happened between me and Raj was a long time ago. It was, and I may have made it seem like a bigger deal than I should have. Yeah, and Leonard and I are engaged now, and I'm just hoping we can put this whole thing behind us. Mm. I'd like that, too. Yeah, I thought I'd be okay with it, but then I saw how pretty you are. Oh, that's so sweet.
I mean, look at you-- you are gorgeous.",RAJ,BBT,0,train
3_S03E03_511,This plan better fucking work with a sacrifice like this.,"Just be in. Uh, Dinesh? All right, fuck it, I'm in... but on one condition. I'm going to need everyone to solemnly swear, that they will no longer make fun of my gold chain. Not a word ever again. Well, guys, I think we can agree to that.",GILFOYLE,SV,0,train
1_S12E06_367,"What do you want, Sheldon?","Hello, Bernadette. Wait, did you just walk into my house? No, Howard let me in. Where is he? Oh, he got in his car and drove away. Oh. Is that watermelon for anybody? - It's for Halley. - Is she gonna eat all of it? God, no wonder she looks like Churchill.",BERNADETTE,BBT,0,train
1_S09E04_267,"No, of course not. I-I just feel bad. Well, so do I,",What else can you do? Move back in with him?,LEONARD,BBT,0,train
1_S11E10_297,"Oh, okay. Sorry. I wasn't ready for it. Try again.","Hey. You look good today. What happened? What's wrong? Just tell me. I can take it. Nothing. I felt bad about being mean to you, so I'm being nice.",HOWARD,BBT,0,train
2_283,Dee. The sarcastic sister from What's Happening.,Could you want her more? Who?,CHANDLER,FRIENDS,1,train
1_536,Just the latest copy of Applied Particle Physics quarterly.,Hey Sheldon. Hello Penny. Get anything good?,SHELDON,BBT,1,train
1_S11E07_415,Give him a chance. He's gonna get this.,"So you're not gonna see her again? What's the point? We're never gonna be in a real relationship. Right, so you'll only be in a physical one? Exactly. Why would I want to spend time with someone like that? Someone who is just interested in sex? Yeah. Raj, do you real... Whoa, hold on.",HOWARD,BBT,0,train
1_S10E19_252,You sure you don't fit in? You sound like a catty bitch to me.,"Look, raj just gets along with women. I-i know, but he was my friend first. It's like she's stealing him and they're just having the best time doing all their dumb girly stuff together.",HOWARD,BBT,1,train
1_11699,"No, Stuart picked out those throw pillows all on his own.","Hold that thought. Hello? How can I make this up to you? The answer's in this puzzle box. 
Let's see if you can open it. You could have at least warned him about the furniture. That's what I said when we moved it. You helped him?!",RAJ,BBT,1,train
1_4286,"All right, all right. He can buy his own desk.","and a super executive ant farm with glow-in-the-dark sand? - What if he buys his own desk? Yeah, what if I buy my own desk? - That's ridiculous. - Why? Because… Yes? It's my office.",SHELDON,BBT,0,train
1_S12E07_443,I have no idea.,"The europium laser is so cool. It has a four-level f-f transition which provides for high power output, and its quantum efficiency is off the charts. What are you going to use it for?",LEONARD,BBT,0,train
1_8136,"Yeah, I'm really looking forward to it. In fact, there's no place I would rather be than here.",It's nice that all the people who are lonely on Valentine's Day can come here tonight and be together.,PERSON,BBT,1,train
3_S02E03_229,Are you out of your mind?,"Uh, all right. Just read it. $5 million? Yeah, yeah. You guys are not going back to Hooli, and neither am I. How the fuck did you get that? Russ Hanneman? Oh, Monica, I see you got my text.",OTHER,SV,0,train
2_464,"Oh, uh, no thanks. I just had an M&M.","Hey, you guys the water is great. You should really go in!",CHANDLER,FRIENDS,1,train
1_8042,"No, just me, her and a couple of the big wigs. It's part of a bonus she got.","Here you go. Great. Come on in. What, you don't say thank you? It's my suitcase.
I lent it to you two years ago. Well, then, I should tell you I broke the wheel and the handle. So, is everyone from Bernadette's company going to Vegas?",HOWARD,BBT,0,train
2_357,"Stating the obvious, but thank you. And it's not weird is it.","Yes. Great, let's begin.  How's the pressure? Nice! Wow Phoebe you are good!",PHOEBE,FRIENDS,1,train
3_S03E02_062,"Gilfoyle: Yeah, compared to the shit shack we're used to, anything's an improvement.","So, why don't I show you guys your new home? Hopefully, it lives up to your standards.",GILFOYLE,SV,0,train
2_297,"I am sorry, it was a one time thing. I was very drunk and it was someone else's subconscious","You and I were, uh doing it on this table You okay there? I can't belive you two had sex in her dream.",CHANDLER,FRIENDS,1,train
2_280,"Joey ate my last stick of gum, so I killed him. Do you think that was wrong?","How old is that sock!. If I had a sock on my hand for thirty years, it would be talking too. Okay, I think its time to change somebody's nicotine patch.",CHANDLER,FRIENDS,1,train
3_S03E03_012,I can't believe you suggested the idea of building a fucking appliance.,Let me show you the next location in which we would install one of your boxes. Richard. What the fuck are we doing here? I don't like it any more than you do. I told Jack we'd come check this place out and then we'd have a discussion.,DINESH,SV,0,train
1_S12E07_424,What was the case?,"Seriously, Leonard, you didn't pick my project? I'm sorry, Raj. - Did you go with Crow Lady? - No. You gave the money to Kripke? I did not. Wait, I'm confused. I thought there were only three projects in contention. There were. But, at the last minute, someone submitted an application for a pretty cool europium-doped laser, and they made a very compelling case.",HOWARD,BBT,0,train
1_S12E17_085,Was one of the options the option to never come back?,"Wow. That's a lot of luggage for a weekend. (groans) I know. I didn't know what to wear, so I brought a few options.",LEONARD,BBT,1,train
1_S11E08_283,Get to the point! Oh.,"So it turns out Ruchi is totally trying to take over Bernadette's projects. Wow, she just told you that out of the blue? Yeah, yeah, we had just made love. It was so beautiful. Our caramel-colored bodies were entwined like erotic taffy...",PENNY,BBT,0,train
2_119,Yeah. What-what should I do?,"I mean technically it's-it's not against the rules or anything, but it is frowned upon. Especially by that professor we ran into last night, Judgey von Holierthanthou. Well Ross, you be careful now. You don't want to get a reputation as y'know Professor McNailshisstudents.",ROSS,FRIENDS,0,train
1_S12E08_071,It doesn't have to be tonight.,"I think we should have sex. (passing horn honks) (squeakily): Me, too. Yeah, it's just, we haven't done it yet, and I think it's important to make sure we're compatible before we get married. I totally agree. Oh, just one question. While we're doing it, can I leave my shirt on? You know, the dumplings, pretty salty.",OTHER,BBT,0,train
3_S06E05_355,"Well, maybe some time when you're working on something, I can come interrupt your flow and use words incorrectly to tell you about it.","-What? -Sorry. I just, um, I was quickly perusing your file-- That's not what peruse means. Peruse means to read thoroughly and carefully. Wow. That... that's... super helpful. Thank you for that tip. Um, anyway, yeah, I was just curious to know, like, what's it like growing up in Rhode Island?",OTHER,SV,1,train
1_S09E03_170,"I've done it, like, a dozen times.","Piercing my ears. Oh. Oh. You really never had that done? My mom said pierced ears were for whores, pirates and genies. Okay, well, you're a grown woman now. I know, but Sheldon had this clause in the Relationship Agreement forbidding cosmetic surgery unless it's to look like a Klingon. We'll take you to the mall to get it done. Why? I can do it right here. Really? You have a piercing gun? No. All you need is a needle and an ice cube.",PENNY,BBT,0,train
3_S03E03_126,"But instead of that, you bought a chain?","No. Whoa, whoa, hold on. You're wearing a gold chain? Oh, right. Yeah, I've had it for a while. Just kind of throw it on every now and then. None of that is true. - I definitely would've noticed. - Okay, listen. I've been working hard. I'm making money for the first time. I was like... buy myself something nice, you know?",GILFOYLE,SV,1,train
1_S12E06_010,Did you know the Michael Myers mask from the film was actually a Captain Kirk mask turned inside out?,"Hey, did you guys know this year's the 40th anniversary of Halloween? - Oh, nonsense. Halloween traditions of date back to the Celtic festival of Samhain. Although our current Halloween customs come from the evening before All Hallows' Day-- All Hallows' Eve-- thus, Halloween. I meant the movie Halloween. Oh. Well, that's not interesting at all.",LEONARD,BBT,0,train
1_S10E03_311,"But let's say you do. And don't say you do, because you don't! Now, wouldn't you think that throwing yourself into your work would be the best way to deal with it?","Uh, you're really going to have caffeine in front of me when I'm trying to get my life back on track? Uh, okay, let's pretend you do have a problem. I do. You don't. Yeah, but I do. No, you don't!",LEONARD,BBT,0,train
3_S03E03_111,"The more meetings I turn down, the more these recruiters send me.",More recruiter swag? You got an Oculus? - Yup. - That's a hoverboard? How many meetings are you taking? None. That's the irony.,GILFOYLE,SV,0,train
2_462,"No Rose, at a pie eating contest.",Oh I am so nervous. Have you ever given an eulogy? You mean at a funeral?,DOROTHY,GOLDENGIRLS,1,train
3_S02E04_162,"I disagree, OJ. We should hire the best person for the job, period.","Uh, Dinesh, Gilfoyle, this is someone you guys recommended I contact, Carla Walton? Yeah, we hung out with her a bunch at the last S.F. vid/tech meet-up. Her code is fucking great. She was head of engineering at Earcast? She was engineering at Earcast. She pulled that whole system on her own. You know what else excites me here? There's a distinct over-representation of men in this company. Look around. I think it would behoove us to prioritize hiring a woman.",GILFOYLE,SV,0,train
1_11322,"You know what? That was almost on topic. I'm gonna say, ""Good job, Sheldon.""","Hey, how are things going with your parents? Not great. They hired divorce attorneys. You know, speaking of attorneys, if I ever needed a lawyer, I would not hire She-Hulk.",PENNY,BBT,1,train
1_S11E04_137,"""Daddy's little girl""?","So, you don't want to hang out with Sheldon and Howard? No, they were bonding over their sad childhoods, and my stupid parents were always there for me. What's all this? I'm just boxing up all the clothes Halley's outgrown. Guess we won't need them anymore. Oh, well, slow down. I'm sure there's some you could reuse for a boy.",BERNADETTE,BBT,0,train
1_S11E06_003,"I'm not allowed to eat for 12 hours before my surgery, and I only got two more minutes.","Howie, slow down. I can't.",HOWARD,BBT,0,train
1_S11E13_211,"Wow, I didn't think anything could top last night's spelling bee, but here comes math.","Oh, hey, in seventh grade, I built a cobra wave. You want to do that? Oh, we can come up with a wave speed formula, and see how accurately we can predict the amplitude.",PENNY,BBT,1,train
1_4639,"Well, I'm just glad you finally found yourself a keeper.","and pump it into his mom's Camry. Yeah, that's great. It's a funny story. Moving on. And Donnie was a rocket scientist compared to that boy who wanted to get beer pong into the olympics. What was his name, sweetheart? Curtis, and I'm pretty sure he was joking. I don't know. That petition looked real to me. Yeah, okay, I think this ends the ex-boyfriend portion of our evening.",PERSON,BBT,0,train
1_2837,"- Chocolate? - No, I don't want any chocolate!","You'll never guess who they got to replace you at work. Okay, I know what you're doing. Really? Yes, you're using chocolates as positive reinforcement for what you consider correct behaviour.
Very Good.",LEONARD,BBT,0,train
1_S11E05_060,Wha... No!,"Hey, what you reading? A parenting book. Oh, my God. Are-are we...?",PENNY,BBT,0,train
1_1666,Would it work if I just punched you in the face?,"it will establish you as the ""alpha"" male. You see... when a female witnesses an exhibition of physical domination, she produces the hormone oxytocin. If the two of you then engage in intercourse, this will create the biochemical reaction in the brain which lay people naively interpret as ""falling in love."" Huh",LEONARD,BBT,0,train
2_445,Okay?,"Okay, here's what we're gonna do. Okay, I'm gonna break into this mini-van and put it in neutral. You guys push it forward so Ross can drive out of his spot.",PHOEBE,FRIENDS,0,train
2_221,See Joe that's why your parents told you not to jump on your bed!,Whoa!,CHANDLER,FRIENDS,0,train
3_S03E01_409,That's a bold statement.,"Really? Why are you laughing? I'm sorry. Wow. Well, it's just that you really think that you're gonna be able to scale the platform without me? Goddamn it! - Yeah. - You don't think we can? Well, I know you can't.",GILFOYLE,SV,0,train
1_S10E04_158,I'm trying to think of an answer,You've been roommates with Sheldon forever. Do you have any advice?,LEONARD,BBT,0,train
1_S12E01_339,"Me, too.","You really think so? Yeah, I do. You're a good person, Penny. I hope we get to spend lots of time together.",PENNY,BBT,1,train
1_8045,"Dumped her? What, did he use a forklift?","to rebrand the stuff as a cure for constipation. Way to make lemonade.
You know, from around the corner where fudge is made. Hey, I got a favor to ask. Sure. My mom's been kind of an emotional wreck since that dentist she was dating dumped her.",RAJ,BBT,1,train
2_225,"I don't know, something girlie.","Really, I, no, I think girls night out is a great idea. Okay, okay, bye So what are they doing?",ROSS,FRIENDS,0,train
1_2420,You know this can go on all night. Why don't you just come with us?,"Or pick out his career for him without knowing his aptitude. Or pick out a new breakfast cereal without knowing his fiber requirements. Or his feelings about little marshmallows. Spider-Man. Get him Spider-Man. Amazing Spider-Man, Ultimate Spider-Man, Spectacular Spider-Man, The Marvelous Adventures of Spider-Man, Spider-Man 2099? You know this can go on all night.",LEONARD,BBT,0,train
1_7445,My limbic system wants to take your pants off.,"Uh, do you work with Dr. Hofstadter? In a way. We've kind of been involved in a five-year experiment. Oh. Well, you're lucky. He seems very talented.
And I'm sure a lot of people want to work with him. Well, a lot of people can't. Uh, hey. Where are we going?",PENNY,BBT,0,train
3_S01E08_422,At least it didn't happen in a public and brutally embarrassing way.,"I'm sorry. I shouldn't have rewritten all this code. I mean, what we had before worked. I'm sorry, guys. Gavin won. We lost.",GILFOYLE,SV,1,train
2_226,"These people find out that a spelling game is going over there, there will be nobody left at our party.",Could guys please try to keep It down? We are trying to start a tournament.,CHANDLER,FRIENDS,1,train
1_S11E01_337,"I'm sorry, what?","Ooh, you know what you could do? You could have a baby, too.",PENNY,BBT,0,train
1_S12E08_006,"Well, how would you guys feel about going to India for my wedding?","Hey, you guys have any plans for Valentine's Day? Three months from now? No. - What? No? - I mean, secret romantic plans that would be ruined if I told you. Oh. What's going on, Raj?",RAJ,BBT,0,train
1_S11E20_332,And alive?,"Oh, uh, Sheldon's getting married in a month. Oh! Congratulations. Yeah, I'm a married man myself. Oh, really? Is she here?",HOWARD,BBT,1,train
2_124,I am so confused as to what we have been doing so far.,"Thirty seconds all the questions we can answer You guys are dead, I am so good in lightning rounds. I majored in lightning rounds, alright! We are gonna destroy you! Wanna bet?",CHANDLER,FRIENDS,1,train
1_S12E03_380,Really? We'’re joking about this now?,"Hey. Hey.I-I made you dinner. Your favorite: In-N-Out Burger out of the wrapper on a plate. Thank you, but you don'’t have to do this. I'’m fine. I-I know it'’s not a baby, but it does leak when you pick it up.",LEONARD,BBT,0,train
2_250,"Oh, you say someone's name enough, they turn around.","David who? David the scientist guy, David that I was in love with, David who went to Russia and broke my heart David! Oh my God!",PHOEBE,FRIENDS,1,train
2_525,"Y'know what I mean, like dubbies?","Y'know what, actually ..   Okay, okay, okay, what's so funny over here? I thought you didn't smoke. Oh, I thought you guys meant marijuana cigarettes, y'know?",RACHEL,FRIENDS,0,train
1_S10E19_015,Sure. You're living here for free. I guess I owe you.,Would you mind taking cinnamon for a walk?,LEONARD,BBT,1,train
2_490,"Maybe it's a contest, you know? Like ""Collect all five"".","I know, I opened it up and it  and there it was just floathing in there, like this tiny little hitchhiker.",CHANDLER,FRIENDS,1,train
2_44,"Whoa, maybe I was!","Very life-like and funny. Okay. Oh no-no-no, I wasn't waving at you lady.",JOEY,FRIENDS,0,train
1_S11E11_217,"Great, 'cause it's tomorrow, and I need you to plan it.","Look, I'm sorry about not inviting you to Halley's birthday. That wasn't cool. And of course we would love to have you. Here. Thank you. I'd really like to be there.",HOWARD,BBT,0,train
1_S10E02_327,"But I'm mad at him, too, so lemon bars it is.","Hi. Hello. What are you doing? Oh, Leonard's mad at me, so I'm making him lemon bars. Does he even like lemon bars? Not really.",SHELDON,BBT,0,train
1_S10E09_186,Let it fly.,Do it. Visualize it as your anger a-and-and toss it out of your life. Perhaps I will. This rock encapsulates all my negative emotions. I will cast you far away. Feel free to take out a pigeon while you're at it.,LEONARD,BBT,0,train
1_S11E07_026,"It does, but it's still geology.","Sheldon, I've got these four-billion-year-old meteorites. I thought maybe they'd show signs of neutrino interactions. I could really use someone like you to help me with the math. Oh, so they would act as natural dark matter detectors. That sounds interesting.",SHELDON,BBT,0,train
1_S11E08_005,"Well, according to his text, he was on the second floor, then he stopped to tie his shoe.","Can we start the movie? Before Sheldon gets here? Last time we did that, he didn't talk to us for a month. So do it! Hold on. Where is he?",LEONARD,BBT,0,train
2_35,Oh no donÕt go. I have scared you. I have said too much. I am hopeless and awkward and desperate for love.,"I am not divorced yet. Chandler, you know you just invited me over here for pasta and all of a sudden you are talking about moving in together. I wasn't even that hungry. Its getting really late and I should just umm.",CHANDLER,FRIENDS,0,train
1_S10E07_163,"I'll take that as a ""Yes."" She's secretly been moving your collectibles into storage a little at a time and you haven't noticed.","So, if I actually know something right now... and I do... ...you don't want me to tell you? Uh... Pfft, no.",HOWARD,BBT,0,train
1_8452,I think I'm gonna go. Thank you for the burrito and the pork rinds and the 20-minute lecture on why monster trucks are better than regular trucks.,"Probably because I didn't read the instructions.
No wrapper's going to tell me what to do. Unless his name is Jay-Z. Is something going on? What do you mean? Well, you're acting all weird.
And I'm pretty weird, so I think I know what I'm talking about. I don't know. Maybe it's all those steroids I've been taking.",PERSON,BBT,1,train
2_291,"Umm, would you please excuse me for a moment?","I need to talk to you, it's pretty urgent. It's about Monica and Chandler. Oh my God! Of course, of course.",ROSS,FRIENDS,0,train
2_149,Thank you.,"Yeah??? Oh... Okay, yes, we'll be right, we'll be right down.",MONICA,FRIENDS,0,train
1_S12E02_358,Wow. Gentile moms are tough.,"Oh. Look what Halley drew. Yeah, she made it at daycare. It's pretty good, huh? Is it?",HOWARD,BBT,1,train
1_S10E16_009,"Aw, look at you watching sports.","Go! (Inhales deeply) Come on, raj! Leonard: You can do this! There's no way. What is happening? This is an euler's disk. It's a physics toy that demonstrates angular momentum, potential energy, and kinetic energy.",PENNY,BBT,1,train
1_S12E15_154,"Well, it is important for you two to keep the spark alive.","Hey, would you mind if Raj and I went away this weekend?",BERNADETTE,BBT,1,train
1_S09E20_179,No. You'll wish it would kill you.,"Wow, it's really coming down. This sucks. And there goes our hike. Oh, not our hike! Now we have To stay safe and warm. You know, we could still go. A little rain isn't gonna kill us. Have you been outside in the rain with sheldon?",LEONARD,BBT,1,train
1_S12E02_443,I'm no longer happy.,"Are those words? No. It's a secret code that you two get to figure out together. Hint: it's based on Sanskrit, but not the Sanskrit you're thinking of. (laughs) And best of all, you can't use the Internet to cheat. Because we locked you out of your Wi-Fi, and the answer to this is your new password.",LEONARD,BBT,0,train
1_S09E02_064,Because we're broken up.,"Sheldon, I am not doing ""Fun With Flags"" with you. Why not?",AMY,BBT,0,train
1_4576,"Bernadette dared me to tell a dirty story. ""The Miller's Tale"" by Chaucer is the dirtiest story I know. It would have been hidden in sock drawers if people in the 14th century had worn socks.","""And Absolon hath kist hir nether ye, ""and Nicholas is scalded in the towte.
This tale is doon, and God save al the rowte."" What the hell was that?",AMY,BBT,0,train
2_86,"Great! Okay, here.","See, if I am not buried with that ring then my spirit is going to wander the nether world for all eternity Okay, that's enough honey! I don't know. Let me see the ring.",CHANDLER,FRIENDS,0,train
1_S11E08_113,"Yeah, just turn off your brain and let your uterus do its magic.","Hey. Hi. Hey, what are you two doing here? RUCHI: We won't stay long. I just wanted to drop something off from me and the girls at work. None of the girls at work like me enough to get me a gift. Okay, so you'll know why everyone at the office has the same handwriting. I really appreciate the thought, but it's not necessary. I'll be back soon. Don't worry about work. You take all the time you need.",RAJ,BBT,0,train
3_S01E03_056,"""Placeholder"" would honestly be a better name than Pied Piper.","I thought we were gonna replace the name ""Pied Piper."" I thought it was a place holder.",DINESH,SV,1,train
1_S11E10_461,"Decaf, genius. (clears throat)","If there is life beneath the surface of these planets, how would we even detect it? Uh, that's a complicated question. Let me start with a simpler one. Can I buy you a coffee? A-Also a complicated question. (chuckles nervously) Because I want to say yes, but if I drink coffee this late, then I'll be up all night.",PENNY,BBT,0,train
1_S11E01_400,"Well, Bernadette has to grow a baby inside of her, and Amy has to marry one. My life is great.","All right, so what are we celebrating? Well, you know, Bernadette and Howard are pregnant again, and Amy and Sheldon are getting married. I didn't want you to feel left out. Ah. Left out?",PENNY,BBT,1,train
2_472,And I just won a million dollars!,"I don't want to be single. I just, I just want to be married again.",CHANDLER,FRIENDS,0,train
1_7938,"Come on, let's just start walking. There's got to be a gas station or something nearby.","What if we were to get in a car with a crazy person? Look at us, Sheldon.
We're the crazy people. Well, perhaps we should hold up a sign that assures passing motorists of our mental competence. Good idea.
Why don't you get started on that?",LEONARD,BBT,0,train
2_248,"I mean, you and I we're just, y'know, we're nothing, we're goofin' around.","Umm, listen there's something I think you should know. Oh, is this about you-you dating the nurse? Yeah, Joey already told me, and I am so-so fine.",CHANDLER,FRIENDS,1,train
2_431,I'm never gonna get to meet her anyway.,"But I can see through your sheet. Yeah, yeah, that's her. But y'know what? Doesn't matter,",JOEY,FRIENDS,0,train
2_247,Uh yes! Thank you.,"We're not gonna do that. Well, if you like you can feel Rachel's and then feel mine to compare. Am I interrupting?",ROSS,FRIENDS,1,train
1_S12E08_023,"Yeah. And my mom loves Penny, which is weird, because I never knew she could love.","Are you really gonna plan a wedding in three months? Yeah, well, her family's doing most of the work. They're amazing. We talk all the time. Why? Because we're about to get married and they're gonna be my family. Amy and I are married, and I never talk to her family. Really? My parents love Leonard.",LEONARD,BBT,1,train
1_S10E07_110,"Oh. Well, j-just out of curiosity, what registers as odd to you","You're awful quiet, everything okay? I'm concerned about Amy. She's acting a bit odd lately.",HOWARD,BBT,1,train
2_467,That is the coast guard!,Just because he's got a bigger boat he thinks he can take up the whole river. Get out of the way jackass! Who names their boat Coast Guard anyway?,RACHEL,FRIENDS,0,train
3_S02E05_378,"I'm sure you were great at fingerpainting, also, Dinesh.","I made my own computer when I was nine. From scratch or kit? It was from a kit, but I did my own mods. That's what I thought. I was nine.",GILFOYLE,SV,1,train
2_146,"So Ross, how umm, how did it go with Bonnie?","Oh, about five minutes. Right now they're interviewing his opponent. Apparently he trains by going to Iran and pulling the arms off thieves. Hot dog? Four, please. I'm really nervous. Thank you.",PHOEBE,FRIENDS,0,train
1_S10E07_140,"Oh my God, that's who you look like.","She's enjoying living with you and she didn't want it to end early. So, she's deceiving me in order to spend more time with me. Yes. Oh. Well, I feel both flattered and hurt. Like when people say I look like that skeleton from Nightmare Before Christmas.",RAJ,BBT,1,train
2_217,Ohhh!!!!,"OK, I have a question. Well, actually, it's not so much a question as.. more of a general wondering... ment. OK. OK. Here goes. For a while now, I've been wanting to, um....",RACHEL,FRIENDS,0,train
2_570,"Oh my god, where are all the men?",Hey Ross I was wondering.,CHANDLER,FRIENDS,0,train
2_29,It was like months ago.,"Oh, that's Ross's. Oh...  Oh my God. He remembered. Remembered what?",RACHEL,FRIENDS,0,train
2_526,"Ah well, this is the living room.","Really?! Well, it's just like everyone else's apartment. It's got rooms, walls, and ceilings. Well, I just wanted to see where you lived. Now, give me the tour. Oh my God! Oh my God!",PERSON1,FRIENDS,0,train
1_2792,"No, I mean, we can always go back to being friends.","like Mrs. Riley' s chicken. What's Mrs. Riley's chicken? A chicken that was owned by Mrs. Riley. Okay, forget the chicken. Well, I wish I could. No, no. You may be right about me and Leonard. Of course I'm right What are the odds I'd be wrong twice in one week?",PENNY,BBT,0,train
1_7494,that sounds a little funny to an American ear.,"Wow, so you guys are like buds now? Oh, yeah, we hang out all the time. Plus, he doesn't have a girlfriend, I don't have a girlfriend. It's like we both had these holes in our lives, but now we fill each other's holes.",PERSON,BBT,0,train
2_509,Crazy bitch!,Well the tough thing is she really wants to have sex with me.,CHANDLER,FRIENDS,1,train
2_494,But younger than some buildings!,"I know Richard's really nice and everything, it's just that we don't know him really well you know, plus he is old  ...  er than some people.",CHANDLER,FRIENDS,1,train
2_168,Did I wake you?,Are you kidding me? Joey Joey Joey Joey!,CHANDLER,FRIENDS,1,train
1_S12E01_274,Just let it go.,"TOUR GUIDE: And here we have the former hotel where Tesla perfected the three-phase alternating current motor. That's wrong. I'm gonna say something. Don't. Well, then how will everyone know I'm the smartest boy here?",AMY,BBT,0,train
1_S11E22_069,"Mm. Well, I've got a push-up bra I can loan you that always gets me free drinks.","But while we're on the subject of fashion, I'm asking the university for some funding tomorrow. What should I wear?",PENNY,BBT,1,train
1_S12E20_378,I speak a little Russian. Will you take nyet for an answer?,"Okay, I know this seems scary, but I put together a strong proposal. It's good for me, it's good for the university. They're gonna give it to me. No. I'm sorry, President Siebert, but I'm not taking no for an answer.",OTHER,BBT,1,train
1_S11E22_260,Step one is flunk out of art school.,"Hey, Stuart, I'd like to sell some comic books. Oh. Well, I know all about that.",STUART,BBT,1,train
1_S12E15_013,"Yeah, and we don't find it weird at all.","Thank you, guys, again for agreeing to do this. Yeah, it means so much to us. Ah, we're happy we can help.",PENNY,BBT,1,train
1_9963,What do you think I was gonna do at home?,"Koothrappali murder mystery dinner. I'm leaving. You can't leave. 
You're a suspect in the mysterious murder of Stuart Bloom. (dramatic music plays) I didn't know his last name was Bloom. Yeah, it's Bloom. Are you really gonna lie on the floor and pretend to be dead all night?",PERSON,BBT,0,train
1_S10E14_056,And you think we can get those guys to reprogram Sheldon? Cool.,"You know, I just read that a team at mit. Developed a device that helps people read human emotions.",LEONARD,BBT,1,train
2_89,On the home shopping network,"We clinked at the glasses, Stan gave me a toy smile and I winked at him And then I gulped down the champaigne in one go And it didn't go sdown smoothly Later Stan told me that he put my engagement ring in the bottom of the glass It turned up three days later. Where did it turn up Dorothy?",DOROTHY,GOLDENGIRLS,1,train
1_S12E02_204,Of course he knows what it is. He's the smartest man in the world.,"Oh, do tell. Now, paint a picture for me, like where you were when you found it and what you thought we'd enjoy doing with it. Do you not know what it is?",PENNY,BBT,1,train
1_S11E24_338,"Oh, science? Shocking!","What are you lunatics doing?! Sheldon had a breakthrough. Actually, Amy and I had a breakthrough.",PENNY,BBT,1,train
1_S11E10_432,I'll catch up with you guys. Okay.,"Wow. I never knew science could be so interesting. Hey, I talk to you about science all the time. Oh, you sure do, sweetie. Should we go congratulate him? I'll do better than that-- I'll give him constructive criticism. Here's some constructive criticism: don't.",LEONARD,BBT,0,train
1_S12E22_211,"So, you're an Indian giver?","Yeah, I know. I'm flying out tomorrow. I'm gonna surprise her with a ring. You already have a ring? Well, it's the same one as before. I thought you gave it to her the first time you got engaged? I did, but I took it back.",HOWARD,BBT,1,train
1_1001,"What else? Sell it on eBay as ""slightly used.""","Or maybe she just doesn't want to talk. Look, I found an iPod! It's smashed beyond repair. What are you gonna do with it?",RAJ,BBT,0,train
1_S10E17_032,"Wait, wait, not shopping for clothes, right? Because look.","Well, he has a job. How bad can it be? Well, his rent and car lease are exceedingly high. You couple that with his penchant for dining out and shopping...",PENNY,BBT,1,train
1_S12E23_350,maybe 300 tiny haircuts over a ten-year period.,"I should've seen this coming. Oh, stop. You're allowed to get a haircut. I know. But I should've done it gradually. You know, like...",AMY,BBT,1,train
1_S11E12_279,"Yeah, did Sheldon send it to you?","Hey, what you doing? Oh. Sheldon gave me a brain teaser. It's kind of fun. It's about a group of people at dinner, and you have to figure out where they can sit without fighting. Oh, yeah, is this the one where Mr. Green can't sit next to anyone eating meat, and Uncle Light Blue won't sit next to any of the darker colors?",LEONARD,BBT,0,train
1_S12E03_338,"Oh, sure, '’cause Sheldon'’s DNA plus my DNA equals a kid who knows how to make friends. Grow up!","What the hell, Penny?! I'’m gonna need more than that. You'’re not having kids? How could you do this to me? How is it any of your business? Because your kids were supposed to be friends with my kids. Who'’s gonna be friends with them now? They will find other friends.",AMY,BBT,1,train
1_S12E23_539,"It was her, right?","Somebody just peed in the big girl potty. Oh, I'm so proud!",HOWARD,BBT,1,train
1_S10E09_194,with his other foot. Wha--?,What happened? I tried to let go of anger and threw a rock into my foot! Then he got more angry and kicked the rock,LEONARD,BBT,0,train
1_S12E06_287,It was. And I'm sorry about earlier.,"Well, people came, they ate, they vowed to never speak to each other again. I think it was a successful party.",LEONARD,BBT,0,train
1_S11E19_143,The drone or your stupid robot show,"Okay, that ought to do it. I've replaced the propeller and reattached the gimbal controller unit. Dude, you're like Grey's Anatomy for robots. Also, why isn't that a show? I just need to see if I can re-sync the controls to this old remote. We should name it.",HOWARD,BBT,1,train
2_326,Stick to the list.,"Ahh! It wasn't on your list, but hopefully you'll think it's really fun. A scooter!",ROSS,FRIENDS,0,train
3_S03E04_437,"Thank you, Jared.","Well, what you did took incredible guts. And the fact that it probably won't make any difference makes it all the more meaningful. Right, I saw this nature documentary where a bison fought a lion to protect the rest of the herd. And it was so moving. Um, it didn't work, the lion, uh, tore into the bison and then laid waste to the herd, but what courage.",OTHER,SV,0,train
1_S09E04_053,"Well, why don't you look at this as an opportunity? You had other roommates before Leonard. Maybe this is a chance to find someone new.","Well, in addition to Amy leaving me, Leonard's moving in with Penny. It's difficult not to feel abandoned.",BERNADETTE,BBT,0,train
2_305,Take a couple deep breaths.,"Okay, I can do this. I can tell her how I feel. Just uh, just stand up straight.",JOEY,FRIENDS,0,train
1_S12E18_198,"And I'm supposed to be living on my own at this age, but here we are.","- Hey. - Hey. Oh, that's cute. Did Halley draw that at preschool? I drew it. Well, good night. It's supposed to be an astronaut.",STUART,BBT,1,train
2_557,"Oh my God, wh-what happened?","Ross, can I talk to you for a minute? Yes, please!  So, what's going on? Uh, well... Joey and I broke up.",ROSS,FRIENDS,0,train
1_S09E02_424,She watched it.,"I don't know what you were thinking, but take the video down now!",SHELDON,BBT,0,train
1_10190,"Well, now that I've given up string theory, I'm struggling to find my next area of focus. So, in your professional opinion, which of these areas do you think is the most promising?","it's important to the story that my boobs be the last things to turn ape. It's sweet that he thinks there's a story. Oh, and there's not even a bathroom on set.
I have to go to the gas station across the street. I mean, I was dressed like half an ape and still not even close to the most disgusting person in there. Leonard, I could use your assistance. Sure. What's up?",SHELDON,BBT,0,train
1_S11E05_306,"I used to make it appear in my pants, but HR said I had to stop doing that.","Okay, I'm gonna extend the wait time and have it poll the A-to-D converter at the top of the loop instead of the bottom. Oh. That's impressive. You think that's impressive, take apart that brain model. (gasps) Oh my God-- three of clubs. That was my card! How did you...?",HOWARD,BBT,0,train
2_572,No! I'm so happy for them!,"I know, they're gonna be Ohh ..   I mean two best friends falling in love, how often does that happen? Not",RACHEL,FRIENDS,0,train
1_S12E10_076,You or the steak?,"- What you eating? - Chicken fried steak. What? You can't have chicken fried steak first thing in the morning. - Hey, you knew I was a bad boy when you married me. Come on, you want a piece of this?",PENNY,BBT,0,train
1_S10E07_069,"(chuckling): Aw, you think you have an audience, that's funny.","Thank you for your services, gentlemen. Now, I'm hoping to broaden our audience with your youthful rock and roll music.",HOWARD,BBT,1,train
1_S11E03_250,Why should I bow out?,"This picture of Galactus eating a planet looks like my preggo wife destroying a coffee cake. (laughing): Oh, yeah, I see it. I'm just saying, you should bow out.",STUART,BBT,0,train
1_10853,"Okay, sit down. Listen, Emily, what happened between me and Raj was a long time ago. It was,","Uh, listen, Penny, before you start, I just want to apologize for being so rude the other day in my office. No, no. No need to apologize. Excuse me, can I say something? I just love both you guys, and I want you to get along. And when I say love"" I meant as a friend.
And, uh, way too soon, right?",PENNY,BBT,0,train
3_S04E06_526,Does it look like I care?,"Guys, this is madness. I have nothing to hide. I hear you, and yet... I'd like to look at my phone. Sure. Suit yourself. Swipe. Mm-hmm. Unlock. Mmm. You sure you don't care?",GILFOYLE,SV,0,train
1_S12E11_190,"Well, you really managed to capture my voice.","Sheldon, I'm nervous, and I wish you were coming with me. If it helps, I wrote up some possible questions and answers for you. ""Whom do you love more, ""Sheldon the scientist or Sheldon the man? ""Answer: Sheldon the scientist, but by such a slim margin that it's statistically insignificant.""",AMY,BBT,1,train
2_263,Wow! Imagine what our kids would look like!,"You guys make a Yeah, we look great together. Okay.",MONICA,FRIENDS,0,train
3_S02E03_561,Does it mean taking a stack of cash and lighting it on fire?,"I had to subtract the cost of the ad agency that nailed that slogan. The photo, legal, lay-out, plus the cost of the 15 billboards. Don't worry, I gave you guys a sweet deal on them. Gave us? Yeah. Hanneman Outdoor Media. I own the billboards. That's how I talked the ad agency into giving you guys that slogan for only 30 grand. Synergy, bitches. Know what that means?",GILFOYLE,SV,1,train
1_S11E04_024,I already have a little version of Howard.,"Come on, you can't really be disappointed. Hey, I barely know how to be a man myself. Now I have to teach someone? As the saying goes, ""Those who can't do, teach."" Don't you want a little version of Howard?",BERNADETTE,BBT,1,train
2_97,It would be nice to have a little guarantee though.,"Definitely! Yeah, I'm pretty confident about that. That's what makes it so easy for me to be 80% happy for Monica and Chandler!",RACHEL,FRIENDS,1,train
1_S10E18_323,(sighs) I'll say it again. India.,"I'm sorry, guys. Sheldon was upset, Leonard and Penny were fighting. I just wanted to go someplace where I wasn't causing problems.",HOWARD,BBT,1,train
2_218,"Hey, does somebody wanna hand me one of those tiles.","Have you seen Joey? What's the matter? Oh, just this!  Y'know what it's my fault really, because the couch is usually where we",JOEY,FRIENDS,0,train
1_S12E18_030,"Yeah, you should've seen her take down John Krasinski last week. Got him to admit he loved his wife. It was brutal.","All my friends hanging out, watching Ellen. It's like, what am I gonna do with my other two wishes? It's not nice. She's having on the scientists who are trying to steal our Nobel Prize. Although I will enjoy watching her expose Pemberton and Campbell for the coattail-riding frauds that they are. That is Ellen's brand, gotcha journalism.",PENNY,BBT,1,train
1_S11E07_161,I don't know. Poor Bert?,"I'm working with Bert, but I don't want anyone to find out. Well, you just told me, so strong start. Penny, this is serious. My reputation is on the line. What are people gonna think when they see us collaborating?",PENNY,BBT,1,train
2_598,"Our balcony? Seriously? That's so funny because I told Monica we should put lights on our balcony. - And she said - ""No no, its too cold, nobody will go out there.""  - I said ""Maybe if we put some lights out there they will"".",After the party I saw Rachel kissing that jerk from her office out on your balcony.,CHANDLER,FRIENDS,1,train
1_9009,"- No, no, no. I'm really good at this. All right, give me a hint. Does it involve difficulty initiating a stream of anything?","Dr. Jeffries, hello again. Leonard Hofstadter. Oh, oh, right, I remember your-your girlfriend. Is-Is she... is she here? No, she's not. So, what prescription are you getting filled? - Sheldon. No. Wait, I want to guess. Don't tell me. I wasn't going to tell you.",SHELDON,BBT,0,train
1_S11E11_301,"No, the fern. The one in the bathroom.","Morning. Morning. ""Kept Fern alive""? Who's Fern?",LEONARD,BBT,0,train
1_S10E10_009,"You know, I have always thought that this couch would look fantastic on the curb in front of the building.","If we're going to be staying in this apartment, would you be interested in doing a little redecorating? Oh, actually, I would. Great, what'd you have in mind? Let's take every single thing from the other apartment and put it in here. Well, how about we start a little smaller? Like moving the furniture around.",SHELDON,BBT,1,train
1_S10E11_321,How many times do I have to say I'm sorry?,"It's hard to believe Howard's having a kid. Penny, you're the one who introduced him to Bernie.",PENNY,BBT,1,train
2_385,"No, I know, but I,he just went on.","May I see your boarding pass? Oh, no, no, I don't have one. I just need to talk to my friend. Oh, oooh. I'm sorry. You are not allowed on the jetway unless you have a boarding pass.",RACHEL,FRIENDS,0,train
2_234,"See, there you go, the cleansing works!","So, um, will you bring the truck? I'll even let you ring the bell. Oh, my god.",PHOEBE,FRIENDS,0,train
1_11928,"And if I had a friend, they might have told me that.","All right, Amy's in charge of pricing and being 75. Hey, Penny, can you give me a hand with this? Sure. Aw, we had one of these growing up. I used to play all the time. Oh, yeah? I love Ping-Pong. Oh, I meant beer pong. I had a table, too, but I didn't have any friends, so all I did was serve. You know, you can leave one side up and play against it.",AMY,BBT,0,train
2_92,"No, no, I am just looking for a man to draw on me with chalk.",Anybody know a good tailor? You needs some clothes altered?,CHANDLER,FRIENDS,1,train
3_S02E03_370,Because we're negotiating against each other.,"We can only afford to hire three people for each of you. I'm sorry, but that's it. Okay, that's fine. It works for me. What? If you could do it with three people, why didn't you just say so?",DINESH,SV,0,train
1_S12E04_055,"Yeah, so did the koala.","Hey, did you guys know that Sheldon had a best friend growing up named Tam? Was that the imaginary talking koala? No. He's a real person who apparently betrayed him.",LEONARD,BBT,0,train
2_347,Well what are you gonna do when he finds out he wasn't even asked?!,"Oh! Right. Umm, maybe that's because I didn't send him an invitation. Chandler! He's your father.  he should be at the wedding. I don't even know the man. Okay? We're not that close. I haven't seen him in years.",MONICA,FRIENDS,0,train
1_9971,I was gonna say we pick up a cake or a pie. But an insult to her faith is always thoughtful.,"We can't show up to your mom's empty-handed. 
We should bring something. I already am.
I'm bringing the gift of knowledge. Oh, boy. Despite what her Bible says, recent archeological studies indicate that although camels are referenced in the Old Testament, they didn't exist in the Middle East until hundreds of years later.",HOWARD,BBT,1,train
1_S09E03_241,Every self-respecting gentleman should know how in case he comes across a damsel in distress by the side of the road.,When did you learn how to change a tire?,HOWARD,BBT,0,train
1_S10E14_476,"Oh, so all we need to do is get Sheldon knocked up.","You know, I just read a study that suggests new mothers are better at sensing emotions for up to two years. It's true. Pregnancy causes physiological changes in the brain that result in increased empathy.",PENNY,BBT,1,train
3_S05E03_098,So do you mind telling us when you feel like you can make it in?,"So kind of you to join us. You're welcome. Yeah! Uh, well, it's, uh, 2:00 PM. So, fourth day in a row you missed the stand-up meeting. Correct. Maybe you should hold it later. (chuckles) Okay, 'cause we literally moved it from 9:00 to 11:00 to accommodate you.",RICHARD,SV,0,train
3_S01E02_461,I was sleeping. I'm sorry for sleeping and for lying about it.,"I'm awake! I'm awake. - What? - No, no, I wasn't.",OTHER,SV,0,train
1_S12E19_354,"Well, I don't see what else you could've done.","I tried to console her, but nothing seemed to work. Okay, when you say you consoled her, what exactly does that mean? (sighs) I took a walk, I came back, she was still upset, so I came here.",PENNY,BBT,1,train
1_S10E09_066,"You know what, I've met Bert. Isn't he an indicator of life on other planets?",Bert is studying the way microbes in rocks can survive in extreme environmental conditions. They say it could be a potential indicator of life on other planets.,PENNY,BBT,1,train
1_S12E08_098,"Yeah, you're gonna need to show your work on that.","You're up early. Huh? Yes. I wanted to get a jump on planning a day of fun for you. Oh, that's sweet. What are we doing? Oh, no. Just you. I have other plans. Now, would you prefer to see The Grinch in 2-D or 3-D? I don't want to see it at all. Well, let's go 2-D. No sense in spending extra money. What are you gonna be doing? Being a great husband.",AMY,BBT,1,train
1_S10E17_287,"Yeah, that's working out great for me.","Stay, I'll get her. Appreciate it. That's fine. She and I can cry together. He's such a sweetie. I know, I wish there was some way we could help him. If he could find a girl with a good job, all his problems would be over.",HOWARD,BBT,1,train
1_S12E07_147,"Hmm. But you're not, are you?","No, I'm not going to reconsider. Your request was denied. I don't care if it helps you think; you don't need a koi pond in your office. Well, you should have thought about that before you bought the koi! Wow. That was a little rough. Well, I have to be. Everyone assumes I'm just gonna give them whatever they want.",PENNY,BBT,0,train
1_S09E22_015,I'm sure that would pair nicely with your fried nuggets of chicken.,"All right, well, let me know if you guys want to go. I would love to. I do enjoy the complexity of an aged Pinot noir.",LEONARD,BBT,1,train
3_S02E05_179,We build our own servers.,"So Gavin Belson can just pick up the phone and make us radioactive to every single web-hosting service? It's how these guys operate. I mean, when Bill Gates got married on Lanai, he rented every helicopter on the Hawaiian islands so that paparazzi couldn't use them to fly over. Although in that case, it was a positive, because now you can imagine that wedding however you want. What? Dinesh: Jared? Our entire platform is web-based. We need servers for that. What the fuck are we going to do? I know what the fuck we're going to do. But you're not going to like it.",GILFOYLE,SV,0,train
1_S10E03_260,"I think you were mean before you were pregnant, but it's fine.",Sorry I flipped out on you. I think it's just hormones.,RAJ,BBT,0,train
1_S12E03_174,I get that.,"Hey, want to get lunch? I can'’t. Halley and Michael were up all night, and I'’m way behind here. Oh, no, are they sick?No. They were just laughing and playing like a couple of jerks. Boy, they'’re cute, but they ruin everything.",PENNY,BBT,0,train
1_4760,"In the bedrooms of ten-year- old girls, where they belong.","Wow, this place is awesome. Where do they keep the Archies?",SHELDON,BBT,1,train
1_4145,A lot of people are working on that research. So what is all this?,And this is a schematic for a bird-trapping device that will ultimately backfire and cause me physical injury? What I'm doing here is trying to determine when I'm going to die.,LEONARD,BBT,1,train
1_S11E06_019,"He was cremated, and his remains were put in a baking soda volcano.",They're going to start making Professor Proton's science show again. I thought he passed away. He did.,HOWARD,BBT,1,train
2_374,Janice? Janice?,Will you get me a white zinfandel and glass of red for Janice.,CHANDLER,FRIENDS,1,train
1_S09E05_278,I'm doing all right. I tried fencing today.,How've you been?,SHELDON,BBT,0,train
2_78,"I didn't know you and Carol were getting divorced, I'm sorry.","Honey, you remember my boss Doug right? Yes, hi. Hi. So good news, the divorce is final. I signed the papers this A.M.",CHANDLER,FRIENDS,0,train
1_S09E14_455,"He never disappoints, does he?","I always looked up to you and Pop-Pop. I-I know what a challenging man he could be, but I saw you stand by him and-and make him into a better person. I did. Yeah, well, that is exactly what I've been doing the last five years with this little work in progress.",LEONARD,BBT,1,train
1_2614,Hardly a day goes by when I don't think about it.,"You went to President Seibert's house in the middle of the night? He didn't respond to my e-mail, his phone number is unlisted. Tell me what my other option was. You could have waited until morning. I know, look who I'm talking to. Do you remember the grant proposal I submitted to the National Science Foundation to detect slow-moving monopoles at the magnetic North Pole?",LEONARD,BBT,1,train
1_S10E21_200,"What'd you do, delete your photo?","I haven't had much success meeting people online. I didn't either, until i revamped my profile.",SHELDON,BBT,1,train
1_S12E15_273,"I told you, if we left pizza on the counter,","Amy? There's something out here. Just trap it under a cup, and I'll be there in a minute. I'll try, but it's Leonard. What? Well, what is he doing here?",SHELDON,BBT,1,train
1_S12E08_135,"He's our friend. What's up, pal?","Hey, Leonard, can you pause the game for a second? - Uh, hang on. - I'm about to beat Howard. What? Hey! What?",HOWARD,BBT,0,train
1_S12E07_169,"You know, if it's that easy, then why does Leonard have to drive you to work every day?","- Hello. - Hey. - Hey. Leonard, I just wanted to congratulate you on how well you are managing this grant money. - What do you want? Nothing. I just came by to pay you a compliment. Nice try. The answer's no. To what? I'm not asking you for anything. All I need for my job is right here. Hmm? This is my office. Which makes for a great commute. Home, work, home. I'm still working-- I'm just working from home.",PENNY,BBT,0,train
3_S01E06_266,She's attracted to ugliness.,"- ""From the despair..."" - I just figured it out. It all makes sense. Figured what out? Why Tara might be into you more than me.",ERLICH,SV,1,train
1_S11E10_309,Then you never saw any other people?,"Hello, friends!. Hey, what's going on with your hair? Uh, nothing. I just decided to stop straightening it. Wait, so you were making your hair look like that on purpose? When I first moved to America, I wanted to fit in. And Howard's hair was straight, and he was the coolest person I knew.",PENNY,BBT,1,train
2_7,I've never loved anybody as much as I love you.,You roll another hard eight and we get married here tonight. Are you serious?! Yes! I love you!,MONICA,FRIENDS,0,train
1_S09E24_152,Sure you do.,"It was so nice of Leonard and Penny to invite me. Well, actually, I... It sure was. I've always had a special place in my heart for Leonard. Taking care of my baby all these years. Excuse me, I take care of him.",OTHER,BBT,1,train
2_558,I can see it from right here. It'll cost you one husband.,Oh wait! Stop! Stop! Stop! Oh I'm sorry! Do you need a break? My boots in tan! Hey! Can you get a little closer so I can see the price?,CHANDLER,FRIENDS,1,train
1_S11E11_182,"Oh, fun. Can I help?","Hey. What are you doing? Oh, I've decided to write my own Christmas letter. So I'm gonna make a list of all the cool things we did this year.",PENNY,BBT,0,train
1_S10E03_154,"This was the husband and this was the wife. They'd go out on adventures together. Cruises, skiing, horseback riding. That was really me just duct taping them to our dog.","Oh, that's a nice one. Was it yours when you were little? My dad built it for me. Wow, it's so cute.",BERNADETTE,BBT,0,train
1_S11E05_253,Maybe there's something in the book that will help.,"Ugh, Sheldon's texting me to drive him to Bernadette's. Well, what are you gonna say? Well, they did just introduce the middle finger emoji. If it's not for this, I don't know what it's for. No, no, no. He'll just think that means ""Be there in a minute."" Uh...",PENNY,BBT,0,train
2_397,You still love me?,"All right! Ross, do you think it's easy for me to see you with somebody else? Y'know, hey! You're the one who ended it, remember? Yeah, because I was",ROSS,FRIENDS,0,train
1_S09E21_024,You mean like through their window from behind a bush?,"Oh, that's claire. Got to run. I thought you were back with emily. Uh, actually I'm... Seeing both of them.",LEONARD,BBT,1,train
1_S12E12_043,"I open the door and say, ""Hey, Raj.""","You've come to a giant metal door. I check the door for traps. There are no traps. I use my wizard eye to see what's on the other side of the door. Hey, that's sort of like how you used a doorbell camera to spy on your fiancée. No, it's nothing like that. Your wizard eye reveals a monster. Oh. Is it alone and unloved?I guess.",HOWARD,BBT,1,train
2_623,What do you know? Its a treat for the eyes and the ears.,Chandler? Hey! Ah! What do you think? I think I can see your scalp!,CHANDLER,FRIENDS,1,train
2_372,Actually I yesterday I was smoking again. Today I am smoking still.,Boy do I feel bad very bad. Chandler what are you doing? Chandler?,CHANDLER,FRIENDS,1,train
1_S12E03_118,"Well, I did take care of Sheldon for 15 years, and he only bite me once","Sure, uh, next question. ""How are you with pets?""",LEONARD,BBT,1,train
2_258,"I am telling you, when she leaned back, I could see her brain","Hey So how was Joan? Broke up with her Why Don't tell me, because of the big nostril thing?",CHANDLER,FRIENDS,1,train
1_S11E23_048,"Ooh, now it's starting to sound like a good wedding.",How many out-of-town guests are there gonna be? I'm actually not sure. Turns out Sheldon didn't invite his brother. Mm. Now it's starting to sound like a wedding. And his mom said she won't come if his brother's not there.,BERNADETTE,BBT,1,train
1_S12E07_179,"Yeah, sure. You slept with your husband.","Oh, you should have seen him-- denying things left and right. It was so sexy. Course, I made a request he did not deny. Uh-huh. Are you listening to me?",BERNADETTE,BBT,0,train
1_3293,Leonard's work is nearly as amazing as third graders growing lima beans in wet paper towels.,"I am.
Are you interested in physics? Oh, I find it fascinating. If I hadn't gone into microbiology, I probably would have gone into physics.
Or ice dancing. Actually, my tests of the Aharonov-Bohm quantum interference effect have reached an interesting point. Right now, we're testing the phase shift due to an electric potential. That's amazing. Yes.",SHELDON,BBT,1,train
2_58,Why?,"Welcome back! Hey!  Can we pick up where we left off? I don't know, I'm still pretty tired out from this afternoon.",PHOEBE,FRIENDS,0,train
1_S12E01_111,This is the news. And that was a woman torn between two hunky vampires.,"Uh, hurry. Raj is on next. All right. I can't believe they canceled Vampire Diaries but they'll show this.",LEONARD,BBT,0,train
1_S10E17_096,"No. Which will make me miserable, which is usually Sheldon's job.",You actually think penny will have fun at comic-con?,LEONARD,BBT,1,train
1_S12E17_336,"No, by opening the door to a hangar and letting the airplane fly in.",I think these guys need to get some food. By pushing a lever at the end of an obstacle course that we design?,HOWARD,BBT,1,train
1_S10E07_198,"Oh, don't worry, I won't.","But is Sheldon really believing all this crap? Well, he started to question it, but then I fake sneezed on him and he ran to take a shower. Please don't say anything, I feel terrible about this.",PENNY,BBT,0,train
1_S11E11_055,"I have an extra ticket to the opening of The Last Jedi tonight. It was gonna be Howard's, but you can have it.","You're a grown man; act like it. Big talk coming from a guy holding an Archie comic book. Hey, werewolf Jughead is not your dad's Jughead. Come on, you guys have been friends forever. Quit fighting.",RAJ,BBT,0,train
1_S09E19_044,so we brought you some lunch and we are gonna go look for 'em.,"Hey, guys! Hey. Hey. What are you doing here? We heard there were some sexy scientists working hard all weekend. Yeah,",PENNY,BBT,1,train
1_S11E08_428,"Well, that doesn't help at all.","Why did you tell Barry Kripke your idea? This is all your fault. No, it's your fault. If you would've come to us in the beginning, none of this would've happened. Well, if it helps, you all behaved terribly and you deserve what you got.",SHELDON,BBT,0,train
1_S11E04_347,What about people distracted by irritating passengers?,"You know, studies have shown that people distracted by emotional issues are poor drivers.",HOWARD,BBT,1,train
2_155,Great! Now we can do laundry all night. All night laundry!,"Actually, I was gonna do some laundry. Chandler, do you wanna do it with me? Sure I will do it with you You don't mind do you, that would really help me a lot Thanks. I don't think I have enough quarters I have quarters!",CHANDLER,FRIENDS,1,train
1_S12E03_410,Oh. We can'’t use that. That was the theme of my parents'’ divorce.,"Cheers. [CLEARS THROAT] Okay. I guess if we'’re going forward with this wedding, we should talk about the next steps. Oh, like themes and flowers? Actually, finances and taxes.",RAJ,BBT,1,train
1_S11E10_062,Why not hexadecimal?,"You and Amy having fun planning your wedding? We're employing a mathematical approach called decision theory, so, heck, yeah. Heck, yeah? Looks like someone need to put a dollar in the almost-swear jar. We've assigned all wedding decisions randomly, and each of us makes half of them. You know, from venue to officiant to numbering system for the tables: Roman or Dewey Decimal.",LEONARD,BBT,0,train
1_S10E03_144,"Oh, I was gonna start at the end. Thank God you're here.","I don't even know where to begin. Well, in The Sound of Music, Julie Andrews says, ""Let's start at the very beginning. A very good place to start.""",BERNADETTE,BBT,1,train
2_345,Oh I left them in my bulldozer .. I don't have tools!,"It isnt working We have to unscrew the chain Hurry, I can't feel my ears Can you ever feel your ears? Interesting",CHANDLER,FRIENDS,1,train
1_S09E03_143,"Fine, I guess. I've been focusing on me.","Speaking of Sheldon, how's single life treating you?",AMY,BBT,0,train
1_10977,Let's not talk about this in front of our friends.,"Like what? Your incomplete set of <i>Star Trek</i> collector plates? For your information, I just bought the last one I needed on eBay. Without asking me? There were only three minutes left in the auction and it was a mint condition Scotty from a smoke-free home. How much, Howie? Not a lot. How much?",HOWARD,BBT,0,train
1_6065,"Frankly, Mom, I'm encouraged to see how advanced your group has become-- willing to sail out into the ocean without fear of falling off the edge.","All-you-can-eat Last Supper Buffet. 
And my personal favorite, Gunning with God. What's Gunning with God? I'm afraid to ask. Oh, it is a hoot and a half. You write your sins on a clay pigeon, they fire 'em up in the air, and you pulverize them with a 12-gauge shotgun full of our Lord's forgiveness.",SHELDON,BBT,1,train
1_S12E02_105,Are you sure she wasn't trying to breathe life back into him?,"What is wrong with Stuart's face? I think he's smiling. Oh, my God, are they flirting? Oh, they're way past flirting. I caught them making out at Sheldon's wedding.",HOWARD,BBT,1,train
1_S12E07_060,You sound like my wife just before she asked me to go to Coachella.,"(knocks) President Siebert, you wanted to see me? Hey. There's my guy!",LEONARD,BBT,1,train
2_180,That oughta do it.,"Where's Chandler? Oh, he needed some time to grieve. I'm free! I'm free!",PHOEBE,FRIENDS,0,train
2_151,"Yeah, I mean, it would be rude to them for us to leave now.","Yeah, I know, it's my birthday. We all should be here. So, let's go. Well maybe, you know, maybe we should stay for one song.",CHANDLER,FRIENDS,1,train
2_358,"I do not always have to be,okay, okay.","No you do,y'know what, you're not gonna suck me into this. Oh sure I am, because you always have to be right.",ROSS,FRIENDS,0,train
1_S12E12_266,You went to college.,"So listen, I got to be honest. We sort of have another reason for asking you here. We want to have a baby, but we can't do it on our own. It could be because of the game me and my frat brothers used to play where we kicked each other in the balls over and over. But the doc says there's no telling. We just don't know. Huh.",LEONARD,BBT,1,train
2_261,"Oh, no, no. I just meant hypothetically.","I'll tell you what. When we're 40, if neither one of us are married, what do you say you and I get together and have one? Why won't I be married when I'm 40?",CHANDLER,FRIENDS,0,train
1_S09E02_078,"Well, if you want to see less of me, maybe we should go out again.","Sheldon, this has to stop. I know it's hard. It's hard for me, too. But I've seen and talked to you more in the two days we've been broken up than in the last two months that we were together.",SHELDON,BBT,0,train
1_S12E01_268,What are you gonna do? He's from another country.,"(clears throat) ""Dear Dr. Tyson, ""much like epithelial tissue, it appears I've gotten under your skin."" iPhone drop, but I won't 'cause I don't have AppleCare. (phone chimes) What'd he say? ""Nice try, genius. The skin is epithelial tissue."" Oh, it's on. He's Katy, I'm T-Swift. (clears throat)",HOWARD,BBT,1,train
1_9668,"People usually start a meeting with a joke, but you go ahead-- end with one.","We'll come back to that one. This brings us to the final item in our annual State of the Relationship Summit.
Item 29: Valentine's Day. Ah, the worst for last. Hmm. Classic Flakey. Before you get upset, I believe I've come up with a way for us to celebrate the occasion that we both can enjoy.",SHELDON,BBT,0,train
1_7089,"How about you? Did you have a fun night? Yeah, we, uh, made gift bags, had wine, and then went online and saw this.","after you had a snootful of this, laddie! Funny. You boys have a nice time? Yeah, it was great. Low-key, like I promised. 
No hanky-panky, no strippers.
Just the guys telling jokes. That's nice.",HOWARD,BBT,1,train
2_590,"Yeah, I don't think so Joe.","Uhh, well I've got an audition down the street and I spilled sauce all over the front of my shirt.  You got an extra one? Yeah, sure. Umm .. here. Great.  You got anything that's not",RACHEL,FRIENDS,0,train
1_S11E04_005,"Oh, that's sweet, but today is all about you.","It feels like it wasn't that long ago we were here doing this for Halley. Cause it wasn't. Which reminds me, before we leave, let's get you a vasectomy.",HOWARD,BBT,0,train
2_53,You're gonna have to tell me how you did that.,"Oh good, you're here. Yeah, and I was worried that it was going to be uncomfortable. I know Mona, just hear me out. First of all, I'm so sorry about my father yelling at you, but I heard you totally held your own.",RACHEL,FRIENDS,0,train
1_S10E04_307,"Okay, well, I am sorry. I'm just worried that my sensitivity to temperature could make this a rough night.","because I was wondering how you'd feel about separating the two of us with a pillow wall. Sheldon, I've made more than enough accommodations for you. We're both grown adults-- we've been far more intimate than this. If you don't want to snuggle, fine-- but we're not building a pillow wall.",SHELDON,BBT,0,train
1_S09E03_072,India.,"So, are you gonna give us a clue where we're headed? Uh, okay, let's see... They've got spicy food and there's a chance you'll get diarrhea.",LEONARD,BBT,1,train
2_77,"Umm, excuse me, we switched apartments. You can't eat are food anymore, that-that gravy train had ended.",Uh-huh. That sounds great! Hey!,MONICA,FRIENDS,0,train
1_10496,"- You and... Oh, sure. And while we're at it, why don't we get engaged, too? Why don't we get a little house, start a family? Enjoy our sunset years together? Do you hear yourself, woman?!","And not the good Amazon with one-day shipping.
The awful one with birds and snakes. You hate the sound of all those keys on his key chain. Four keys!
Who does he think he is, a warden? See? Maybe you'll love living alone. I don't know. Perhaps. And if it turns out you don't...",SHELDON,BBT,1,train
2_27,"No no, you don't have to fly back, really.","Yeah, Ross is great. He's uh, he's in a whole other place. No, he's gone.",MONICA,FRIENDS,0,train
1_S10E18_266,Do you actually pay for that haircut?,"Maybe moving in was a bad idea. I haven't been here one day, I'm already causing problems. You didn't do anything. It's Sheldon. ""You didn't do anything. It's Sheldon."" That'd make a nice needlepoint pillow. So, relax. We're happy to have you. Thank you, but how do I know you're not saying that just to be nice?",PENNY,BBT,1,train
2_94,"Can't do it, can you?","I can't believe you'd rather go out with him than me. Would you excuse me, please? I'm trying to have a date here. Fine, just stop thinking about me.",ROSS,FRIENDS,0,train
3_S04E04_363,These are from your mom.,Where'd you get those sunglasses? Did they come with the car?,OTHER,SV,1,train
1_S09E05_022,What are you saying? We're not coordinated enough to play sports?,"You know, I think it's great you guys want to get more exercise, but do you really think sports is the right choice for you?",LEONARD,BBT,0,train
1_S12E07_005,"I'm gonna hook up the garden hose, so it has running water.","Oh, this is amazing. I wish I had a playhouse like this when I was a kid. Really? You never had a playhouse? No. I mean, my dad did buy the house next door for us to play in.",HOWARD,BBT,0,train
3_S03E01_185,No.,Did you tell Richard you were out? No. Did you?,DINESH,SV,0,train
1_6188,"Oh, my God, that's where I know you from.","Yeah, sure, come on in. Thanks. Want some mac and cheese? No. Lactose. Gas. Glass of wine? No. Sulfites. Migraines. Okay, well, I'd offer you Halloween candy, but that's gone. So, what's up? Okay, we used to go out, right?",PENNY,BBT,1,train
1_S12E04_076,"I looked online. She doesn't have an Instagram, which means she's either 80 or something's wrong with her.","Okay, listen, I'm really worried about this whole Raj thing. I know, he's so desperate to get married, which is weird, because I can't imagine we make it look that great. I know, right? You know, if this woman's gonna be around, I think we should check her out a little.",PENNY,BBT,1,train
2_534,"Oh, come on!","When did I say you were boring?! Oh my God, I remember now! We were playing chess! Phoebe! You and I have",PHOEBE,FRIENDS,0,train
1_10748,"There they go, fighting again. You'd never hear her talk that way to Sauvignon Blanc.","Howard and Bernadette, Raj and his girlfriend, Penny and Chardonnay, Penny and you. There isn't any ranking. And if there were, we wouldn't be at the bottom of it. Yeah, and actually, I drink Sauvignon Blanc. That's the part you have a problem with? Relax.",AMY,BBT,1,train
2_295,Nobody sees the king!,"Yeah, I talked to you on the phone, I'm the lady that got stuck with the racecar bed. Look, it's like I told you, there's nothing I can do. You signed for it, Monica Velula Geller. All right, Jester man, look we wanna see the king.",PERSON,FRIENDS,0,train
1_S09E02_271,"Dude, just because we're best friends doesn't mean that I have to tell you everything that goes on.","You guys have any idea how much it costs to see a marriage counselor? $250 an hour. Why? How do you know? Bernadette and I have occasionally gone to one to, you know, stay on top of things. And I'm just hearing about this now?",HOWARD,BBT,0,train
2_339,Thank you.,"I have a question. Umm, I used your pen to draw on my friend's face. A beard and a moustache.",ROSS,FRIENDS,0,train
2_182,The liberarche marquee at Caesar's palace,"Whop, it is really coming down. Whats coming down?",DOROTHY,GOLDENGIRLS,1,train
1_S11E22_149,"If there's someone more relentless than you, I'd like to meet them.","Yeah, you-you just have to be patient. But what if while I'm being patient, someone more relentless than me badgers their university into giving them money?",HOWARD,BBT,1,train
2_79,"I'm just gonna throw it out, it's probably just a bunch of shampoo and...","Oh, great. Although I did sit down where there wasn't a chair. By the way, Ross dropped by a box of your stuff. Oh, well, I guess I had that one coming.",RACHEL,FRIENDS,0,train
1_S12E03_061,You'’re the one who said you wanted to read more.,"Enjoying your book? So much. Why do you keep poking at it? Fine, I'’m shopping on my phone.",HOWARD,BBT,0,train
2_369,"I just have to do one thing, really quickly, its not a big thing  ...  GET UP||","Get up What? You're in my seat How is it your seat? Cause I was sitting there But then you left But its not like I went to Spain, I went to the bathroom , you knew I was coming back. Whats the big deal? The big deal is that I was sitting there last, so.. that's my seat Actually, the last place you were sitting was in there You guys, you know what? it doesn't matter. Because you both have to go get dressed before the big vein in my head pops!",CHANDLER,FRIENDS,1,train
1_S12E12_371,They wanted you?,"Really? Zack wanted you to donate your genetic material for his baby? Yeah. So I'd be helping out a couple who really want a baby, and they were gonna pay us, and Penny freaked out about it. That doesn't make any sense. I know.",SHELDON,BBT,1,train
1_7186,"Not exactly. Listen, if you don't mind, I'm not really up for chatting. I'm just going to sit here quietly and let my life flash before my eyes.","and she makes me Froot Loops. Go with gay story, people are more accepting of that. Actually, Froot Loops just got married to a girl. Congratulations. Thanks, we decided to do it before the launch. You and Mrs. Loops have a big wedding?",HOWARD,BBT,0,train
1_S11E12_237,Why can't Amy drive you?,"Leonard, quick. I need you to get me to Arcadia within the hour. The train store's having a sale.",LEONARD,BBT,0,train
1_S11E08_142,Great. I want answers and he'd better give them to us.,"Well, he better not be working on our guidance system. That was my idea. Why don't we call Colonel Williams and find out what's going on.",HOWARD,BBT,0,train
1_S11E08_351,Yes. Why don't you run get me a can of Pringles.,"So what do you think? Can you make it work? Uh, I just need to use the cross section to calculate the probability of the interaction. Can we help?",OTHER,BBT,0,train
2_450,If only there was something in your head to control the things you say.,"Remember what happened the last time I did an interview for them? I said I write a lot of my own lines, then the writers got mad and made my character fall down the elevator shaft. So who knows what I might say this time.",CHANDLER,FRIENDS,1,train
1_S11E06_187,"You want to lie down, watch a movie?","Where did you get a bell? App store. (bell ringing) Fun. Let me see. (chuckles) When you catch me, you can have it back.",HOWARD,BBT,0,train
2_134,Paper cut!,"I can't figure this out! It's so hard! Should I get her a  Tiffany cut or a Princess cut or a,ah-ah!",CHANDLER,FRIENDS,0,train
1_S11E10_009,"(knocking) Hey, you had unprotected sex with Howard. You deserve to be miserable.","This was a good idea. It's been a long time since we've had girls' night. Yeah, it's so nice to have a relaxing evening at home doing nothing. Yeah, really breaks up the other 30 days I've spent on bed rest doing nothing. Well, tonight we're gonna make you forget all that. You're gonna make me forget I've been stuck in bed while a baby uses my bladder as a kickball?",PENNY,BBT,0,train
2_73,"Oh my god, you almost gave me a heart attack!","Okay, I am officially unpacked. Thanks for helping me man. Joey?",CHANDLER,FRIENDS,1,train
2_421,Joey's got a really bad hernia but its nothing that a laser eye surgery wont fix,"Thank you, but it would take me forever to pay  you that money back and I don't want that hanging on my head. Besides, soon as my insurance kicks in I' ll all the free operations I want. T'll probably start with that laser eye surgery.",CHANDLER,FRIENDS,1,train
3_S06E03_366,The-the same way we can buy America and everything in it.,"You guys, there's really no other option. -Yes, there is. -What? No. Okay, if Hooli won't sell us Foxhole... -we could just buy Hooli. -(laughs) Right. Yeah.",RICHARD,SV,1,train
1_S12E04_204,"Oh, I've been trying to get in touch with him, but I never heard back. Is he okay?",- Tam Nguyen? - Yeah. Yes. Is my son done with his tour? No idea. We're actually friends of Sheldon Cooper.,OTHER,BBT,0,train
1_S12E09_307,"What, the alphabet?","Okay, so walk up to that chest and push X. X. Push X. Which one's X? The one with the X on it. Take it easy, I'm new at this.",OTHER,BBT,1,train
2_498,"Uh, so how many cameras are actually on you.","Where's Monica? Over here Dad How to you zoom out? There she is Some girl ate Monica Shut up, the camera adds 10 pounds.",CHANDLER,FRIENDS,1,train
2_341,"Well, I'd gotten Judy pregnant. I still don't know how that happened.","I remember when we first got engaged. Oh, I don't think I ever heard that story.",PERSON,FRIENDS,1,train
2_181,Yeah! Look!,Oh but look! That's gonna leave a stain! Rach! Hey! It's fine! You're at Joey's! Really?,JOEY,FRIENDS,0,train
1_S09E21_401,Better than watching a guy in a fur cloak Ride a girl's bike? Nope.,"Hey, jon snow! How come your horse has a basket on it? How come your head has your face on it? They don't wear bicycle helmets in game of thrones. You're thematically inaccurate, But I applaud your commitment to safety. Don't you guys have anything better to do?",LEONARD,BBT,1,train
1_S11E10_228,"while we're apart, can I see other needy Indian men?","Why not? 15 years of constant ridicule. I-I think our relationship has become toxic. Uh, what are you saying? I think you and I need to spend some time away from each other. Look, I... I can see you're upset, but... I'm gonna need some ground rules. I mean,",HOWARD,BBT,1,train
1_4967,We might be starting to zero in on your problem.,"Are you guys doing okay? Leonard and I are fine, but I think Raj needs to meet a girl really soon. Well, that shouldn't be too hard. He's such a cutie. Thank you, but ""cute"" is for bunnies. I want to be something with sex appeal, like... like a labradoodle.
Labradoodle?",LEONARD,BBT,1,train
1_S11E06_249,"Well, you're... I can get the baby.","(light knocking) Hi, guys. Wanted to check in and see how you two were doing. We're okay. Yeah, hanging out in bed with my wife, thawing out some frozen peas in my pants-- living the dream. (Halley crying) Oh, I'll get her. I thought Raj was helping you out. No, he had to work. Plus, he has a quota for the amount of Indian servant jokes he can tolerate, and, apparently, I filled it.",PENNY,BBT,0,train
1_6766,Maybe that's because I'm not being challenged. It's the same reason Einstein failed math.,"And I'm super smart, so it's probably true. Hey, I've been training in the field of neurobiology for 12 years. You've been here for three hours, and you've spent one of them in the bathroom. I'm sorry! It takes me a while to get things going on an unfamiliar toilet. Sheldon, I've given you the simplest things to do, and you haven't done one of them right.",SHELDON,BBT,0,train
1_S12E05_030,"Hmm, yeah, but somehow, you manage.","Oh, Howard, uh, this is Andrea. She's the director of the planetarium. Hi. Nice to meet you. I'm Howard Wolowitz. Engineer, husband, father... (CHUCKLES) ...astronaut. Really? You're an astronaut? Well, I don't like to brag.",RAJ,BBT,1,train
1_S12E01_248,"You know, I cut you a lot of slack cause you come from another country, but you've been here a long time.","Hey, check out what Neil deGrasse Tyson just tweeted. ""I've been informed that some random, attention-seeking nobody took a cheap shot at me on the local news."" That's me. Guys, he's talking about me!",HOWARD,BBT,1,train
1_1189,"I'm sorry, I am not going back to the Renaissance fair.","That's enough. Call me. Right. Okay, good night. What? Had a great time. Ciao.",SHELDON,BBT,0,train
1_S10E01_197,"Yeah, special, like that.","Here you are, Mother. Thank you. I'm glad you decided to stay. It's gonna be special for Penny and me to share this with you. I can't wait for this day to be over.",LEONARD,BBT,1,train
2_246,"Well, it will probably slow me down at first. But once I am used to the extra weight, I ll get back on track.","Oh no no, that's the beauty of it, it goes with everything. You put this on, you are good to go! Hell I have never been good to go, so, what the hell why not try some jewellery huh? Oh man! You are so wearing that bracelet! I so am You have any idea what this will do to your sex life?",CHANDLER,FRIENDS,1,train
1_4281,It was the kind of thing that makes it kind of hard to face her now.,"You never told me what happened between you and Bernadette. I did a stupid thing. Yeah, I guessed that.",HOWARD,BBT,0,train
3_S01E04_327,You catch on slow. You'll fit right in here.,"Because Gavin believes in this Japanese form of management where not being assigned is the most shameful outcome. Yeah, it does feel uncomfortable. Give it a week or two, you'll get, like, numb to it. Well, why are you guys still coming in? Rest and vest. Oh... Because in order to fully vest your options, you've gotta wait until your contracts are up. - I get it. -",OTHER,SV,1,train
3_S04E07_292,Now I can give it to ERLICH.,(fridge chimes) Uh-oh! That yogurt is expired. See? This could've killed me.,OTHER,SV,1,train
1_S09E23_420,Thank you.,"To be honest, I'm surprised you cared about the wedding at all. I'm still human, Penny. Not getting invited to my own son's wedding is difficult to ignore. I know how you feel. She didn't invite any of us. It was spur of the moment! But we did get to see a live stream of it on the Internet. I could've watched it on the Internet?",PENNY,BBT,1,train
2_206,A tshirt that says - I don't belong here.,"Hey guys, what should I wear to a Nick's game?",CHANDLER,FRIENDS,1,train
2_299,What would you give to a kid if he wanted a ticket to play with?,"One ticket to Yemen? Oh no-no-no, no. No, no, no, I just, I just need a pretend ticket. I'm sorry sir, I don't understand.",CHANDLER,FRIENDS,0,train
2_88,Oh.,"Hi! What are you doing here? Ah y'know, this building is on my paper route so I...",RACHEL,FRIENDS,0,train
1_S12E01_325,You called him Mike Tyson's little sister.,"Your turn. Hang on, I'm checking to see if Neil replied to my latest smackdown. Really? Don't you think this Twitter feud is a little silly? Absolutely not. It's-it's two respected scientists debating opposing views in a public forum.",HOWARD,BBT,0,train
1_S09E04_015,"now that Leonard and I are married, it kind of makes sense that we actually live together.","Why are you taking your bins over there? That's just where I need them. You know, she doesn't have a lot of closet space. What's wrong with your closet? Uh... Well, honey, you know,",PENNY,BBT,0,train
2_524,"Yes and we are ""very"" excited about it.","Anyway, if you don't feel like being alone tonight, Joey and Chandler are coming over to help put together my new furniture.",CHANDLER,FRIENDS,1,train
1_5211,"Saying that while holding a snowflake is a bit heavy-handed, don't you think?","Um, no. You should get one. What's that? It appears to be something preserved between two pieces of acrylic. Oh, it's a snowflake from the North Pole. Leonard gave it to me last year. Oh, God, that is so romantic. Yeah, it was. Leonard's really one of a kind.",AMY,BBT,1,train
2_398,"Rose, you should sit here and watch her hack herself to death","ma I think you should sit down Dorothy, should I get Sophia a glass of water?",DOROTHY,GOLDENGIRLS,1,train
2_588,I talk to you and nothin'.,"Well, why don't you tell me what you're supposed to be! Huh? Because I sure as hell can't figure it out!",JOEY,FRIENDS,0,train
2_49,We got a box.,"When that guy was robbing us and I was locked in the entertainment unit for like six hours, do you know what I was doing there in all that time? I was thinking about how I let you down. Yeah. But if I had known what kind of friend you would turn out to be, I wouldn't have worried about it so much. See you around! Wait! Just wait one second. There has to be something that I can do, something. If we still had that entertainment unit, I would get in there for six hours and think about  how I let you down.",JOEY,FRIENDS,0,train
1_S12E18_225,"No. ""Unfortunately, Sheldon..."" that's all you got to say.","Do you have any cookie dough? Uh, I think so. Let me see. Yeah, we've got, uh, chocolate chip and oatmeal raisin. Oatmeal raisin? I know at least two things wrong with that cookie. It's for the Nobel Laureates. We need them on our side, but unfortunately, Sheldon...",PENNY,BBT,1,train
1_S10E01_075,It was nice of her to show us playing dumb with an example.,"When Beverly gets here, do not bring up last night. All right? As far as you're concerned, you didn't see anything. I want you just to play dumb.",SHELDON,BBT,1,train
2_521,Uh-huh!,I've had better. Okay! When?! All right! All right! It was the best nap ever!,JOEY,FRIENDS,0,train
1_S12E01_332,"Oh, please, you're just the right amount of bearing.","He said he needs a break, and I'm too much for him. Oh. I'm sure he didn't mean that. He said I'm overbearing!",PENNY,BBT,1,train
2_31,"Even if people are on it!""","You know what else I'm not gonna miss? ""I'm Monica. I wash the toilet 17 times a day.",RACHEL,FRIENDS,1,train
1_3545,"I understand your point, but given a choice, Jews always go with Chinese food.","There's a 39.95 lover's special at P.F. Chang's. Egg rolls, dumplings, bottomless wok, and you get your picture taken on the big marble horse out front. Given that Saint Valentine was a third century Roman priest who was stoned and beheaded, wouldn't a more appropriate celebration of the evening be taking one's steady gal to witness a brutal murder?",HOWARD,BBT,1,train
2_627,"Whoa, whoa, whoa.","What? Y'know, so I don't read as many important books as you do, and I don't write trick poems that seem to be about one thing but are actually about something else. And y'know what, I get excited about stupid stuff, like when I my",PERSON,FRIENDS,0,train
1_S10E05_288,"I'm in a hot tub with you, so pretty bad.","So you're back out on the dating scene now? Yeah, yeah, a little. Oh, that must be fun. How's that going?",RAJ,BBT,1,train
1_5581,I gargled with tequila and may have swallowed a teeny bit.,"Hey, have you told your parents you're dating this short glass of skim milk here? Uh... that's different.
First of all, we're not engaged; and second, Indian parents are very protective of their children. Right, right, whereas Jewish mothers take a casual, la-di-da approach to their sons.",SHELDON,BBT,0,train
2_602,No way!,You wanna hear something that sucks. Do I ever. Chris says they're closing down the bar.,CHANDLER,FRIENDS,0,train
2_337,"Uh, listen, I need that broiling pan that Joey borrowed the other day.","How many times have I told you guys, you Hi Chandler. Hey!",MONICA,FRIENDS,0,train
1_S12E07_092,a little swagger in your step?,"for helping out yesterday. - No problem. - That was really fun. - It was fun. But I am sore. You didn't lift a finger. No, but I narrated the entire event, and I am paying for it today. - Gentlemen. - Hey. - Hi. Leonard, do I detect",HOWARD,BBT,0,train
3_S06E01_460,Do you need the real me for this conversation?,"What the fuck is going on? Cause I just texted you, and you were-- Um, we've been texting back and forth all day. Was that not you? Complicated question. Is your shadow you? -Was that a bot?. -Yes. So, I spent all day chatting with a bot? YES -You made an AI Gilfoyle? -Yes. -And I was talking to it?",GILFOYLE,SV,1,train
1_S10E18_164,Maybe we should take them both to the park and let them run around together.,"Hey, look at that. You've got a Raj, we've got a Stuart.",HOWARD,BBT,1,train
1_S12E04_249,"You know, I was curious to find out what Tam had done wrong.","Hey. What is going on with you? I don't want to talk about it. Well, I'm sure you have a perfectly stupid reason. I don't do anything for a stupid reason. Except, perhaps, Talk Like a Pirate Day, and I'd argue that's more whimsical than stupid.",LEONARD,BBT,0,train
1_S09E01_379,Oh. That's so sweet of you.,so I took it upon myself to make you a hot beverage.,PENNY,BBT,0,train
3_S04E05_497,"So, you're not mad at me anymore?","Even though your disclosure just now had absolutely no actionable value, it did reveal tremendous loyalty, so... all is well now.",OTHER,SV,0,train
1_S09E03_233,How long do you think you can keep it from him?,"You know, if he finds out we eloped, it's gonna break his heart.",AMY,BBT,0,train
1_S12E06_171,"Oh, come on. It was all in good fun.","So, did you see Howard's costume? See it? I made it. It was hilarious. Well, Sheldon didn't think so, and neither did I.",BERNADETTE,BBT,0,train
2_287,"Oh I am sorry, do you need a break?",Oh wait stop! Stop! Stop!,CHANDLER,FRIENDS,1,train
1_S10E01_225,"Well, he probably buys his illegal drugs from a local vendor.","All right, you guys, uh, get settled in, then we'll go across the hall and say hi to everyone. You know, It's hard to believe I've never met Leonard.",OTHER,BBT,1,train
1_S12E12_086,Leonard was just saying how he was hoping to have dinner with one of your ex-boyfriends on his expensive boat.,"Well, congratulations. Hey, you and Leonard should come over and have dinner with us on our boat. Yeah, that would be so nice.",BERNADETTE,BBT,1,train
1_S09E24_014,Did she think you were choking or...,"How'd it go with my mother? Uh, you know, it started a little rocky, but I think we got to a good place. Wow. Well done. (chuckles) Yeah, and when I dropped her off at the hotel, she even gave me a hug.",LEONARD,BBT,1,train
1_S11E05_099,"Based on that ring on your finger, I'd say you're pretty good at controlling robots.",So this is it? Yes. We are using it to map brain wave patterns and then converting them into electrical impulses that can be used to control anything from wheelchairs to robots.,SHELDON,BBT,1,train
2_50,"Nope, that patch is no good.",Okay thatÕs like the least fun game ever. Well I am really sick of your smoking. So I brought something that is going to help you quit.,CHANDLER,FRIENDS,1,train
1_S12E02_228,"If you're asking if you and Amy should spend the next couple days running all over town searching for the next clue, I'm gonna have to say yes.","Howard, I don't often say this, but, good, you're here. Now, do you know what Leonard and Penny got us for our wedding gift? - Well... - (stammers) Don't answer. I don't want to know. I just want to know if you know. - I do know. . - Okay, great I believe that Amy and I have figured it out. Is it a clue to a scavenger hunt that will lead us to the actual present?",HOWARD,BBT,1,train
1_S11E06_060,Gift shop.,"You doing okay? No, I'm very nervous. (man groaning) Where are you going?",HOWARD,BBT,0,train
2_322,"Hey, my father's house does that.",And! And! Ah!,CHANDLER,FRIENDS,0,train
1_S11E04_298,"No, I'm fine.","Oh, hey, hey, what do you think? Just because it's a boy, I don't think you need to put a picture of genitals on his shirt. But that's a baseball bat with two little baseballs. Okay, and now I see it. So, you know, I understand why Howard is nervous about having a son, but are you really upset about it?",BERNADETTE,BBT,0,train
1_S09E04_074,How could Archie defeat Predator?,Have you seen this Archie comic? It's actually Archie versus Predator.,HOWARD,BBT,0,train
2_30,So how'd it go?,Yeah. He could row like a viking. Hi.,ROSS,FRIENDS,0,train
2_427,"Oh-oh, that's a risky little game!",Oh! Oh God Now you know how you really feel about it.,RACHEL,FRIENDS,0,train
1_S09E23_270,"So, when the aliens brought you back, they just left the probe in?","You look like you come with a kickstand. You can't make me feel bad. Hmm, maybe not. Leonard?",LEONARD,BBT,1,train
1_S12E09_005,"How about that? There is an ""I"" in ""team.""","Sheldon, do you want to put the tables after each section or in an appendix at the end? You know what? We wrote this paper together. I think we should decide together that they go in an appendix at the end.",AMY,BBT,1,train
1_S11E12_038,That's funny. I always thought Howard was nature's way of saying the Wolowitz line ends here,"Hey, just-just hold the gate still while I screw it in. You know, I don't know how I feel about all this baby-proofing. If Halley can't teach herself to walk down the stairs, then maybe that's nature's way of saying the Wolowitz line ends here.",RAJ,BBT,1,train
2_310,Well thank God your livelihood doesn't depend on it.,"Hey, I need you to set me up for a joke. Later when Monica is around I need you to ask me about firetrucks I don't know Chandler, I am not so good with remembering lines.",CHANDLER,FRIENDS,1,train
2_13,"All right, let's do it.","Rachel, I have not missed one question the whole game. I own this game! Look at my hand. Why? Do you have the answers written on there? No! Steady as a rock! Now, are you with me.",RACHEL,FRIENDS,0,train
1_11257,Doesn't Professor Abbott's family want any of this stuff?,"You know, I thought cleaning out a dead professor's office was gonna just be boring, but then I found his dentures and realized it's also gross.",HOWARD,BBT,0,train
2_208,It's that whole sensitive thing.,"It's gonna be worth it. It's a known fact that women love babies, all right? Women love guys who love babies.",JOEY,FRIENDS,0,train
2_579,No!,"One, two, three, four! You know the song! Sing along! So?",MONICA,FRIENDS,0,train
2_567,"Well yes Ross, pressing my third nipple opens the delivery entrance to the magical land of Narnia.","So uh, does it do anything uh special?",CHANDLER,FRIENDS,1,train
3_S02E05_466,"I'm not getting high on the job. I'm getting high at home. I live here, remember?","Stop it, hey. Turn the music down. Turn it-- turn it off. We have neighbors. Are you kidding me? Look, Gilfoyle, you said that you would have all the servers up and running. And we're already a week behind. Don't you think you should be doing that instead of, you know, getting high on the job?",GILFOYLE,SV,0,train
2_257,"Oh, hey, look, I found coffee! Okay, let's skedaddle.","Okay, let me just get a cup of coffee. Oh Rachel, I know the best coffee house and it's sooo close. Closer than here?",PHOEBE,FRIENDS,0,train
1_11901,"Yeah, good for you, Leonard. That's a lovely little notion. Kind of like, I wish I could talk to my uncle in Chicago. Yeah, now stand back while I invent the telephone. Hello? Oh, hold on. Leonard, it's your uncle. He says you just got burned.","I don't believe it matters what the topic is. What's crucial for a salon is that we conduct the discussion in an elevated and insightful way. 
It's all about the execution. Of course you'd focus on that rather than the inspiration. Uh, new salon topic.
What's more important, an idea or its execution? Oh, that's fun.",SHELDON,BBT,1,train
1_S12E03_449,"Oh, my God. You bought me the Batmobile?!","Are you gonna tell me where we'’re going? Because if it has the words ""farmers"" or ""market"" in it, I don'’t want to go. You were talking about all the things you thought you would never have, so I thought I would get you one.",LEONARD,BBT,0,train
2_107,You'd better act surprised.,About what? He's planning your birthday party. Oh my God! I love him!,JOEY,FRIENDS,0,train
1_S09E02_215,"Yeah, well, maybe she has interest in you.","Fine, you want to meet her? No, I just want to know that when you're at work, there's nothing going on. How many times do I have to tell you? I have no interest in this woman.",PENNY,BBT,0,train
1_6113,"So, this spring, I get to go to the International Space Station. Oh, my word, a trip to the heavens.","Now I'm going out tonight. Would it be crazy to ask you to look at the outfit I'm going to wear? Oh, not crazy at all.
And don't beat yourself up. When I was your age, you could have me for a car ride and a bottle of strawberry wine. That will not be in this week's e-mail blast.",HOWARD,BBT,0,train
1_S12E01_139,You happy? You smell like Amy's dad.,"There. See? Oh, he's in here. I can smell his Axe body spray. He wears Axe body spray.",PENNY,BBT,1,train
2_113,"No, no the actual cartoon character .. Of course the baloon.",The most unbelievable thing has happened. Underdog has gotten away.,CHANDLER,FRIENDS,1,train
1_S11E02_008,"Yeah, I'm still mad at you. (clears throat)","Uh, one dumpling left. Who wants it? Maybe you should offer it to the pregnant lady. And that would be... Me, Sheldon. I'm obviously pregnant. Well, you never said it to my face. And the last time I assumed a woman was pregnant, it did not go over well.",PENNY,BBT,0,train
1_5627,"Your girlfriend and your ex-girlfriend are hanging out together? Oh, yeah, that can only be good for you.","You mean when he was little. Not as little as you'd want him to be. You know, this stuff is horrible.
You want to see if we can find the cafeteria and get real coffee? Sure. We're going to the cafeteria to get some coffee. 
You want anything? I'm fine. That's nice that they're getting along.",RAJ,BBT,1,train
1_S11E02_049,Thank you for having me. Whoa... (chuckles) Could never get used to hearing myself in headphones. Is that really how I sound?,"Joining me today is my guest physicist, Dr. Leonard Hofstadter, to talk about all of the exciting research they're doing at Cal Tech.",LEONARD,BBT,0,train
1_S12E11_199,"""Pretty well""?","Really? She asked you to move in with her? Yeah, she was hinting around about it, but I think I handled it pretty well.",RAJ,BBT,1,train
2_152,Your makeup?,"Are you referring to my man's bag? At first it I thought it just look good. But its practical too, check it out! Its got compartments for all your stuff. Your wallet, your key, your addressbook.",ROSS,FRIENDS,1,train
2_415,"Chloe, switch with me, there's some guys here that got a crush on you.","Can I help you? Uh-oh. Uh, y'know what, we're having second thoughts about our copying needs. And we'll need a little more time to think about it.",PERSON,FRIENDS,0,train
2_474,Lovely,No. How long have we been home? About a half an hour.,CHANDLER,FRIENDS,1,train
2_435,"Me too! There's a game on Tuesday, do you wanna go?","It's Jake. Joey. Hey Jake, do you like the Knicks? Yeah, big fan.",JOEY,FRIENDS,0,train
1_11006,Maybe it's a good thing we came here. It's like a lesson in what not to do.,"Well, if I do well in sales, I could end up making a lot more money than you. Not a problem. I grew up with a mother who emasculated my father financially and in every other aspect of his life, so... ...really, it's what I think love looks like. I'll be right back. I'm gonna go check on him.",PENNY,BBT,1,train
1_1560,How nice. Maybe they can carpool when they visit you in federal prison.,"So my friend Leonard is gonna take you home. Okay. Let's go, friend Leonard. I'll call ya. So are you a scientist like Howard? No one's a scientist like Howard. My mother is so gonna love her.",SHELDON,BBT,1,train
2_553,"No just, nobody press on my stomach.","Well Joey, we're all .. we're all very proud of you. Yes, I believe we can expect a call from the President any moment now. Is there anything we can do for you?",JOEY,FRIENDS,0,train
2_55,"Oh hey, great, you're up. Rachel, this is my sister Krista. Krista, this is Rachel.","I'm really glad Monica asked us out. I'd love to ask you in, but uh, my sister's visiting and I think she's asleep on the couch. You're sister? You're sister's asleep on the couch? Ohhh! I saw",PERSON,FRIENDS,0,train
1_S10E07_267,I told you Penny was hiding his things?! It just came up because we-we were talking about secrets and...,Why did you tell Howard I was hiding Leonard's things? One sec. Why did you tell Leonard,HOWARD,BBT,0,train
2_51,"Well, I believe the piece of furniture was fine until your little breakfast adventure with Angela Delvecchio","That's the rule. What rule? There's no rule, if anything, you owe me a table! How'd you get to that?",CHANDLER,FRIENDS,0,train
1_S11E06_102,"No, he is saying how can these prices be so low?","Ow. Ow. Ow. Ow. Really hurts, huh?",BERNADETTE,BBT,1,train
1_7400,"Of course, it is... it's been in the news. And it's a very famous boson.","There are some charts in the back where I kept track of shape, color and consistency. Disgusting. No, what's disgusting is he's still keeping track. Why do you need all this stuff...? No, no, no, no... Sorry! I am glad you asked. Yeah, are you familiar with the Higgs boson?",PENNY,BBT,0,train
1_10009,"Let the dead man talk. So, why do you think that?","FYI, we plan on selling out the human race hard. In 20 years, who knows what'll happen with any of us? I think you and Leonard will be together. You do? Yeah.
I think you're the best couple I know. That's so sweet. What the hell?! Excuse me? Ah-da-da-da-da!",PENNY,BBT,0,train
1_8159,And I'm cool with surprises. But nothing on a Jumbotron. I don't want to cry on a big screen like that.,"But if someday you decide you want to get married, you have to propose to me. Really? Yes. It's all on you. But I got to tell you, when the time comes, I want the whole nine yards. I want you down on one knee, flowers.
I want to be swept off my feet. Yeah, you got it.",LEONARD,BBT,0,train
1_S12E09_175,"All right, great, can we go?","(gunfire sound effects) Hey, ready for lunch? Hang on. Really, video games? Is this some sort of Freaky Friday thing where you're actually Howard? Please, if I were Howard, I'd be doing this. You know what? He's not wrong.",PENNY,BBT,0,train
2_381,Noo..,[nodding] - Was that sarcasm?,MODERATOR,SARCASMOHOLICS,1,train
2_188,You had no relationship!!,"I just saw Danny getting on the subway with a girl and he had his arm around her. Oh, honey, I'm sorry. Well, you should be, this is all your fault! You meddled in our relationship!!",MONICA,FRIENDS,0,train
