utt_id,duration_s,f0_mean_hz,f0_std_hz,f0_p05,f0_p95,f0_range,intensity_mean_db,intensity_std_db,hnr_mean_db,jitter_local,shimmer_local
2_174,3.6456,140.69070549944703,59.72532194367667,76.15886919872396,237.5300403333481,161.37117113462415,72.64953250386438,5.946178223790342,-19.296842535844544,0.03702630656756357,0.15968215533774774
1_4281,5.0133,133.7300179540179,54.23811709479998,79.97770906865152,233.22613825955156,153.24842919090003,58.02346680988727,8.767186833931916,-61.844129319487735,0.023043921734342807,0.12602821571301404
1_11098,9.0027,363.56473243975523,97.1134979528556,223.62454817499315,539.4091858299173,315.78463765492415,59.81976855820986,12.345459846952235,-69.87538698279018,0.023153015789172712,0.13641308626027873
2_2,6.8963,180.827507454528,38.46189294318506,143.2619692883241,273.16340806458953,129.90143877626542,64.76947803275586,6.776828950665676,-34.43264174969153,0.026916291122347284,0.12991650044544226
2_58,0.6187,204.8076310121239,29.161567632297754,172.24511338526847,251.71645091086555,79.47133752559708,61.53846256837209,11.458519868149603,-92.82960122078002,0.02172722319069579,0.15615324840076622
1_7402,5.0155,152.69037098920882,38.60395560262763,118.46866735053116,211.90593848322575,93.43727113269459,71.84153250462496,7.516341713019703,-30.594738073873952,0.020230428748127086,0.12576575034486434
2_84,4.0615,160.77397147856522,22.33153148643839,123.22437061974748,193.06985543143642,69.84548481168895,68.51097022994614,8.226212580249838,-46.44498048397388,0.01952760906482697,0.10257613066265597
1_4995,6.016,264.36779808940275,137.57575316402662,96.58408586700833,487.30901589458387,390.7249300275755,70.0559342366745,9.318630399436715,-36.024816280460676,0.0291978291600509,0.1421848611066194
2_124,5.0155,170.59152179236776,97.63347491202713,90.12928835179254,283.11867308403,192.98938473223745,64.17123857964856,9.989636562310487,-50.232719283026974,0.026825022462853818,0.1488171758335712
2_232,3.4773,284.95914413745334,78.97271632070316,176.36070603751517,431.69986156583604,255.33915552832087,48.45274402182764,14.961035383835664,-99.53517522496679,0.02378749795689138,0.1198374837786165
1_427,5.0133,156.9569657890113,56.403125043663664,109.19278284582629,211.32819664079548,102.1354137949692,72.63511472011935,7.8024604713816945,-53.517672520709056,0.02082084266338353,0.1230971556485076
2_279,7.4536,294.61786322818165,72.98040477436271,204.61386573757727,453.1808899058575,248.56702416828023,47.700000263365204,10.74828271491399,-95.79948519122085,0.020243135828110603,0.13159177207151163
2_540,0.3627,120.65681089123714,13.689060822046635,102.90598319340279,141.1507662586762,38.244783065273424,61.67233878575974,6.692236966450608,-55.90632625861341,0.03455716290427143,0.1555684368482229
1_3545,7.0187,93.69068263720143,19.879950801333834,76.25680144981955,129.07417391739443,52.817372467574884,71.19221558630757,4.317078874263525,-15.506096575619154,0.02627588383605528,0.11977147923815452
2_534,1.0453,473.31955756617873,95.5162248536518,304.55834568855175,591.5541417795874,286.9957960910357,62.910024238476794,7.5813302834669845,-27.475703735567713,0.013597963044204174,0.13008828676686118
2_388,6.144,183.8654334563982,77.34581785397606,110.02179600964695,313.5462273398228,203.52443133017584,63.7794114312475,4.330199655327215,-12.428750635328464,0.02897881369479172,0.15376071311083944
1_2216,4.0107,231.67964020338462,100.3654884349338,83.08815093755395,382.1129026560917,299.02475171853774,70.64868669273035,6.108865481098627,-37.612208317450424,0.026457070045781374,0.13980133781242798
1_1678,5.0133,150.57010549849974,52.41691755514342,100.47698022463209,179.78091136970437,79.30393114507228,71.37105240470149,5.88351647769168,-37.463786999437076,0.019835574240148597,0.13910610904659904
1_5571,7.0187,191.91048424383263,42.43717879202952,121.8034508651977,257.5059357782235,135.70248491302578,71.65403387454229,5.773073285164455,-28.721318964387113,0.020640121374034776,0.13940710724048833
1_2354,4.0107,181.09890666703285,33.300616370471325,122.84376209893172,253.6480199348642,130.8042578359325,71.13490154571866,7.007353133708917,-18.74367782470252,0.01685173611186944,0.10375884545651842
2_51,2.752,149.62891225449758,20.508856766823975,119.0136457495784,183.42882061562764,64.41517486604924,53.73680098221941,7.235976492319781,-61.277971940964065,0.027313876593629487,0.15028839714334313
2_13,2.4533,411.33569852208484,134.12927869798767,135.71643873563673,583.7051027238726,447.9886639882359,60.42329438123804,11.280154326653642,-76.46006192784708,0.030434402542471355,0.12571855927716105
2_552,0.6613,363.1182573741973,94.22732509867687,131.7006065025974,450.49519363318865,318.79458713059125,64.64711323788553,4.839136933982997,-13.4857210480042,0.03294335027108703,0.18222841214590363
2_172,2.56,312.13416240838023,105.37558955870651,101.28476075729509,471.09392632911613,369.80916557182104,65.89474444572477,7.283577779961461,-88.69881692895045,0.019499065352343685,0.1250156035895339
2_550,1.8347,178.37936474217625,75.69355508326855,106.69461840583529,367.3297454876326,260.6351270817973,57.499425780457045,8.13022770950333,-66.83472583741037,0.022990802725930688,0.1088261889152642
2_491,3.7845,167.12693819622208,51.9758282536726,114.17435802340839,269.6833983920082,155.5090403685998,53.66688579043227,9.774499703734374,-141.80715464884122,0.026278266905313884,0.15538687241856664
1_4286,4.0107,184.58690846687057,64.91077495108469,113.82733965229093,291.0017591800563,177.17441952776537,62.17696817925993,5.4442189148002145,-27.737538276841654,0.02711875375372287,0.1404735297869063
2_358,2.1333,211.2914417098532,53.883998516726706,149.39796306683812,294.45586886995216,145.05790580311404,53.15735947747059,9.797617069465153,-65.62408788532146,0.02383719076356764,0.1505423948246821
1_507,9.0027,189.7938359179884,57.82376272507555,132.00540524930778,275.1373728560151,143.1319676067073,69.54522973058047,10.990183402885124,-68.39674449353014,0.02435262761069569,0.13122068329811085
1_7641,10.0053,163.16273477102519,67.10251491099443,78.33585290761363,255.11374022836353,176.7778873207499,67.23029287865188,11.370351191623476,-59.96499467448865,0.022737388983395744,0.1358363234409659
2_373,4.4582,186.57026507523707,107.11846386497493,118.73142247189644,492.07213375143607,373.3407112795396,58.94506828976954,7.449350586439784,-80.8572328691774,0.026201280093053794,0.17684774141588955
2_306,9.4041,115.98476792743283,61.420470323923766,86.59463595496996,135.17777713399283,48.583141179022874,62.89812105749006,8.149154616798613,-84.11596681430053,0.027570244964948098,0.14671664354241928
1_6065,9.0027,189.7086776190657,44.94127636162003,132.14433604843194,250.3500105614523,118.20567451302037,67.68425075553594,6.978297392966228,-28.836739226868705,0.021049242908769764,0.13198898007241008
2_392,5.7449,120.12011841453176,40.49875222069027,78.51349736256532,183.6799489641768,105.16645160161147,71.4164194270191,5.870499243005704,-21.879865999097348,0.03213022375678795,0.19619714082562842
2_88,1.344,168.79160807819565,47.41968755576244,89.67048814636323,231.2377336928082,141.56724554644498,60.98091337809633,7.047536485602242,-34.780511742134884,0.01081451367042892,0.1304610538723379
2_78,2.4747,143.3917270486199,37.03162038262934,103.79906495564988,215.316831195768,111.51776624011812,64.09361356433187,7.2916429092465025,-29.08052567459628,0.021361971685749753,0.12722631337618856
2_250,2.2187,254.95480053487873,24.74410510928874,228.99846193501776,309.96569806445433,80.96723612943657,54.95293256649537,6.464403556274731,-44.482948808208405,0.0272919645268933,0.17967201831020846
2_357,6.848,241.42306953710468,84.44529053671282,173.7162044294885,478.3289451790916,304.61274074960306,58.41171507134151,12.04387047064315,-100.30286904195587,0.025870156359625578,0.1538754642238336
2_231,2.752,203.0083603429594,71.02240720382748,129.61251138999063,236.86489722833642,107.25238583834579,58.01129257283493,8.286674898513853,-69.55288317285682,0.032360809673327266,0.16499968988581862
1_1772,5.0133,223.5484833110421,67.67896675375704,109.56664933171494,349.5452090930367,239.97855976132178,73.32111585271144,7.817942767522999,-36.30875783471765,0.01924173844644628,0.1089524356856688
2_295,1.9627,180.90869978390984,42.35590891251997,96.4144262073927,253.7835371710118,157.3691109636191,62.513915412322724,6.7188626652690235,-29.862899976866764,0.01889164884907896,0.1047048124596076
2_429,4.4373,387.4619938543506,123.53863612885212,215.26534633189104,582.187827524472,366.922481192581,61.71285489170303,3.6900130517046064,-35.88940115731031,0.02723694761633828,0.18602787840376295
2_608,4.3421,120.87997326025379,23.44526248989141,78.97096179859547,161.83680465563975,82.86584285704429,72.32910060386467,5.265881616576922,-39.023833732332314,0.026485503370546653,0.16908578997787505
1_1484,4.0107,222.81687687363848,79.69974284137744,131.4135728592758,349.6114218330522,218.1978489737764,72.26673266093421,9.55123223094793,-46.18427359273844,0.023933272074769876,0.1078518196785535
2_426,7.0187,229.33153699459214,58.59889023040877,116.38620201850955,334.2627218177432,217.87651979923368,60.33841157727753,11.080017015100186,-51.213555046733696,0.014479161800761744,0.13073666412060791
1_5058,9.0027,195.1928462191947,76.52654346384396,119.71719489223058,359.44707003813346,239.7298751459029,69.83999227477285,10.940084270503363,-37.091704894368306,0.029678868666999546,0.15635526095496224
1_7449,6.014,185.6276564802099,47.02594936528094,117.94824506462,259.62276915623784,141.67452409161785,62.824225640204176,12.55926685382874,-62.0136373145103,0.019420805563138584,0.12450342330878991
1_10977,4.0107,156.54659419025018,117.06731916162984,88.02028522074922,552.740114066747,464.71982884599777,57.97939909253631,7.34126234887331,-69.20895959662855,0.027464093951754226,0.14105432169742343
1_10857,7.0187,139.95158292793056,41.690779498995525,94.35630078306677,191.43869467128533,97.08239388821856,57.71825290422302,7.854483074785023,-91.18530939384152,0.025351243911216497,0.1472498773231319
1_9087,7.0187,139.47924006146076,37.9011876541299,103.13101441767236,230.5072399684439,127.37622555077155,71.79617747636091,6.9942798729267315,-44.350734771365296,0.02179000580447245,0.1439516393618647
1_2819,4.0107,189.72019139345028,94.70911325103681,104.41555157873313,394.67878528534703,290.2632337066139,66.59548375533576,9.027895497684936,-46.25844293419871,0.02448237795657119,0.14546711454258968
1_5679,9.0027,140.13595086882896,16.847840599062174,117.80199894838086,171.36803865986272,53.566039711481864,71.5004786013777,7.187671402143325,-30.831311339422985,0.0236982029643865,0.13119461766151858
2_369,4.1099,181.43916651360976,119.62237013349532,109.51781651007644,501.85250511934544,392.334688609269,64.11195076460855,9.316617598431671,-66.06924711361597,0.020003688419027808,0.14346458788040242
2_225,2.3467,218.78054099612893,73.00153200309293,160.9081531277532,393.1240239907142,232.215870862961,60.69682609250116,9.601465176540222,-47.9917758575498,0.017430961557556676,0.1376730361312793
2_420,5.8979,226.57743334057218,42.96804602657526,182.73822405158162,297.52021965434733,114.7819956027657,64.98675052535754,9.063226419331357,-45.04318510369881,0.015151265930057146,0.11077270112484525
1_5880,4.0107,188.33587019462573,25.5864226851752,148.01102200224602,223.2881300183197,75.27710801607367,67.28468289205102,7.603214642274176,-55.72855957512816,0.021864946940102506,0.11518800681658811
2_514,2.7947,315.237365865396,62.48024552626778,222.21870801844483,405.3092731622443,183.0905651437995,63.97345216235333,7.4408789288499255,-47.79945306423553,0.018489000139470912,0.10666093261123114
2_148,10.9134,301.35189779688164,151.04091534988854,121.33790984760789,570.22699509206,448.8890852444521,65.57353444007752,6.774145946467069,-22.75817317505026,0.0417610534238476,0.1971199276689103
2_30,1.8773,185.592583942689,68.74928911512019,79.13369893409836,324.0979840900699,244.9642851559715,49.04969042582235,11.851904290543125,-102.79109379095078,0.029409913090590285,0.11971463342186951
1_1470,3.008,208.98010199537154,55.50801905626138,97.85514712304418,309.2302406413499,211.37509351830573,65.30465541258492,10.361155562640457,-93.47600871173861,0.019974935475658394,0.09348216754804428
2_323,3.2831,182.29561563695177,50.22945645461959,83.06632566779226,247.19224872615504,164.1259230583628,74.22368494317165,4.134679956683793,-9.844458375458839,0.02137798590774776,0.15660071304414655
1_5964,4.0107,177.83739558095192,106.78649625868886,94.80123015454808,456.5813331572313,361.78010300268323,70.91758640318132,3.9290674778402392,-15.198849066621516,0.05712991724745507,0.1731923432828064
1_10496,14.016,195.1258683223582,59.053514940771585,123.50631465123716,256.58989402333094,133.08357937209377,64.71140167098243,11.29388582454139,-51.67415648260159,0.017598423031817193,0.12663772919313018
1_3840,12.0107,148.29451273496318,30.74252126706845,115.46592040647268,198.42892993612784,82.96300952965517,69.34089968264507,5.121212516032852,-26.23589873667289,0.0227182530714233,0.13053570118541083
1_6188,4.0107,209.45438203580323,49.79196241007753,166.05632484414656,295.17810997925943,129.12178513511287,68.91885784256793,5.23724439170738,-14.96959717572375,0.02190553101252204,0.1229083626212586
1_5109,5.0133,146.6040440936132,25.00162219254113,118.21086263142186,208.014276978103,89.80341434668114,72.52763483481098,5.457564749961757,-28.55047023388877,0.024927330481710717,0.13613547201817702
1_11378,6.016,136.46599982979703,43.54285686748065,97.05965064798198,232.21333144324456,135.15368079526257,60.030085190697,9.090129537252242,-77.28508385390772,0.021863811639288515,0.1514855242688456
1_2361,4.0107,242.12468825260956,65.75551021128095,111.19487595980215,366.14804431903565,254.9531683592335,70.5311255026186,7.130764830573693,-28.713129955307135,0.021152677623470544,0.15355603725482347
2_479,4.4582,185.52549711403412,81.4505086160623,129.17942564071112,392.71522713757173,263.5358014968606,77.06467662663519,5.977895248217809,-15.867911464540777,0.02444146670138909,0.1667120140211298
2_317,4.2667,344.77287056019037,101.93523646943103,222.10891083586856,538.6576744172711,316.54876358140257,50.7377371228515,9.817164821891843,-98.63100112426352,0.022896097972811794,0.11140958703261103
1_5580,6.016,122.02868477266718,27.297031429001464,90.01030645476557,176.5048839989684,86.49457754420284,72.9481438607917,4.659212111995284,-19.637821270156504,0.020243980253078483,0.14909641622614533
1_7400,7.0124,286.69533946446325,53.20591925463351,230.37998858290425,407.93139162789174,177.5514030449875,63.7373411499768,10.94118609499616,-71.18137861850707,0.01639755275269644,0.10554228163815565
2_20,6.4853,228.37268175835464,140.86032511206804,98.50973654206939,503.7842791500757,405.2745426080063,63.262471421572904,8.858742429388098,-57.84726925663732,0.03494433996065748,0.19808656840944197
2_289,10.176,278.9979665839661,82.91508751786375,175.1519156344687,413.5109147222885,238.35899908781977,57.58013627489929,9.416113331538282,-45.18851844160814,0.02007936714174703,0.1212202305371366
1_7593,11.008,195.05778643309756,69.68993965370679,109.10298015771626,335.36262291399214,226.25964275627587,67.39870055590012,11.451592741523779,-49.284985016159624,0.027521785994090543,0.16674975554507782
2_173,2.56,166.10211151476324,26.54722552848849,115.65337855085713,204.5191246320848,88.86574608122768,52.2612344350071,8.666434533832074,-72.8073925261209,0.01438012778839972,0.10959417356112287
2_555,2.88,197.32348917723874,82.05217605258294,76.36468233402562,303.9841310625468,227.61944872852118,52.78731378625946,5.192818566323389,-55.5669415482023,0.0300137317207008,0.14881012700906568
2_222,4.9459,212.15503227701564,71.92366402356556,156.35713803473547,374.43930727090924,218.08216923617377,69.84715336564554,5.17556234205141,-15.278053091622436,0.01228934347375236,0.11293394149539693
1_11529,5.0133,170.16239455710348,63.437467202540084,132.25115352630525,190.21314090023873,57.96198737393348,55.988508263914476,17.51595057360143,-82.94892997843017,0.019335780401734608,0.13804927304519848
1_4603,9.0027,143.00699043704546,61.404812966740174,98.98391545727253,277.6958086132655,178.71189315599298,69.0471077838436,3.4196897943673226,-1.1115713577549973,0.017015929731963923,0.10686363322696214
2_206,4.1918,167.0445444048447,66.98790546424429,128.93563268269153,246.02231228901888,117.08667960632735,67.13319410261485,9.163031331587685,-50.51173501247488,0.019448341287270302,0.11275883287079864
2_271,4.2492,144.48306003724983,95.32522502765597,82.84407946904584,281.8697991049218,199.025719635876,60.85987789248833,9.79464010691692,-83.83472514451321,0.030889076443869845,0.16533019763986168
1_5166,4.0107,201.16458124018706,27.014229867623417,167.82731185858083,253.71001915629233,85.8827072977115,73.26473825824284,3.6505526638946346,-3.5145811399187292,0.018265360653659416,0.1305229636221859
1_1931,5.0133,182.61902373303826,113.5301557244088,94.19337456493722,517.6213029188775,423.4279283539403,73.18517078952401,7.246096135541337,-41.8422576509446,0.030312827813700226,0.12003157434671011
1_11055,12.0107,165.98212128842042,63.901919680082024,114.7139689974105,264.61895909432195,149.90499009691143,64.25277421119928,8.230385417825199,-57.96024331529663,0.02099644785660511,0.1337173110847473
1_4760,5.0133,148.12582750863695,32.9017428599885,100.10005509487104,203.96614912250226,103.86609402763122,69.43620425278493,2.6991391650415646,0.4792612734420266,0.024854637568773475,0.13846892545743883
1_8746,9.0027,218.7490903612809,47.258905572493894,175.22346090494887,315.9482145031473,140.72475359819845,56.06151013825421,12.274807999163334,-44.71849568475502,0.01395076086142964,0.11622761053351459
2_474,1.0027,141.24563312244186,34.88743742755433,85.59937368004454,194.5001815413487,108.90080786130416,52.90902034389552,11.845917676228781,-78.29074776621752,0.014139710372439203,0.12557810094658398
1_3837,8.0213,168.5848634995831,75.25942383898325,101.70375961120993,364.85967621128214,263.1559166000722,67.611850544965,6.838212479395861,-45.908353647322954,0.024079561936489222,0.13532578830629372
2_504,2.3467,352.58449050300106,85.9484147941204,174.05907594015457,492.1937959946629,318.1347200545083,57.77568297147304,5.323762443531137,-21.619365736814604,0.018966705908584736,0.13341715940744178
1_11046,5.0133,113.25657149740432,19.66608947946572,88.54774164621568,163.13661180583145,74.58887015961577,64.14137453313124,7.653171559504006,-70.126025718544,0.014846081043207266,0.12712195624475375
2_588,2.432,200.79130594507112,42.27137354392484,112.8363885544813,239.03639176366178,126.20000320918048,46.57648819507392,17.32449827106945,-113.3286337172406,0.01991632344974841,0.1267927379747105
2_390,5.1316,158.31285608466462,55.14754540900514,108.92315345086878,312.39475726282194,203.47160381195317,83.73139852204143,6.95914582512351,-8.016234398411111,0.024326716976757663,0.13225631019860518
2_375,2.4747,217.57259935021293,35.22194720362673,156.0580883808687,277.54473704628055,121.48664866541185,62.1444210180232,5.797351268702721,-16.748577862444566,0.022769429197124703,0.14949581763983721
2_245,6.016,126.06633075427439,32.418507943745745,89.0107879848339,201.71919839978258,112.70841041494869,42.94417757049626,14.162506090162525,-148.20722809258172,0.020910573772534094,0.11114245654085879
2_7,3.1683,238.11805392665468,14.969364546613548,207.71222397021356,256.02232325191636,48.310099281702804,54.136179250279085,6.181597833988962,-123.31762933412872,0.02381277537744658,0.14742870555693585
1_11242,9.0027,333.525606678134,97.1211449399236,152.61830275598,517.8009555952455,365.1826528392654,60.191503139840336,12.836333996362063,-56.76027728245625,0.016089635019729633,0.1012390375737005
1_7442,11.0062,154.71169425301,46.17418628621388,117.35886822683918,196.97571160700863,79.61684338016946,69.3039617288871,7.175223229506153,-36.81843552762929,0.018923191966881168,0.15217654733040475
2_155,8.2199,253.76669839648918,68.95438109179705,162.99804333341427,365.961742937916,202.9636996045017,69.18183904497195,6.396946363649065,-24.473556283456528,0.0198350811652491,0.13377399761601808
2_152,2.6381,198.2175685112234,77.38612399830998,128.6441294867878,248.8472898597674,120.2031603729796,65.3314123842115,6.425223959668403,-36.4906963261671,0.02531385212647476,0.12580657276287452
2_607,1.0027,299.9861963579041,86.81324090372821,121.29323787271822,395.1958181412982,273.90258026858,45.87167336367254,13.177229165431491,-133.8479072957864,0.03303547971379601,0.13201329290914957
2_36,7.5093,218.80120874582704,61.457220161710346,156.64849519091135,301.54906910057576,144.90057390966442,57.02398374262475,10.639870168537106,-43.84324049229567,0.02610210477498464,0.1491865320923528
2_188,1.8347,383.11502552678894,75.37611029193668,309.02235461700576,489.85393973239394,180.83158511538818,63.06645842212613,5.038794718488279,-18.764554385655657,0.030224406773568146,0.16029735758603408
1_1666,3.008,171.39162472022846,27.060669411889805,144.08937266807106,241.25215931090756,97.1627866428365,69.61767914842582,9.323063034742864,-73.30315233715967,0.02725700417849363,0.12129947124516653
2_448,2.4533,373.1518124230082,98.2116721026335,177.05061290492858,547.8063236482029,370.75571074327434,65.31097630533847,9.423478156736728,-52.49509384005028,0.029573556359891506,0.18402776916360747
1_1189,4.0107,161.37309765435992,95.92665416321462,99.31922342049867,407.0515988196321,307.7323753991334,76.14599163369752,6.919757127734399,-37.58532814641916,0.031108478675268014,0.177771989232923
1_10009,5.0133,238.78165282498694,74.32252413739917,142.0503619903085,345.2714494950503,203.22108750474183,65.30533275607804,6.418470374078758,-43.02228389523486,0.0165047767441789,0.12110995239645102
2_408,6.2306,205.89223423119978,47.69383126884086,120.5395108885466,276.15488776472,155.6153768761734,55.42762963259053,10.920939397160641,-68.98554262260782,0.021311379039622377,0.12557300157762327
2_609,1.472,104.15295038639105,12.303001698844756,84.27172181632488,121.76336980652506,37.49164799020018,68.83303335275424,6.089062383074321,-35.9769257805808,0.0262474497787746,0.16499112872777177
2_209,0.9985,268.51729585648843,73.58154579555983,134.99551689675624,361.63304425439674,226.6375273576405,59.66074756708036,8.549296673005141,-99.25759598830129,0.026259005418122608,0.1399216655354376
1_162,6.016,114.74406408396489,36.0242472468593,88.07889122021544,209.6228956173871,121.54400439717165,77.38690117912593,10.330196839752315,-27.88018423176339,0.016152049201212864,0.07588893071624254
1_4639,4.0107,138.68093954967782,42.451452613728605,82.46867090223611,233.00440723858992,150.5357363363538,69.0791045685687,3.0083747850875358,-0.9190699124243539,0.02402498418979963,0.16315447518953732
1_10190,11.008,202.24460557043915,67.6616778382422,120.38243855695487,385.00081470995303,264.61837615299817,59.36220431851226,13.32304155711326,-78.55497804536947,0.019101727449324642,0.12346589660863513
2_541,4.7349,125.53117378449043,54.82748803886609,78.26690028958645,169.05306542706668,90.78616513748024,69.98584564127434,6.7415847916135965,-49.08021617898862,0.034224101681281816,0.16382257212019544
2_485,4.1796,157.06495973612755,40.96407016599686,107.58635444830983,221.946880924421,114.36052647611118,63.664527777390745,9.119220943597767,-52.702396937307235,0.016330406133954638,0.11861914748669376
2_162,2.88,415.40892111915514,100.93566855003786,167.12377688022562,521.7590048294078,354.6352279491822,62.84269921699818,5.854983172438849,-20.26817027612954,0.02214017876762418,0.17039821442661057
1_3649,4.0107,246.49736394428473,52.77530079453096,196.3920389809122,358.3116963735335,161.9196573926213,71.51179929048403,4.24912635883635,-8.859018770306728,0.024010059923420445,0.156704458071652
1_182,5.0133,209.53439183610567,98.14929105063192,116.87044867149024,410.6025022405532,293.73205356906294,78.77734217349082,10.019867041745057,-32.182679522848034,0.03630706938008637,0.13879549878105338
1_5496,18.0053,230.57170896397128,114.7163899468193,80.29244419506658,505.88101238513093,425.58856819006434,73.47726422761122,4.520189526262127,-25.729448245195233,0.025930789676465803,0.18105425283592746
1_8045,3.008,169.49628116815137,102.16854493085317,81.26416378233418,410.6788826847919,329.4147189024577,59.201627356005176,9.008962025361738,-52.31536551972275,0.0252595463025861,0.15871510616220585
2_410,2.0907,153.7245331325854,55.544286384407606,111.66819159746012,284.4693949053861,172.80120330792596,57.75551941628216,9.093588489674918,-43.954862437388634,0.025323792210594154,0.16764216238064095
2_55,2.0907,177.3829226045281,9.910377856336805,160.23607149444962,190.9101993357285,30.674127841278874,61.05423775085562,7.287476339039666,-38.731974467316896,0.026956491093708457,0.16487048070665458
2_526,2.2187,244.31418033656038,129.05397109965512,86.92698613520795,495.55272893140466,408.62574279619673,55.585812957361306,7.159759886063093,-55.667912931111466,0.03675068343454658,0.1773074883246684
2_247,1.0453,226.38252831535448,42.42581250863086,180.56178678282336,295.2960182461923,114.73423146336896,67.37480076419473,7.273764455176686,-33.56343236100998,0.018055924583958913,0.11769491541193078
2_340,1.6427,336.3598399102658,158.33520962974328,131.46820091831026,587.7022211739402,456.23402025562996,55.155387745865994,9.11304450060934,-113.29283044103771,0.05026518222791408,0.19383833758902458
1_4949,14.016,217.58739134065848,56.172090821350224,149.4618814612369,309.8830213631766,160.4211399019397,68.14829926662523,4.707692350533857,-15.356180999135812,0.02314246865077205,0.14252555480920592
1_7443,5.0155,294.27626005487906,66.52853307049628,213.7386974576614,416.41463633106434,202.67593887340294,60.44106005481545,16.948871394130894,-76.75531443044257,0.02044166749131393,0.10675597009138138
1_5156,9.0027,114.53215192586889,62.098815000528205,91.37851893792451,124.34066823260142,32.962149294676905,69.43641941406987,10.375833918397316,-45.17647498417742,0.020547787566981824,0.1344170628871157
2_94,2.2187,175.7051180958418,52.94929898564126,122.04777244088078,311.12236137986747,189.0745889389867,55.06399874356003,9.304689134201443,-69.382018952028,0.019561691412075696,0.13175754816630494
1_9963,3.008,166.65453627020466,62.89617533716915,98.483664444329,272.7297607006448,174.2460962563158,61.84643057143885,13.866784452648197,-61.9635295300642,0.015272972951756034,0.11212456330111063
1_5627,7.0187,225.299911714473,143.75472532686513,131.36353206475857,582.9312536667917,451.5677216020331,67.52054953119911,12.618267029282656,-56.34152541355103,0.03875325437913348,0.176974706754283
2_611,1.0453,245.2586046888374,26.82600904572587,205.23639093086274,285.35855826146593,80.12216733060319,71.54999222045272,2.605923817866545,6.108554876166012,0.010177907715708671,0.10940977541622161
2_177,2.9227,224.43092966195903,46.401716897126576,173.36610108463088,343.05668988494045,169.69058880030957,59.193854400806025,7.2875592824596245,-45.09940871256497,0.024509230437869185,0.1299843912346164
2_259,9.1947,214.31233862032363,56.98143511073674,135.26804212015867,294.2276418265234,158.9595997063647,48.76451733705575,8.994554743076877,-112.08265203119059,0.02162802966412093,0.12874527923958093
2_151,2.8373,196.43849013066716,48.61729753863292,145.07810386003695,298.68592725436065,153.6078233943237,68.08040945380785,3.4994122873578157,2.143116336279884,0.015528423751018794,0.15586369635826983
2_356,0.512,212.16202695220122,52.761078536563375,124.89925323343812,268.2901285633527,143.3908753299146,54.34839935734337,8.066610746365537,-45.175883982482745,0.01709349273793878,0.102237201986293
2_535,3.0507,134.24470777578432,23.80485422888402,115.26517688720718,188.60548870863482,73.34031182142765,59.057766764375124,8.204867864511927,-23.488685484134624,0.016927101227586634,0.11818151776717796
1_10797,7.0187,211.09481745722007,79.69079214255942,138.3173176242904,441.07778439676446,302.76046677247405,57.51059832269956,8.093551386873958,-91.0587543918611,0.021688776439599662,0.11110125947916037
2_77,5.8027,282.81948357941855,68.75906440921513,196.59673306744324,368.87357217438085,172.27683910693762,59.12610323713595,10.712235336309977,-70.91930491212949,0.02380858817637442,0.13825683243857678
2_282,2.5173,379.295340021247,79.48601746118102,286.76073944884985,557.9362638282666,271.1755243794168,59.73956858265722,7.223315090021816,-60.0122671832467,0.021393635048923606,0.11787082989625355
2_506,6.1013,359.8310758784943,120.89882138494015,185.7303235312394,557.829989686704,372.09966615546466,61.87903494734107,6.743079123595354,-45.97956938121079,0.02642952100162044,0.13829854562821317
2_512,3.1579,243.78970350356596,78.93027523900513,164.23926225400672,451.29071651274273,287.05145425873604,81.83115978304058,2.3555084482789512,2.0324958513704057,0.027148812617373636,0.17033654422889402
2_589,5.1016,179.61964821429632,71.25674831389226,116.49827686932299,325.3403864454138,208.84210957609082,68.91113763403301,6.751967326999693,-40.51820862882066,0.020572888081647558,0.16373420226283014
2_467,1.6,229.03508241990602,41.844645742265705,154.38852240889696,282.4427382453337,128.05421583643675,60.20465221471637,6.245117160480773,-86.11538791623218,0.017019476189543043,0.1461936168363757
1_7395,4.0107,206.8509816080705,89.53485985283271,150.14224634969426,442.11535971269933,291.97311336300504,70.46967989041408,9.14195758666953,-48.20016627881262,0.028073653730787487,0.13094646864823403
1_6427,6.016,217.03176419415544,48.24636129168362,126.46047070960789,261.15561867469745,134.69514796508957,64.86414864132273,11.413863694499444,-60.73614681103371,0.018176017022218986,0.08812811243501098
2_86,2.8373,130.2938674602306,97.81178775805564,78.76543688271553,161.44171482063993,82.6762779379244,54.11951840241904,5.8755516151882405,-128.5700847619206,0.04587528916309796,0.228482100692271
1_4576,14.016,254.20367754514632,74.66758525317715,161.53522405220073,388.0060452781061,226.47082122590538,61.039149040903986,9.547709240073326,-54.48655735489284,0.023965083754811052,0.12537272539223054
2_413,3.84,323.69503503406196,66.08762539417641,179.76894055437873,414.76943624480936,235.00049569043063,59.35953207056734,9.204708585528733,-56.54593362114978,0.021762317800290247,0.11320109437254379
2_478,7.3684,170.22921410484324,34.88859626232614,123.36484033742583,227.69360615018056,104.32876581275472,68.28580894836168,9.50616645486485,-43.98771530047262,0.016278549405906322,0.12548583466717403
2_149,0.832,178.21983053812394,40.82225209565383,84.98828188827885,226.96781289460006,141.97953100632122,39.41769551831548,7.5320674140656045,-128.56555814295666,0.04127466377730878,0.16548381350611183
1_2420,4.0107,203.5455927942544,63.85695150629889,150.303664218988,380.39040801718517,230.08674379819718,72.35300058593018,3.8676091450040624,-6.383052303356618,0.019136731732537143,0.13778475480601315
1_11322,6.016,298.9751993730954,83.44931549219352,182.62618895560144,461.5195530931469,278.89336413754546,61.06599111369406,8.396288997507439,-62.010335590319784,0.022279873677797143,0.1277636735165416
1_4850,7.0187,144.38978153697946,44.19469440907794,99.42472927701046,186.8608994658492,87.43617018883874,68.44216918039781,4.51314472354898,-8.87176695994213,0.02187871671919667,0.12085149134036735
1_1722,3.008,135.79777818215405,47.73159746344388,113.89649011820029,170.0744295446289,56.17793942642862,72.22241301079293,7.634780790467672,-26.96963396829214,0.028672812013519736,0.14607728826209554
2_547,2.3893,214.4717225813282,68.90713846211828,125.09533036711085,308.9727844810918,183.87745411398097,58.19497895523041,9.6238264217792,-75.86989889896518,0.021374842981240365,0.13016536273703083
1_10748,7.0187,177.8951752769332,29.017503527953046,144.16319398930278,220.3492242750808,76.186030285778,63.23760762563818,9.140509718805538,-55.99510482627213,0.024636184911529354,0.16214750704630562
1_11224,10.0053,106.5498589706727,32.91795816376102,77.27615869638643,150.49106353703135,73.21490484064492,59.64279841796697,13.018031558315961,-80.3188446144651,0.022439011612218472,0.14991167557109003
1_3419,5.0133,237.24060723033745,82.9981331301404,155.27623117222905,416.770712873599,261.49448170137,66.90397771955482,6.736505245014539,-64.80375381876338,0.0254243052356538,0.1408998719332928
2_374,11.401,294.85970079254645,142.77511816820615,144.57892584427015,510.54500576457167,365.9660799203015,56.438334159471076,7.744531845396951,-120.87740665404618,0.026441480129109646,0.19197104534729578
2_579,1.1733,163.57134571618892,47.570647016139574,89.34654092792003,248.65140601553705,159.30486508761703,64.26699577880923,7.468776953636323,-15.653222360520658,0.024263917428999558,0.15243371125848937
2_181,1.92,182.61412765295177,38.612548997953404,148.7076891548593,250.0902822944692,101.3825931396099,50.35072997200196,8.392072105697359,-144.94376787912447,0.03246089289422642,0.13846051554167832
2_462,5.4567,194.05103722456118,30.185982435094537,149.5892619340802,255.36423632914978,105.77497439506956,82.82084207824565,2.887483467867127,-2.694869593270817,0.023076952099568265,0.1296978562909581
2_423,2.432,292.91769240483325,70.76798928616525,220.19387998574572,377.7838178335481,157.58993784780236,59.85206283204316,8.875238927934282,-61.41451578696286,0.025835092139801105,0.13187544255088618
2_447,6.5016,195.05972137194544,70.8895196417761,121.70801457422178,301.3150637080378,179.60704913381605,57.82345798702987,8.900782287419187,-76.15334059806385,0.027409064145324645,0.16092877657209242
2_230,4.1387,200.0675937958957,64.84249132505188,129.5252653128856,260.908931210883,131.3836658979974,56.881985790237835,8.517997676072433,-78.43187643335784,0.028183674738161087,0.12457008441630947
2_337,2.8373,238.8425518621573,31.129912345189737,197.61867081341902,278.06461937202135,80.44594855860234,63.24123533765644,6.975755905471495,-31.012531406262795,0.022829433129915665,0.12763494856070598
2_407,1.3867,225.81866325443434,27.593502065069917,164.4330230079712,262.2197041727962,97.78668116482498,65.51520187422095,3.2825535583381447,1.1385847767275703,0.018191619482113165,0.167797474866511
1_6039,5.0133,331.06254807152885,73.40433497601363,252.86085702080126,506.2308932070531,253.37003618625184,64.86470547717674,10.709939800661893,-39.736154348008704,0.020584547621624844,0.107137842116463
2_176,2.6453,160.90689601198682,29.321548684483062,124.90015901819197,214.9823987048972,90.08223968670524,60.48810952090233,8.959278584625315,-64.02475553581354,0.022604567106360253,0.10716149288563648
1_2614,4.0107,147.12328783630525,53.569767017578904,106.5598712144581,200.45826365458706,93.89839244012896,73.29147066298728,7.74904374296652,-23.917052042742192,0.020821387636976826,0.1202962226288345
2_604,3.6932,155.71022207077647,36.45882279690775,132.79602232383706,180.73737701512246,47.9413546912854,82.31417537974531,3.7848858477205507,0.07822120477465427,0.021971460081441765,0.15723229655848556
1_4792,9.0027,158.1635102656066,24.390753684798366,124.5800112378186,199.75351720192197,75.17350596410337,68.66159483461233,3.707268422883417,-5.635664828871088,0.021819396769945612,0.11158767700528224
2_312,3.3187,301.9839923436575,84.5114301318805,220.25878469765001,445.99775630229914,225.73897160464912,59.93836323760987,9.321812009473806,-98.80341611078848,0.019512710491834763,0.10905523093313331
2_128,2.4747,203.23553181909386,38.345042832504966,168.88799541339918,302.93352541278784,134.04552999938866,63.60286403396153,5.575789029004095,-26.06282794320154,0.02159554361681989,0.13521211549972023
1_7953,4.0107,152.95975744795663,35.488283578276544,103.16880925573491,199.92526383189383,96.75645457615892,64.27935004371861,14.411601214577024,-74.07673414056006,0.018753065941480775,0.13858564649029967
2_573,7.0124,210.76650150156084,101.91796968303612,129.48694448466617,424.0028501817378,294.5159056970716,68.87608604142103,5.637490184114514,-25.597917814229532,0.02273139599632964,0.15026974485469755
2_500,6.6641,360.24164683774,109.19491512567147,205.3346757240871,534.5497413668196,329.2150656427325,66.42047927904306,8.094148991180488,-29.353878705104083,0.025095279740971355,0.16390174808667124
1_11232,6.016,419.77294244873417,88.06048432444065,312.38509980450164,586.935095034516,274.5499952300144,56.694661745716346,13.398353600073824,-68.28413105026907,0.016182527900743746,0.08779747865690202
1_8217,6.016,184.377798207844,143.91374637404257,104.22168209258912,569.4000011855563,465.17831909296723,46.86085078840205,18.89708187498991,-93.18355869953483,0.02642873970159469,0.1594316324180606
1_1973,5.0133,262.82405334694084,58.331610503068646,193.96763297530643,394.6450536258938,200.67742065058738,67.3145571871071,7.790184119613199,-73.83028139787221,0.015618551897708815,0.11341834029485967
1_6648,6.016,154.50563801005288,94.85226448082923,109.02460345843144,506.0567539859023,397.03215052747083,67.39803534912451,8.0435207388811,-61.29720629212766,0.024415625659932463,0.12169847360751244
1_6769,7.0187,175.2069484495743,58.85422177281252,135.07847571943364,247.43800922492437,112.35953350549073,57.827542494862456,15.443733366442578,-99.0738173673593,0.023107996045581832,0.14115912705503686
1_2792,3.008,291.2318911415299,62.103553639953425,205.1338223769361,405.2300878848777,200.0962655079416,71.84114697028917,5.70254962037028,-20.870331478109936,0.018989307951479135,0.1310384642303369
2_591,10.7741,166.66367325192527,59.83060029222977,121.3786581548201,245.74077856564767,124.36212041082757,78.50093746306813,7.705687333461789,-24.574173338511237,0.01983760486743237,0.14731737653571797
2_502,7.3883,179.34488065631868,72.84579976974018,105.903115226078,318.850864279838,212.94774905376,81.93675431117727,4.631139225281181,0.890568754275583,0.022624334576568584,0.1423105766507176
2_431,2.0918,160.01909292585898,110.50100658232878,84.4140913171288,465.6757129939423,381.2616216768135,61.34889406544441,7.204428939621215,-38.01788318270814,0.017885940756750422,0.16591938733555392
2_182,6.5945,258.704778351706,111.35826110119392,149.7363816963071,486.9405195376576,337.20413784135053,80.68292313779739,6.353460093602381,-16.091795443246692,0.022899067518544945,0.14506251243075496
2_486,3.6907,298.55475334772393,121.16743811454313,90.10243396187627,532.3111076489536,442.2086736870773,58.605074922205056,9.065838158113378,-59.1883621291622,0.024152201784091498,0.14270899618129648
2_50,11.5868,234.06718603769622,109.04392032853167,137.72336596608727,549.2731872264203,411.54982126033303,63.21500207983988,10.629372995332504,-85.03586894385069,0.02041690894125295,0.157573754447935
2_316,2.176,325.27515375269996,90.22124806787194,229.23423432147322,484.02766697128783,254.7934326498146,41.461885932294436,13.192789681944907,-145.07751570214208,0.02569504364152634,0.1504284200695116
2_257,3.7973,417.04226911059357,101.23840096111708,231.98912903942357,565.312146532549,333.32301749312546,60.45041151500407,8.10709227927326,-49.20693212058912,0.025538022993818455,0.16236113762222568
1_6428,6.016,124.71966757373781,36.4992320115747,100.02130848242109,192.80304647973296,92.78173799731186,69.35029795201389,6.306086997831447,-33.135166635817654,0.019953815964954724,0.13463217611792386
1_1987,6.016,211.05292602883202,45.04408657753046,160.26657086363244,278.33259515580727,118.06602429217483,68.68759224105915,7.981702281381735,-38.491191671060605,0.015458501946246221,0.09768552368982411
2_119,1.6,153.40708285570008,23.472561247395287,109.10242126770717,195.34298110772752,86.24055984002035,62.78393427739615,6.310040002843422,-22.010354004809923,0.022220443644446582,0.13863071646221223
2_203,2.4533,307.76993077165884,56.25875637653078,206.6278324254801,355.934849205659,149.3070167801789,61.14974495710519,7.526715372721808,-57.622980030543324,0.024780306876056677,0.11079517434862626
2_144,3.4598,153.6797155059305,31.094358252393842,111.68419512359934,198.00834396899032,86.32414884539098,76.26217821037166,5.78557114253951,-17.502929958856598,0.017301907328065882,0.12670751718829815
2_146,3.136,314.1003337224286,59.4992181360701,248.7882100125852,381.122399950377,132.33418993779176,59.74143702858893,5.989927591124795,-57.78877366483509,0.02254205097538015,0.14755269107268812
1_4477,6.016,228.13796741077525,82.05227041526692,158.42165918433457,345.26333596722145,186.84167678288688,58.069745680565994,14.08967354648376,-65.59384289393944,0.024218678506068812,0.14420916411548368
2_334,2.0907,139.44262256315835,89.34253224981057,89.59433163534848,437.2434046869395,347.649073051591,46.7323655574636,13.11070308414851,-94.88605627056648,0.025197794411297696,0.13991178019043088
2_180,1.6,365.3794556989586,93.11738631623244,231.58558955355153,513.1665424595016,281.58095290595,59.12849346862444,5.210508418170406,-24.008591195384714,0.028996015032508326,0.1480453002183008
2_341,5.9307,186.08785045150128,127.6520898906813,83.0337619931415,467.1425604101405,384.108798416999,56.04620192394293,8.043575021159716,-61.64618057037178,0.03823400944051238,0.1805909069198097
1_7494,5.0155,223.42135816596547,112.51093328640707,159.660212732415,547.7139599511248,388.0537472187098,65.77507050911981,7.740892769691165,-49.967523625768656,0.020730996716679915,0.14588728198526946
1_7661,4.0107,206.68031100018666,58.28718800300859,107.88537067968974,260.6864145076621,152.80104382797236,55.59962813116882,6.486800004731803,-22.76804553458483,0.030806498216527582,0.16436128935745384
2_267,1.1307,352.0746355776884,106.53790237331592,182.09683371053842,519.0423408175964,336.94550710705795,60.27205733411388,8.920453267245147,-33.648115849277374,0.022889508671483132,0.11063830931296745
2_299,3.008,166.17271410306847,68.65261148075304,118.45798965837727,213.73828640059236,95.28029674221509,57.347349674359386,7.873052621115164,-76.40311787451807,0.02960052296972238,0.1458531898370166
2_623,5.8282,214.2864879707884,43.52811009962893,130.2683688412581,284.4879661456313,154.21959730437317,63.64211016254027,7.347081321266061,-21.644036588333822,0.016306522581884662,0.1275470895889593
2_226,9.8917,296.72578682156046,179.95232597918192,76.89474899175691,579.364213856448,502.46946486469113,72.88479050001838,3.6695398922367164,-22.31650303120794,0.035351035863529195,0.19669248222100416
1_4743,12.0107,181.53193338155705,62.04986227817547,98.40857153588634,282.50245163775696,184.09388010187064,68.71349999872012,3.665544865559738,-4.948933705601745,0.02136262462856092,0.11990931334711756
1_10462,9.0027,110.3574911777643,59.872635437364394,81.44360766820597,146.24548266057226,64.8018749923663,62.06681413072616,8.346670316430053,-55.95634272356283,0.023884603076884142,0.16450597490611407
2_370,4.237,174.0778707510863,45.28140522770433,128.5706504062526,260.3689860163775,131.7983356101249,54.45857637467627,8.201281657672338,-98.50594073658883,0.029060941033417213,0.1343375844984014
2_294,3.5276,146.09540741601955,67.22469471412228,109.6560876517619,325.5814925840482,215.9254049322863,71.00453884078857,6.766641986746279,-46.80769571515976,0.045866259615660335,0.156487327231311
2_39,4.853,171.38492336787516,41.8221330629089,97.21074486866719,197.0154860673134,99.8047411986462,64.06052893652866,7.279109403693894,-50.12290165684158,0.02883085190790882,0.14373735283674702
2_129,2.9954,181.77628825667088,25.27551907356263,128.9069048936869,217.95495981106802,89.04805491738111,79.41497751350364,5.037254300746028,-6.776943742570916,0.02351062510362427,0.14272556004943251
1_1560,4.0107,171.05206829369715,52.47427697642278,123.17438262180872,237.59736093427887,114.42297831247015,74.88929161344144,5.257645098037045,-14.028833382928743,0.022878903376264265,0.1470945011783542
2_560,3.84,395.28899013447744,70.89925679317675,277.70648782396216,517.6969162644913,239.99042844052912,59.47442036953717,7.951772884871131,-46.834824578086966,0.01978202718845345,0.11950384386615748
2_79,3.6693,195.56104513243454,31.91296674368289,102.24054358914358,231.62985683125297,129.38931324210938,48.54002717572575,12.139885526913607,-90.3732652643518,0.02401669174256189,0.14378604434118572
1_3293,6.016,129.82226700684424,17.131968632369674,111.56203862882296,153.71964539090447,42.157606762081514,70.8779079515735,4.698246795223114,-10.328033352708477,0.016579025960937407,0.11478807435991391
1_340,6.016,204.09062176864538,85.1298823659673,118.00128843558768,447.4796631627498,329.4783747271621,81.7660476131826,8.975957740005358,-23.412764279009217,0.026177835972974496,0.10860880120227805
1_1001,3.008,182.19383778886012,51.45533212174431,113.83041225670898,285.4673004672209,171.63688821051193,78.08975187094131,11.72937069568536,-34.06050599497542,0.029234005873851172,0.12223421955610396
2_371,1.28,165.7928976920968,21.00675255225304,133.59212283596318,202.76182962425744,69.16970678829426,68.1882219645228,7.544968606873894,-19.071961719611796,0.013211630494098712,0.09838950210289368
2_622,6.6768,189.44090803927764,112.85650689198575,111.11969833957353,517.3074148462723,406.1877165066988,61.2907892400728,8.50231014710726,-76.67389874945015,0.025253885567544654,0.15109645717386372
1_5919,8.0,151.26661095141048,37.54186247197628,106.44046609659928,225.33021849807247,118.88975240147319,68.13024931640541,7.853226037263555,-30.8129710597829,0.024458253632051064,0.13666437826560973
2_487,7.4567,238.03664242191925,75.84328812766253,132.64001606061174,349.8161631724375,217.17614711182574,66.05848446087886,7.268838634342135,-35.797897923226245,0.017432445953145217,0.1343626984178516
2_92,3.9554,175.96400526613377,50.05339650364521,125.93393652263491,266.63921394909056,140.70527742645567,59.79914157477634,6.913934868643117,-60.008339243722915,0.019201690283954978,0.12558689278888413
1_11699,4.0107,147.4643415200261,32.3200897333106,102.01254996706432,181.75742952785126,79.74487956078694,62.906502499992655,12.132328299542815,-50.89359339039384,0.017267498508254174,0.12300987217852433
1_2837,4.0107,247.60426296225182,79.42028358560609,149.77448728173505,356.27460990042476,206.50012261868972,72.9686507510852,2.1731880015167886,-4.977635797489905,0.027504190820501144,0.17819636850428677
2_141,5.3406,171.35351540227882,98.25281050093132,81.42881575425298,348.7804287387496,267.3516129844966,73.14062339739937,5.7753312074886765,-26.408344049030177,0.025211885051905445,0.14189616118793272
2_3,3.132,189.77546628450304,44.65486833777291,135.1442875827553,283.5083096818871,148.3640220991318,57.20835869154336,7.869480161036966,-73.07638761495814,0.02541199524372748,0.16343348430851182
1_8042,5.0133,145.32882218431766,61.38983272645464,83.71119931092156,238.2712239069907,154.56002459606916,57.605691263870206,9.51056640671131,-36.96639785057864,0.018671745364290896,0.10672018533793068
2_261,2.176,175.80563623715935,42.65912522474434,109.86959109643506,245.63732702650844,135.7677359300734,58.67722056983072,6.518315838956981,-32.822632112842626,0.03010676865591257,0.1396035031196655
1_3476,6.016,181.2041235674362,44.4881408725538,110.66972614073119,287.1121228914289,176.4423967506977,70.74281672177489,5.315269101682919,-27.731357160221044,0.02227286634718075,0.12521188171032258
2_572,1.6,290.4216882200569,83.31186711358336,170.44727412164895,379.4538516334816,209.00657751183263,60.29954705228359,6.212741471947167,-69.75698871511212,0.034278120067006354,0.16219744035073808
2_263,2.1333,257.0829925581019,99.61430549193174,139.73213450771954,474.1761993107511,334.44406480303155,58.753885118733415,7.008854750444055,-47.57300143617418,0.024282566843549586,0.12937914854766386
1_11723,4.0107,218.67941161813596,74.25577752692399,152.12052356986788,412.3957665521039,260.275242982236,53.9682978319205,19.959799877422164,-94.88012163264756,0.030065832607009384,0.12475307539278453
2_338,7.5465,131.03301427341253,52.13591603423046,95.7699201164611,257.1954835933544,161.42556347689333,62.99361639163614,8.989070652732007,-73.84595974368631,0.021179369468843086,0.12602110959868365
2_527,4.4769,311.3971706565486,109.80130689847232,192.75760987222816,472.1440532685086,279.38644339628047,63.45734236224037,8.61540391496207,-60.60323090739402,0.022816448634868154,0.10484422851066363
1_8837,8.0,164.19912211273711,45.27860592382281,117.52012871657013,232.57211028422637,115.05198156765624,59.51424334520508,7.965329458001656,-32.582863281236065,0.02534129450093519,0.14510033736562863
2_227,4.5172,166.29645594994756,56.80791441577313,136.92844231110888,177.93368520079613,41.00524288968725,66.87415953126698,5.488632553319196,-32.84173694338504,0.020138050619439348,0.13141008221155387
1_5134,8.0213,233.30817348564497,75.02948085906765,162.66588092470903,403.6421652470637,240.97628432235467,67.1871089416046,10.989863925185373,-62.52159261305009,0.01934675170815319,0.09615750946895282
2_558,4.5227,234.66302705698232,84.45806334515937,106.3907478867927,293.9804113598023,187.5896634730096,65.81507799897905,8.043595661446238,-75.70823744970366,0.028099379381748415,0.15636832994297287
2_31,1.7707,407.08651390306676,84.01511322503174,270.3687333745778,573.1981170573182,302.8293836827404,55.4302694109367,10.035867043165453,-79.58470221704225,0.024407804293297974,0.11537078803101676
1_4145,6.016,158.91034173382096,99.95643530504243,105.09231883606562,397.68666083886194,292.59434200279634,67.18541723371338,8.938950488938358,-44.31856348266055,0.023713890514158103,0.14285766783464768
2_287,3.02,239.6662750149915,53.73187742675396,138.1966926626259,325.95834047281636,187.76164781019045,61.37695277862271,9.897258851090799,-98.18264858140252,0.029551822130787518,0.1393857597982461
2_471,1.8808,188.89244602918473,23.628428579296187,158.3496738153112,216.4600398172065,58.1103660018953,57.18728912590812,10.202423916113247,-81.13431631853676,0.010161965962889652,0.11724654648812616
2_301,2.5289,194.39322562844833,61.56543935319858,123.78581924148234,355.0874606031162,231.30164136163387,53.70223853726075,13.921534554442836,-82.739933496878,0.02966016351580206,0.15843008432004277
2_494,4.2263,213.6447423426158,49.06325701067357,163.67113939954277,299.4307546683318,135.75961526878905,62.722359629635704,7.819371389229905,-40.67174994510111,0.015685382762129874,0.12411622432367311
1_5953,7.0187,115.30717915581208,51.196538899481915,83.01786918116728,192.32059322149436,109.30272404032708,67.03827513061647,8.7505764456779,-34.17716837929958,0.023746912706156753,0.13084997105600826
2_28,3.968,217.41871657855935,52.47448938751198,151.09980549240208,322.9920447900454,171.8922392976433,48.44195002497082,8.294649802268966,-104.49544506911279,0.018960172264215255,0.12612224032041264
2_190,6.8731,117.13874907865711,39.76391489228909,94.32254447625267,146.55543368745225,52.23288921119958,65.45977938582797,7.5756815313700665,-39.324162932611074,0.013281963590336482,0.11025837756331255
2_189,5.44,167.21014598925842,57.90423986245321,109.04423826036941,270.4865831694273,161.4423449090579,54.67151947882982,8.114138393156292,-70.59800192189626,0.027565633257213874,0.13164318790207866
2_134,1.92,246.96959976894343,102.89737015463466,101.67654694264527,376.25226053692194,274.57571359427664,59.917490686752714,8.57051658856416,-69.28347329424244,0.047248636191218295,0.14826332765742897
2_310,3.6484,153.09086221807243,99.9042100843263,96.7008075963428,464.8699532946357,368.16914569829294,66.3897360785134,7.430122109961828,-56.40285921120473,0.026444713141399588,0.14030154801033845
2_490,4.0868,158.5680519718315,86.84352583386976,82.35823974133986,327.3835113647455,245.02527162340567,72.69456174677066,4.1070569030810145,-16.94460705580916,0.03762231396316463,0.1604505097075548
2_54,3.9253,279.9687317746542,75.75359005540288,182.28786625332916,376.1981912398803,193.91032498655116,57.49859027441375,9.41569415847041,-60.16782841406306,0.023261645265686866,0.15813830883871793
1_10829,10.0053,171.63584446243846,20.615026702424924,144.1315034158882,202.62815181652238,58.49664840063417,58.47197802546345,7.275373254027613,-67.11784892943092,0.01656824680273407,0.13361621783488653
1_11885,5.0133,226.16785884061255,42.92678068777733,152.77378690829408,310.1585639412047,157.38477703291062,66.44542407800303,6.415570644753992,-35.816992833055686,0.01621695608135591,0.09801239032809572
1_2198,8.0213,164.2152036754384,64.52440556791397,119.08196344752422,346.63146528446896,227.54950183694473,71.60886197936,6.066897536416613,-31.533405918852797,0.020930289536392203,0.1201775998951488
1_9009,9.0027,214.64032352759935,65.6764123571169,118.20230155734077,341.1391355466028,222.93683398926203,69.72427529057501,7.252194533197951,-33.56329756226941,0.023118788666305568,0.1257493686303715
2_198,1.4293,410.2231134785187,159.05904186685476,131.84000616193126,555.5614674538897,423.72146129195846,55.79477050952266,7.369336569944711,-78.81045658145828,0.0691006837248725,0.21978392149827933
1_1262,4.0107,133.2482294535234,55.42735051138046,100.1675376805738,158.63412227759966,58.46658459702586,64.94598686179546,8.374623358313029,-54.55487385993574,0.029989207823607863,0.16608207538951011
2_24,4.4126,167.89698682516735,93.18880982306922,97.87741169885366,272.25521809197335,174.37780639311967,72.93700809061457,4.824810925642899,-27.98344395243932,0.03198821445192979,0.16026733896933712
2_35,8.3978,343.09511040422,64.54012935417087,241.91559379575844,438.93429524007723,197.0187014443188,58.562141139552885,10.633919987556315,-59.04420290263067,0.020780447485156044,0.11312433695862302
1_11697,5.0133,358.2574337062946,111.39334360249936,164.23647698634323,578.2087319359696,413.97225494962635,62.360168209319085,12.144345061763715,-65.30797210821628,0.019957580618785047,0.11207171837665647
1_7341,7.0187,176.60900046985375,74.22249028936004,115.42998366667382,283.04735253342466,167.61736886675084,70.5780200633679,9.525126303036835,-39.39525538873788,0.023319209032963435,0.1421592129305532
1_6426,6.016,145.64906393324006,17.86481790082119,125.91151929933964,186.40917723900068,60.49765793966104,67.02572041258719,9.044166644260178,-36.9530279510822,0.018805768481443726,0.1075547976042598
1_4552,7.0187,245.29132241760195,73.70269007327197,153.0323954077287,353.50146804655765,200.46907263882895,61.71842630825434,9.986110300582023,-58.6313911157924,0.020971032602264194,0.13636698049867488
2_305,2.88,261.96968187711957,143.52282501231923,82.07500329336592,411.9317178055184,329.8567145121525,65.9499439329655,8.061725795913027,-84.41704951045466,0.050439660535378135,0.20948874079567825
1_11913,7.0187,147.23804306763313,114.31998980063031,92.9799311203169,555.2312534676319,462.25132234731495,60.415315953349776,13.425435910813832,-67.43683123129624,0.021191282267386414,0.1756487227085529
2_498,5.4335,227.523591855684,89.84312076515482,165.8620401327811,515.5513625591933,349.6893224264122,62.744167237936644,7.0198192493323806,-34.802663182944926,0.018395244235559015,0.14484437809522918
1_8159,8.0,149.07853486129318,94.07656043247066,95.89004287695371,442.3555025189725,346.4654596420188,69.30748165963081,8.218773615646569,-69.44134629570459,0.02118236757013387,0.1598103958418145
1_3707,5.0133,143.16663720549911,62.162688305653816,95.60770868686352,264.7938011370644,169.18609245020087,72.25733063385618,6.113416205586536,-27.489036750945854,0.025659961413934514,0.11631832868103563
2_583,7.0049,226.82155414835114,90.55526894787718,114.63678433828102,381.4035223696295,266.7667380313485,63.70603440667318,6.168660020167817,-51.635143700766214,0.026648942151492157,0.17875661622287803
2_602,1.024,277.6263456745623,81.23352770335651,117.28465481987628,382.6320063150666,265.3473514951903,60.8283287992182,5.930797199740828,-51.14133351224816,0.02476640970298016,0.19835789727026207
1_10810,10.0053,180.7231571471933,71.00406686393909,114.05246845543391,237.3713796330781,123.3189111776442,57.951684619194566,7.436424271318414,-91.28421118874424,0.02345580808606208,0.15319299922770618
1_11120,4.0107,162.35985088248935,28.9893929460675,122.96843465788824,213.34551920040178,90.37708454251354,62.4610801869575,10.084441822202747,-72.54914692239926,0.01529513146413954,0.1539551642116162
2_567,7.1053,184.3479148231575,49.22306557110958,146.59275401807324,235.73767290265317,89.14491888457994,59.19385850458313,7.940860844804534,-64.74727305174838,0.020632428659847043,0.09865139598629535
1_3599,5.0133,144.99948254736543,55.33115336585981,99.81155572377003,185.65204093657,85.84048521279996,64.47921706546366,10.111598254461047,-75.75018937849174,0.03254521213124934,0.16592266599436234
1_10495,8.0,192.98266306124873,55.297770495358726,113.40946102779606,277.04827629727623,163.63881526948018,53.37315571117966,19.508282446565765,-98.11990052153688,0.01781060536838931,0.12972331680705634
2_217,1.5147,334.0156911680328,100.61455136784026,139.69564738927446,411.4449313000399,271.7492839107655,52.76376469308119,6.5296753622876205,-44.34707739719542,0.022669063906620785,0.16229798691757563
1_971,5.0133,281.0665866488382,73.75704113657525,200.90769344035328,422.29635892626686,221.38866548591358,84.59082508838291,4.6792963959198834,0.2692866215779351,0.018383925515699204,0.09574552482215243
2_33,4.8853,307.8264232864559,68.53185564988141,209.3616207232005,412.37391878144604,203.01229805824553,56.83747563896543,8.800456613306945,-77.08857993229702,0.02347627737166478,0.12599602444928612
2_385,1.0027,325.4873039147616,56.46236407022036,241.51706905778747,448.54639230347254,207.02932324568508,57.54337893079289,6.127392008937905,-25.252410034731113,0.028660786141968757,0.14597219277371437
1_536,8.0213,233.00570829237552,116.24940685613457,120.78550518355662,446.35731407910725,325.57180889555065,62.09836172295289,11.86542578597859,-107.07419249685321,0.023496993570578918,0.12551517546939503
2_351,7.3608,144.7567833218173,45.682146566952035,102.14178818483859,274.7484493414098,172.60666115657122,80.38874174538509,6.037923190302144,-14.274623289821092,0.02696939128039,0.15488081269209542
2_352,3.1811,143.49007890166303,65.11674088352005,79.86391305582639,293.5406935972769,213.6767805414505,78.26587958102886,7.309496431896675,-18.933114324205956,0.022871242992234836,0.13625170478777066
2_8,1.4293,160.63093938933665,50.285153265279064,98.1512165369103,253.66536774109633,155.51415120418602,63.86543837355932,5.796000488880825,-45.99628103062838,0.029079280156149433,0.13437746891382749
1_410,5.0133,193.53982376053116,75.62343627214717,113.63917546507491,298.00835415497676,184.36917868990184,74.00272267455206,8.27491191613116,-40.2148757187014,0.027127182680109666,0.14762708032203395
1_7089,10.0053,255.34146713151915,122.10360127693885,79.36985393376881,423.7240177708295,344.3541638370607,60.543003101581114,8.130149046620415,-49.43621356729614,0.01643338475324583,0.11208734931191791
2_210,2.3467,240.7202566900102,82.20818876918,156.83401397467145,376.45178296550534,219.6177689908339,44.59415543726816,10.227430221123038,-117.52288265000037,0.02586661466228757,0.0970553707511801
1_2778,5.0133,148.74213863700706,28.98314322304411,106.56434661955589,188.71769580322956,82.15334918367367,72.37673030913305,5.50239534676241,-18.081776623173827,0.022576881070089157,0.10828415494051395
2_536,0.704,128.11822849768976,17.56861881920712,107.26815866608734,159.3120477880166,52.043889121929254,52.981433557488955,11.410664862176537,-62.29040156612279,0.021881311879328843,0.1602732494719247
2_56,5.3973,353.06367446218576,97.47471969421854,198.16189146598583,552.5467303643262,354.3848388983404,48.434253602325775,12.434866398283763,-101.55177018129731,0.02776719032462836,0.15270455963543955
2_570,6.8267,365.1905304197991,63.069227852263694,217.70468416841973,458.9806969170831,241.27601274866336,67.15764770141904,6.852546939904177,-31.145099636349084,0.015051685450894975,0.12506891765658415
1_11924,5.0133,175.6396130592502,34.68673715620876,137.02959417781764,214.50975339223223,77.48015921441458,64.10814895174609,7.528902177333364,-64.60791409466151,0.01568366016589881,0.11507947545895586
2_450,5.5031,190.11768462697754,104.32990070588453,95.71255169645359,367.3099076622131,271.5973559657595,65.61615028715484,9.462577798364736,-57.579795158709516,0.03413816790991264,0.17901989523615422
2_353,2.9227,125.31004983114238,30.747377312721948,84.32104844278638,181.29827153161878,96.9772230888324,54.203854892262726,10.920060593351991,-92.30721163402784,0.022679218564392426,0.1327199256116029
1_8452,11.008,231.20229985067363,36.20771421852808,194.40103655043808,314.2254901041434,119.8244535537053,57.3819840980191,10.693498551397008,-68.3735643990302,0.017327995710004443,0.12282532216804538
2_425,2.752,203.81324895552154,75.51169472491137,97.62704143636552,362.40187637565873,264.7748349392932,52.99055959890855,8.461393007337316,-84.53087742377072,0.02466319021835518,0.14261828807936602
2_315,3.264,197.32357018861137,42.556197455610416,92.2037477301685,253.67584276494975,161.47209503478126,59.19846316795782,6.4246310604755426,-50.51751822043512,0.027873637906240697,0.13816063177905813
2_454,7.7653,193.24080327238858,37.3606021387577,109.28639191476061,238.2748278242435,128.98843590948286,41.431520743896044,11.263379547762783,-148.92566886661746,0.015499150073861281,0.0885929965033802
1_6211,6.016,325.2003322112221,114.7209746488796,149.8177436365854,504.92631054675434,355.108566910169,70.01559629295632,4.987139471778624,-13.674165624840496,0.02345928626102346,0.16531494914019873
2_587,7.3143,144.09075703582963,28.67102987484402,111.35286770105272,202.30359451651708,90.95072681546436,77.95649859076177,8.344629350097712,-30.571663895473332,0.02102516476641284,0.1278264883298681
2_44,2.8373,129.62058016318716,25.867935245367295,93.6693417242882,176.93931587254897,83.26997414826077,62.3037413112561,6.889242754991354,-23.915780647073632,0.02467080597970274,0.18546955222448402
2_434,2.3675,158.13196493168618,66.93016770343203,94.94315251967362,318.5363052111336,223.59315269145998,72.16329508285106,5.11710722801099,-11.665685754565008,0.03784793980883544,0.17519641232959599
2_442,3.5294,145.46568503830397,71.51369138109179,99.92611089431425,208.22067343138684,108.2945625370726,80.90031030708687,3.594595706165502,0.1773245028594261,0.02660448407533546,0.16999911454845973
2_255,2.6006,234.97081513440745,106.42502166668885,100.83938600432636,355.58586741132183,254.74648140699549,81.31077926907936,4.318924940307802,4.37497994526122,0.020796709663055322,0.1490530330951558
2_405,2.4747,219.1860177412627,45.43401997287159,178.89237245673738,316.4315745838792,137.5392021271418,69.88729184176684,4.951239212118591,-15.982547717529828,0.02848412087036826,0.15269225577049259
2_113,6.2462,161.19223225043868,62.197406088335384,78.65560888818528,264.4885816890181,185.8329728008328,69.89570467845407,5.443911212354192,-29.204247563328476,0.03149909061935636,0.1700851282993845
2_586,6.7338,170.64114213846932,65.77233491817407,101.73736393556403,288.12868571991453,186.3913217843505,69.1386220760285,7.115563857759426,-33.44817131776481,0.02799767615638743,0.13993908447670314
2_416,3.3412,175.90505773024424,34.816685056067264,121.65283615247873,239.18172625326724,117.52889010078852,67.16261474757259,8.265974147421836,-35.67597016501663,0.018328253252827036,0.1037024156861284
2_154,4.1387,385.4972570837989,111.69078330492717,164.62745445853525,539.5230735293386,374.8956190708034,58.38008974481662,10.03861524659773,-60.41549485108637,0.025741652505201256,0.11407893015634885
2_465,2.531,196.41395352116604,115.95692108264099,114.78882891254085,528.7549595728907,413.96613066034985,80.37542259812774,5.508733079725555,-1.2516947236901246,0.032736607274056126,0.14117306402320517
1_11257,4.0107,171.2567368975029,51.4847650284283,129.49266966484973,211.4420718854365,81.94940222058676,63.49084799611687,6.214824095859912,-39.91397952259219,0.017284402807860637,0.12789476830033514
1_7504,7.0124,216.3316284038911,60.201818932401686,125.85472686220422,318.20656637492635,192.35183951272214,70.84735521106003,6.834364598682332,-30.799793699743137,0.020066876673134577,0.1267472403460812
2_627,1.792,310.32541184200556,56.25669467097603,244.45951537819582,417.82174545124496,173.36223007304915,63.21123079832163,4.716253516123098,2.3370629204310545,0.020734871806885317,0.14581404596430905
2_15,8.7539,184.45535142316737,99.19040360011307,114.96007998197592,464.52517185613993,349.565091874164,62.18480607989833,10.325342263042055,-47.63338191123963,0.023223412979040813,0.1560777503047153
2_97,1.6853,232.40656683529133,52.14112846162632,188.45717760604174,354.0878680474561,165.63069044141434,59.95357598584393,5.597309805877397,-33.04734165731446,0.02247639772796081,0.1461370862792016
2_187,4.7786,128.95901204004338,42.4338445685164,77.55928590568988,189.64538227580414,112.08609637011426,68.95196581035049,7.827539219283603,-46.521461643815094,0.025437672715440462,0.1540943448172215
2_303,5.5728,202.86073765059368,39.227813643637965,146.18820496960632,274.1975997991046,128.00939482949826,67.35707681315908,7.214852821301837,-47.50818781594545,0.016216969867325317,0.13258118605356442
2_264,0.64,176.47984662898426,39.313641987673066,92.70381071973387,226.28440246246677,133.5805917427329,61.35889873453188,10.118921491801991,-85.92768759035337,0.06692984918105908,0.22119600546387597
1_8052,8.0213,276.75369334386863,86.0340899878648,165.69693035042968,444.7382743470363,279.0413439966066,61.15861963286463,7.99442217101537,-48.416374925346034,0.028172536754436234,0.14775361223865224
2_484,7.2911,209.01514464850246,68.78024168278802,142.23889749874712,344.9209031004587,202.68200560171158,60.48368512579253,9.719080701831489,-45.933230277777525,0.0187814650724082,0.12784423802133305
2_446,2.4107,103.28904190613477,14.37832769291445,82.86208490351626,118.32321633707032,35.46113143355406,61.36248980285263,5.584402334385202,-38.08110341982269,0.031883606338847834,0.17925798771348125
2_281,4.1332,134.57508409324984,43.85178383051149,89.58901974082909,169.56119841425078,79.9721786734217,81.68356400061138,5.982529436197891,-5.162698293035769,0.020764227852964,0.10902425915241534
2_248,3.648,214.198875852176,83.30279874890923,111.52138653612616,309.49973263804594,197.97834610191978,58.98574544288695,8.506181671339974,-48.99137011846417,0.022855343412527453,0.11961607402646893
1_1803,6.016,180.06069226066788,113.0984451826343,103.09735979337168,429.37625716494523,326.2788973715735,70.72769854864191,10.071942919514417,-58.628112809891654,0.02786348577127965,0.17144667850660208
2_270,0.9813,266.13538298288546,145.79312549169939,162.53801700913527,517.033333841954,354.49531683281873,47.59646129721414,8.932540137783315,-139.3471824422838,0.02456925219160612,0.1339362518819409
2_163,3.0507,226.71387841490082,55.27942234103744,177.00117325959,392.43244404836736,215.43127078877737,56.16186258242521,9.670011705764335,-100.52410661582394,0.035121024934771775,0.19845470172399235
2_12,3.9253,208.00214819390666,43.40363148352909,124.91507116800726,271.7502240738198,146.83515290581255,67.34372362558078,5.196636487575362,-76.53548473919567,0.01721021606862015,0.14451047374844103
1_11006,4.0107,186.21703735226163,80.32448790020507,125.0602910210345,456.60390333952705,331.54361231849253,55.27813879315754,13.0312732406532,-70.26370064896743,0.02579114721122785,0.15108100701254484
1_6472,4.0107,111.68713372782265,12.069528638858667,91.96228570460829,132.80487033662217,40.84258463201388,70.36726308178318,7.283866614349044,-22.66113465154231,0.031622144571089715,0.15560436164690444
1_1732,6.016,255.79891700881606,107.12440964420895,160.50548218924678,482.13256321468094,321.62708102543417,69.34288071495408,7.4456798068320955,-49.075756206471944,0.022332905627948773,0.12509117732378988
1_5758,6.016,257.01564881159084,86.36778755240697,142.98526788782183,413.26344823913774,270.2781803513159,70.09023551338832,4.5566718546357015,-12.071970886674519,0.01549026681293084,0.11249132179040569
2_376,4.5154,273.2542614743605,87.16669845490166,136.59597222089963,418.7552519003005,282.15927967940087,62.02306037439733,9.47935752990344,-73.17017632800417,0.022561516737035513,0.13883658313541225
1_8505,4.0107,229.90142488028727,53.61405956983694,163.61260257907014,335.64640711530456,172.0338045362344,61.01897306592183,9.151441993853977,-52.362710814505185,0.019077309991715394,0.12645092489737775
1_12202,6.016,170.09918039883235,40.924780447927475,121.51778346085416,246.26908020390195,124.75129674304779,63.42174330872377,9.267936290693056,-57.97027009550158,0.017128348259407594,0.13372885441821872
1_7186,11.008,96.7210034651479,17.803185811590346,77.39893178593164,130.78676687010514,53.3878350841735,56.7946000226212,8.701484415845055,-84.92433684821827,0.02431059832977825,0.11205622307087405
2_236,6.1533,174.4249183459604,46.635179684759514,123.81908066768698,270.2584278782002,146.43934721051323,70.99498401948813,6.654718871604157,-15.61630769111802,0.018979933661629016,0.10983481821628781
2_49,3.6538,216.6079937979606,97.07267501875126,114.61445350185657,446.2644434802353,331.6499899783787,61.94861790016816,11.799534505315824,-80.75750814826057,0.03975147388561386,0.17439147903383068
1_11243,5.0133,206.94986598780613,74.13950239692672,123.73003428961164,345.05687366275043,221.3268393731388,64.47957253185986,7.516208364704219,-41.08988420410627,0.028612693654237752,0.14498270156158452
2_202,0.4907,261.5722883527524,97.04405462200317,217.70599390757585,553.3541091504667,335.64811524289087,50.08456562636044,10.767200800296271,-64.71589562752497,0.020826853245346597,0.12200808643292105
2_160,11.2188,209.03592705999858,124.25503497884985,105.29104157093414,466.26254200587937,360.97150043494526,70.20802655038278,5.160024995129119,-22.15199165143145,0.04239843582900065,0.18608870176712572
1_6113,9.0027,169.32235918106272,66.94075560722897,95.34076947371796,297.3053923263206,201.96462285260264,67.54228669143168,7.116507876407556,-27.68226998548262,0.022009169284156287,0.11326571764253957
2_511,8.2409,173.03328688606553,52.96466981980782,106.1208290119074,241.8595025870446,135.7386735751372,63.627611462656766,10.340175598368216,-68.21257734039169,0.030810778405710698,0.14451519380241223
2_521,0.4053,195.1234456033787,9.431378974826078,176.09327781522086,205.96260145966892,29.86932364444806,64.69631387534952,1.5359264201343874,9.08840575366492,0.006570396052972492,0.09500337692319691
2_166,1.344,183.84371348785913,39.026395747756766,144.92130319554883,263.48349270430145,118.56218950875262,50.37996093083782,11.880052986371567,-130.26034557676235,0.025510309065529313,0.15366054518251768
1_9971,7.0187,121.62124519072268,78.16664709516272,76.80549117054869,189.49058898873943,112.68509781819074,62.85526998609578,7.207948836524867,-77.87686259013176,0.03248986319522514,0.14816927420697473
2_472,5.8785,257.8909349428176,58.28328099964307,166.659109967437,358.5482184489906,191.88910848155362,67.04738503571069,3.471726318150282,-2.4543090471211935,0.020152183278521512,0.1315812115316672
2_111,1.5573,407.37049556846495,82.95255087577547,296.9078811433032,544.4310528697034,247.52317172640022,66.48557653545414,3.75277435766674,-8.532982063759885,0.025186254755841533,0.16723086864491982
1_6860,4.0107,158.7077582997426,105.48644101170663,112.56154140562373,454.4695061249967,341.907964719373,57.67118763718849,10.335930449103587,-58.575355659781245,0.026329050337278073,0.16846957348865127
1_6165,7.0187,182.813430990443,45.71441943333958,134.7081695035247,241.6790891662715,106.97091966274681,70.0504870241204,4.3203063080930235,-0.6477382564123874,0.025715793541769703,0.15881781723501195
2_91,2.2613,242.39064642599584,27.02421343409806,204.2069298988285,291.63287194767844,87.42594204884995,56.27170881439097,7.190884612897099,-69.40832802025405,0.021862677029690154,0.119689561339592
2_125,3.8827,124.01376081836531,46.28121592101941,105.91520960785893,135.93820503694747,30.02299542908854,62.659666762645784,9.670367837876091,-89.40871093667907,0.019741884786908644,0.14344906688977968
1_1466,4.0107,168.28364569051965,71.12319075774168,101.30560636550098,302.14582010253554,200.84021373703456,70.99532434718816,7.7645839439621485,-58.60704853055001,0.02901140821416832,0.12487923001623215
2_286,10.5883,194.80742607848487,115.27063720230434,106.72101052457498,460.8427404716201,354.12172994704514,62.33035000663142,9.600602499239205,-64.21182091830491,0.03261240349267335,0.14282095719587032
2_507,4.5511,148.29035553837758,33.60195515008275,111.70736093008372,217.9470978088322,106.23973687874849,77.13806402037537,6.808959812113719,-20.39065426102164,0.027871691524789837,0.14480990089142262
2_278,1.5147,200.33758592258275,40.011852391811644,113.19958260103594,249.03135474804293,135.83177214700697,57.36172824957379,5.5686135031214965,-78.69326011587266,0.012147106354255643,0.1482337958596896
2_598,12.7317,176.19767251554734,73.26178678803856,98.89742175050182,348.7386342062081,249.84121245570626,64.08069557683599,9.841136949751194,-52.65668373253575,0.020899319243698773,0.10424405099982224
1_2464,4.0107,264.91725395134483,44.637512331763915,144.17821246893186,330.1350733543925,185.95686088546063,70.24383276850803,7.0456737168378005,-24.386176815003132,0.014266065916223617,0.08474738097037093
2_11,10.2632,247.97496139217066,124.69871418473595,113.49246546694933,539.7892421434923,426.29677667654295,80.70548667194586,2.6782409193303227,-0.10969013670010674,0.0357929866129947,0.1761612423906695
1_3911,4.0107,275.17266884657676,58.054808871004894,192.75115567485432,356.32478618762866,163.57363051277434,69.49340323680767,6.804810046796017,-72.91259515241904,0.02119702823208886,0.11495155571134627
2_48,9.728,287.2909729371814,116.61393145503055,91.26843942363124,450.52306657845656,359.25462715482536,62.14054103053754,7.2454568369479135,-37.533843707069465,0.023910371475671984,0.13579146983017512
1_8717,7.0187,340.4245818609309,114.58302237854885,130.6701285421266,497.90508512551224,367.2349565833856,62.04232974117742,5.892670367379001,-40.9686998493378,0.027053728592303976,0.15997380428963703
2_464,2.6564,149.7661062450172,51.79256213560506,110.29544544133137,253.01725416158126,142.7218087202499,51.03514418349117,10.782954563661496,-75.21241359475395,0.018113550298562223,0.12207916254382625
1_4352,7.0187,150.79747269784713,87.06906422096277,105.55708208820025,357.3052623831941,251.74818029499383,59.9859391386095,6.381390686103708,-59.056295695674585,0.02497153203586876,0.1689167904352294
2_398,4.6208,156.64611027672842,50.41483307348402,113.43349615760035,202.65786050084225,89.2243643432419,82.3454197357804,4.1206030469826365,0.5263720326120866,0.02714372421254586,0.14438055092635096
2_595,5.1084,151.34862843463458,49.294019205407054,107.08785779520872,205.4223622988292,98.33450450362048,43.42223042841195,13.229097828593446,-132.00278465968773,0.029219211851828707,0.14639167540119424
2_493,5.6285,165.12978020374774,42.28868726161679,130.32867460278771,206.99695753196443,76.66828292917671,73.1131570691548,7.278478832856304,-47.01439920435118,0.018831985452436185,0.13239634831999778
2_350,12.3994,190.83020518073283,76.39371654210876,118.69091242075145,385.2482247000084,266.55731227925696,73.93955487273733,8.312555236306084,-39.9066953974057,0.023449679606311856,0.15885627854541012
2_585,2.5173,135.25251418027327,40.99541200199611,103.75623843886324,184.22492954620347,80.46869110734023,62.75720739687923,7.206169518733504,-34.570383068577044,0.017859864997451017,0.12608430626896044
2_45,4.5743,197.3572742800624,125.3387986780938,128.92835187865984,552.1287456094145,423.2003937307547,83.50791407023577,2.3598118924772087,3.388455375891903,0.029008789603295806,0.1607069464216943
2_415,3.4347,172.61123764298398,56.4248773711239,111.40082955733263,235.20446484264517,123.80363528531254,56.560400398972995,8.736092533533938,-75.31443908423759,0.019776123556716294,0.12368777289792478
1_10853,5.0133,221.782103074786,49.57602244734522,153.01952990031668,315.32424331833283,162.30471341801615,56.202227273152175,9.233653520658574,-66.43521420403074,0.015477892130884238,0.11700770492193846
2_297,9.4273,193.47037700056686,132.2303915844523,115.41317028542204,562.9866989359477,447.5735286505257,62.10673935927605,7.76293949848982,-76.26361133896108,0.02108242640663054,0.1395506590408017
2_626,3.4773,245.97713697190315,53.23861182212178,186.23356119764648,348.3220690204126,162.0885078227661,56.31283965579997,9.121998603900671,-74.85362044026525,0.019159285842874914,0.13190401173347577
2_234,4.352,376.97309425136046,65.71759355128928,290.9357114295187,481.9974595199363,191.0617480904176,58.04941058794118,5.890912917166439,-19.101931429233552,0.026548591417876702,0.16016660571176983
1_11736,4.0107,257.634761427477,47.753776154404704,209.97831444745373,361.48183662680003,151.5035221793463,58.70866790420873,14.35077621843719,-96.83935434878398,0.02358281983495093,0.14090353604136713
1_9668,6.016,162.05846029604905,102.58986452881682,96.422187479719,374.81794762362716,278.39576014390815,61.42189016552732,11.870479704714434,-59.46286487989314,0.027657789472508295,0.18471284593610754
2_339,2.176,292.9216748561453,134.81421043248852,93.59708506621637,429.79046293832687,336.1933778721105,60.66493801362878,10.792255065629842,-50.53422094438847,0.0566246927831968,0.20207238385625434
2_127,6.6773,221.57658561914397,169.80300779971793,84.09849031877995,525.0101098514839,440.9116195327039,52.26016782232348,11.12241130173467,-92.0053504037188,0.030393623958508108,0.15637932181684022
1_90,15.0187,192.144624295691,44.13154722259535,139.4884193111381,289.34837298113047,149.85995366999236,82.34037820901625,6.570138921006303,-6.2360776754993,0.022644689734186103,0.12291593043289693
1_6020,11.008,212.28945313098978,39.46297744425105,140.8736493006255,269.4969608883524,128.62331158772693,70.31383306486154,5.796387712887491,-23.10496219907396,0.021218170273980354,0.13067759118800787
2_213,2.6453,297.12298359093256,39.617398167275915,241.0617935048572,362.0556188936244,120.99382538876719,57.99258533259007,6.959083084606253,-34.41306418478008,0.02205897851361956,0.1516891349310157
1_11928,4.0107,207.20854708008335,46.11814648213275,164.373471136019,319.9441184579685,155.5706473219495,59.974981740683276,12.13821267546944,-70.82722949324932,0.017897834618123186,0.11230193001561552
1_11901,16.0,202.9167530037063,84.79537842789713,111.82834592191058,397.57139766028683,285.74305173837627,62.90774208722802,9.64709944995165,-85.08103647343198,0.02445968795029269,0.1447058433532484
2_326,2.176,165.1315707252889,90.2515516468181,104.69068017779323,390.4399442714793,285.74926409368607,58.970958721485026,6.604258396865864,-48.23642573936754,0.031773115741906194,0.20189571886169116
1_5581,4.0107,134.22949492220772,21.775153429315115,109.90989894618339,179.1046598216614,69.194760875478,72.02921788503053,5.436336698235087,-19.482032303518153,0.02830173840402465,0.1610288492793999
2_359,6.6874,138.3928411565582,47.410846075708164,98.24217236754806,224.64519658143286,126.40302421388479,71.63228633219379,6.539865787748609,-51.63047242974673,0.03166106840821345,0.1778617589218568
2_246,5.301,159.9907026802245,56.28440494390022,103.57776957256226,256.57852481313387,153.0007552405716,66.3488233809037,9.333266730237835,-64.43402605579908,0.02434040252582669,0.1228719656715607
2_318,1.5147,314.41682013206935,61.72359764952727,163.0516566415667,446.56736749015494,283.51571084858824,57.74344830570351,7.264782358627333,-73.71819804991819,0.01888850366210732,0.11794656037738635
2_53,1.8133,212.2753653403185,59.588669765032115,148.48143820523416,318.33123707415336,169.8497988689192,63.49321564725481,7.034099358854326,-80.6095691630296,0.024908813906359364,0.13859096586617525
2_372,3.8886,164.06912433652164,58.320643292832564,114.27257494440323,224.44957722567247,110.17700228126924,59.195506721825176,11.97745691203856,-73.92657174309332,0.020731200597778773,0.11939856035512005
2_437,3.4773,163.11714263761172,38.10521420455232,103.953457470795,216.87060687969526,112.91714940890026,59.60890708357218,8.26135433115437,-73.13061739402114,0.029746721124371073,0.14403702560719164
2_74,2.9722,176.46553177451403,79.10649233142864,100.40928696265638,389.95449911956507,289.5452121569087,81.79771536128756,6.543080609021732,-10.560082884742792,0.02366417120801388,0.12289323269167853
2_477,8.7721,286.89955707149704,57.91560262546159,193.43366285872813,361.9126281202166,168.47896526148847,51.05740627312601,11.148066449656675,-79.40348530833211,0.01610111341299808,0.0955189789376115
2_530,2.1333,224.83032828085692,48.99107935624937,126.20393495172132,277.7463025425296,151.54236759080825,51.64178276159846,10.56513701759881,-110.50600566419023,0.019034266830070562,0.1347452702789816
2_258,13.4211,244.60941198843773,84.12727547245193,116.04234933933786,398.82685943122846,282.7845100918906,59.46972713359601,7.664622815342593,-80.7589311332989,0.023610944121203598,0.13013610400507003
2_126,4.6673,173.67019938448144,36.802792231393866,121.3618180756234,238.48497453076862,117.12315645514522,82.63307002620756,5.290802303425,7.132327184310857,0.02126660809507523,0.12267934310899502
1_6092,9.0027,204.30957397315728,83.41174304928506,101.31923781247345,314.0945578288988,212.77532001642538,69.4782260770923,6.849902545072683,-25.417947885658336,0.021419211977490013,0.14238078406847313
2_29,1.728,273.0369220279043,65.50151345829734,191.28730320139854,337.64464812189783,146.3573449204993,47.221061522939216,9.668554215562827,-79.34753782614688,0.022766584366706324,0.12456193739918082
1_4967,5.0133,168.72413255185828,47.56468206391223,108.95919997726713,255.1279583783315,146.16875840106437,70.11210499959942,6.500728150173883,-67.41720926164653,0.02034576526255845,0.1206381612096342
2_89,3.7951,236.05435639855358,139.0864872808711,107.04703223016242,514.1262124385553,407.07918020839287,82.06177161647612,4.69335350254484,-3.910851014252381,0.031259238388514035,0.1589813777433421
1_7445,4.0171,236.6342294697349,61.90949704875264,130.88129263803887,410.07327903628925,279.1919863982504,68.44470231239066,8.585540701351453,-53.09365673988472,0.0259976939564253,0.14804251839692095
1_8827,5.0133,192.13374785550826,31.732540629344125,145.17229764091525,247.9352973302474,102.76299968933216,55.53259521352063,7.517471677932368,-71.87261329962354,0.01674547730460028,0.1044024366549411
2_438,6.3158,191.4296593859883,87.89588627260763,107.08862157361614,389.8486573233018,282.76003574968564,61.117297664230165,9.049405403670061,-67.30097837245752,0.022127790618201103,0.1237477128209558
2_345,7.664,214.06842775903837,70.51607985067815,103.1905774017647,334.41790927545657,231.22733187369187,70.29306986609083,7.772064348978633,-27.19914235853678,0.016860884068480454,0.12247832229842795
1_2423,7.0187,139.13410866314712,63.08248236707666,101.60580802474878,163.20526584530617,61.59945782055739,71.58513844951372,4.802316706066641,-19.440518326212107,0.02869018164543996,0.15214163346422788
2_537,5.44,195.42664087995908,65.72137469742738,130.96302216880542,349.26992327919004,218.30690111038462,61.751218753047134,7.803975752431853,-51.69540354894043,0.01764780912820116,0.1383378025700598
2_342,6.8963,189.67645968542664,94.3359796879487,96.05112493656996,413.8075411132655,317.7564161766955,74.68548358818775,5.824998887803016,-24.476077818524168,0.021596143906338985,0.12759242953871378
2_218,2.304,305.6343190022779,65.5247233430659,248.97519748190004,549.0171647634195,300.0419672815194,63.05298664283482,6.5357963518638424,-29.83630341149547,0.011940988503659789,0.1357570862414592
2_508,5.6424,167.5848429156449,59.41364694824155,120.85721763295084,248.5978619871446,127.74064435419376,65.61819036032021,7.066387843482911,-41.88400330433495,0.02543364198163052,0.15138497374166884
2_178,9.8819,192.5739483400045,51.00753586415501,135.4493333576285,260.5066076955647,125.0572743379362,66.36487359377426,7.198824293663352,-20.105260266931246,0.019937842645501847,0.1450376110325255
2_107,1.472,159.26665256960993,27.3693981004837,112.39097444021706,198.15842951378775,85.76745507357069,53.4780651428918,7.317754690866084,-81.75550030865297,0.021428363466048737,0.1511763356163551
2_291,2.6453,215.4156174238851,29.252007336234822,159.98776865426885,261.1240405300755,101.13627187580664,55.38107889098731,9.013060622297171,-52.564377609710746,0.018652076158135855,0.11252988791801102
2_168,13.723,279.3242909812891,141.5596350615436,93.49401281863918,549.4289860966991,455.9349732780599,55.66065461158708,12.708759580734373,-123.01171753610721,0.03861685739557553,0.17803575356436807
1_506,4.0107,162.38775669098843,76.95193382281663,112.49716211026892,387.37706832961345,274.87990621934455,73.60147072013181,5.2820545433716655,-33.279745181106094,0.0235538451174377,0.140063574794512
1_9972,5.0133,238.13797446165626,67.73675436165104,125.33035276228475,337.818345567296,212.48799280501123,59.55894699868017,11.61338844531339,-85.75375097626952,0.02759331642047757,0.14715002529087765
2_590,1.6853,185.06766326304287,20.892841156244128,150.53869995175415,213.32797064390553,62.789270692151376,51.92309879145879,8.18154756735211,-90.62508149318543,0.012825406715374684,0.07724078053800014
2_221,9.3344,250.52255975974947,100.17409916361592,168.19389768970612,493.09993912829754,324.9060414385914,58.06530776229046,8.742327307598917,-70.02783726117606,0.020864569260148208,0.14368687633640276
1_11609,6.016,164.3265373919317,54.4525005619104,116.5614903390574,228.8771166980043,112.3156263589469,59.04425637325774,12.210147167847891,-79.66082871323256,0.01697520576529323,0.14787170313964149
2_445,0.4907,330.6807799359211,80.77334911715533,226.35311446475978,445.73352390374646,219.38040943898667,59.177204999196974,6.206529910427541,-82.57223083452051,0.022795403936938005,0.13459998259881506
1_1296,6.016,194.49045075574173,79.65379285463273,104.99802996942462,405.8480403749393,300.85001040551464,76.52041597538822,6.90996547281795,-26.404464199527666,0.030820000007558388,0.1658590217974171
2_378,3.2508,222.30383674448663,94.70732056683862,123.87984240325572,454.26424136300164,330.3843989597459,81.96819050117077,4.936823311893211,1.0751485036297161,0.025912718868745653,0.1666585689520656
1_4031,12.0107,160.05266365654845,27.954205615966774,121.05329039302651,191.41715191202252,70.363861518996,69.2940797085809,5.041611823063497,-24.857136983946088,0.022241663349775214,0.13103586943245826
1_1478,11.008,144.70669762522664,72.46384418508136,92.01780854857302,273.7214624408625,181.7036538922895,71.5306242672001,7.184774613695331,-53.71047783193509,0.018525618134583782,0.12718910742772266
1_8078,3.008,288.9218669645502,55.29307676653752,207.7767406133382,426.5274896155864,218.75074900224817,61.41184548742807,7.660705694377396,-47.89044055890027,0.01860853492419579,0.14888973414267906
2_524,5.4335,203.98680946606657,59.38713657789191,114.37680469395052,301.9736077766234,187.59680308267286,64.17573849071798,7.106865068589799,-34.656561751033564,0.021991435748689857,0.15957383458533464
2_419,1.152,203.20752149077794,42.67333233988363,112.3416851574541,259.10548798017106,146.76380282271697,61.86963732698803,2.678274050590339,-1.9653682854333163,0.02744353009629705,0.13477795143992777
1_6355,11.008,197.93463153301963,85.7982710025806,112.18656401770951,308.33642183279125,196.14985781508173,68.72085977973013,4.853774185820057,-14.611279263510914,0.020597739778347147,0.14856714718679576
1_7490,14.0016,133.20364185690713,73.03806312835,83.13216741496551,324.4705882895313,241.33842087456577,64.01851084766803,9.224961529494303,-70.75016110056892,0.017754435038039872,0.12479767852702468
2_241,7.2446,203.20859953801158,95.00981698871402,132.8550981519106,486.0309190983234,353.17582094641284,67.52034325553552,6.3677032035713275,-44.93820466378387,0.021462309033478465,0.14570832764343664
1_3204,8.0,221.5508831862814,79.6836138238532,123.94447115196336,314.04937603153627,190.10490487957293,72.51370872955839,3.5734143275342434,-4.72411031649353,0.023588509193202933,0.1355867144038716
1_60,4.0107,166.3734361675882,93.60679553609506,117.25756250917723,320.27287998499065,203.01531747581342,69.45835756447325,9.90870193439963,-95.9244488285984,0.017534432647422105,0.16047852439061633
2_430,5.3033,202.06101020558606,145.13292352123253,107.7158259258175,562.882168357496,455.16634243167846,72.54405659829565,5.739212119718798,-40.29783208940473,0.04046147276821454,0.1871879467968957
2_381,1.5448,152.31525378215753,30.262518964637707,97.96673115904746,191.32541662108858,93.35868546204112,70.78978085095461,2.951924353842403,1.0464299541707078,0.03639342792148483,0.20146885951125018
2_193,2.88,125.78093658075733,48.96961505345283,88.63491925186077,157.6168137050934,68.98189445323263,57.582667709858896,7.647608986788742,-45.246483045935214,0.0290566347138883,0.15715549074130944
1_8136,6.016,185.06968277409317,35.62717746232708,120.49934554982372,232.75732813031397,112.25798258049025,59.42944631178595,14.561667946453442,-75.3242710155334,0.01989915608403552,0.11041204636839683
2_509,3.5152,139.37867649557154,54.21155337906851,114.35896787519279,141.45067921806495,27.09171134287216,62.824848186462894,13.138555806848474,-70.33709377722121,0.018382387438954585,0.13044367356234912
1_6627,7.0187,148.472330254693,62.362354223308316,94.35218291040613,251.29663413304297,156.94445122263684,68.82058874698386,6.487908044138417,-38.13102252745322,0.029265180817596135,0.1528385890131478
2_488,5.2053,222.47010361659187,95.40537477361431,105.82725251196902,386.63340251846995,280.80615000650096,53.77217570330323,13.362818898287172,-86.1670989290805,0.02262652007337884,0.15030587572096715
2_557,3.072,198.47378838437587,72.04120910485031,109.57714890410539,385.72804951270393,276.15090060859853,44.48194509357994,8.932002526547087,-138.80316793505088,0.042237984239534114,0.1853260783391982
2_365,2.7307,149.18641857567337,119.14798487341649,97.76237304983624,553.3132085437586,455.55083549392236,53.61615545063732,11.089458473005932,-103.7174872848102,0.0103141553373518,0.11178023764709202
1_3766,6.016,163.11171226095726,34.49385231080597,131.72937235150658,246.11697593590026,114.38760358439367,66.51798332296589,9.77780141497074,-40.820669242563916,0.016689079203313795,0.138197945074472
1_1180,7.0187,152.28950725138034,49.45188925235758,109.0620654955329,248.69309742125935,139.63103192572646,71.96451607771297,9.789588229125977,-43.9985411443143,0.022220449314877853,0.11779198104236023
1_1549,5.0133,174.90522030791197,81.79097988444126,88.55866419294617,298.52437324007855,209.96570904713238,72.75918089221969,6.656251000748399,-37.911961278407254,0.021475506503710638,0.13747885233458734
2_492,5.0852,242.5920978519475,45.10348351306581,154.5392940554707,326.1983160743736,171.65902201890293,80.87222865577387,5.529835681299526,-1.4119107877210115,0.01989713414173958,0.11551936019928667
1_6835,4.0107,285.3167259816787,103.20425706262809,181.57812565319713,541.5917965248284,360.01367087163123,71.0572364734878,6.67176771890705,-25.08288952057844,0.024656107790296703,0.11486616919631241
1_11236,12.0107,173.37916362806044,64.01681421090778,105.67811320299059,232.35728843471028,126.6791752317197,61.72268226588354,9.960755905740616,-84.10957160292563,0.020107787082392695,0.14087089496598695
2_253,1.216,499.6964949982215,52.314635924937136,417.54522875510463,558.3548069623115,140.80957820720687,54.49292368979012,12.987345254576406,-90.88997061376351,0.01508605875073912,0.09052996562303614
2_319,1.4293,338.74837756717943,17.48176533774586,319.21907267101415,369.6907749751096,50.47170230409546,42.67935856755766,13.12375146958497,-141.5618115953912,0.013630638204062887,0.06125471800515689
2_439,2.688,240.98044493456683,90.248083923362,151.01781228558082,528.1165026059094,377.0986903203286,68.30435538500873,8.032609456939303,-40.68284370193066,0.015260973045166637,0.11936271839273717
2_525,1.6853,239.82825134984407,51.404508368358435,104.31160892905686,279.1909497215646,174.87934079250775,63.98801678818028,5.436056581998717,-13.726528903407644,0.022581300343129048,0.14774891193188083
2_169,8.9397,243.01987288848585,97.89750313950873,162.01040374703177,465.6625518025753,303.65214805554353,61.11991138955196,7.790315856648924,-48.7537847005053,0.022523849555807843,0.11410625051495478
1_5211,5.0133,213.99268478915064,63.3062280251741,156.11509971438548,307.4340199236652,151.3189202092797,68.79054681437106,10.06124800806222,-52.98510925045424,0.020385527725726788,0.11924707359142167
2_421,5.9904,193.06011287937488,106.2754156078618,118.51504715832729,452.0077532026956,333.49270604436833,66.50867913911696,4.875544805539468,-6.084248740200535,0.018651317456877353,0.13330704087975193
2_569,1.6,281.69344677233073,81.33455848725426,197.76990458203556,437.8075412015043,240.03763661946874,50.328273603120266,10.895645687547221,-97.85176101658496,0.018638374960370914,0.16152717359472302
2_549,0.6465,377.8647045255109,74.24907506863057,200.65039960373915,457.2710830261262,256.62068342238706,49.91338820609755,9.492675678846362,-54.083248524811914,0.018050382407714248,0.08477458384361765
2_435,3.6693,162.2573338342441,57.126154706085046,90.12822745173558,256.4958709028179,166.3676434510823,52.07773186561105,8.9825696907721,-93.67306446737972,0.021963977742524215,0.1529071851893306
2_208,1.5787,108.99362203921747,17.070224205633313,85.32044649016642,135.31924527008826,49.99879877992184,62.47413333022505,5.602563268631903,-42.19530305724248,0.024759882001720974,0.12739669615064173
2_397,1.024,215.67676684757828,21.683042352345396,186.30441384657115,261.4582476910443,75.15383384447313,52.279268194252516,9.958691415837123,-45.22736548159138,0.01617923734160368,0.10222391166295751
2_73,3.9211,235.3978294479759,48.628645531456414,148.53878123422643,313.09072481918105,164.5519435849546,58.51008656943402,7.237757319609284,-42.70671667935049,0.024382405259581078,0.1611471099386677
1_2075,4.0107,195.1264761984225,47.69233223538746,115.80206716230376,263.9450353612202,148.14296819891646,70.21085199729369,4.008680745513237,-5.1850052698791105,0.018126225805369642,0.11966370363593806
1_7938,6.016,137.88995078033858,86.56927630663674,93.80796339699425,355.0871950913166,261.27923169432233,64.28814748321493,6.8191794578902964,-94.03794402972642,0.02398181012076511,0.13673434181760025
1_5751,6.016,393.31143705705114,118.60387188920076,186.8422460365482,579.9772090866072,393.134963050059,68.2059077302863,7.876529247391254,-30.340965384244594,0.029623260225695464,0.16434122902480514
2_343,4.0533,258.12166768394303,86.09057449661172,181.65355693719948,518.3486645875225,336.69510765032305,68.59696434456342,6.347873919150257,-40.2627374971516,0.029041132333071155,0.14927054682986263
2_553,3.1147,127.76638791071886,51.40272339619099,101.91455423145298,138.5505025645375,36.63594833308453,65.60753754446513,8.495413077723235,-85.26453443640796,0.029297366020576372,0.16120849518195868
2_1,4.7137,191.47778835187856,66.89275502435586,121.73501551280093,307.6830091094033,185.94799359660237,61.08560854279662,8.259585934260095,-70.09298206587626,0.030848308993464246,0.15300187831311976
2_400,5.4827,130.32440478250112,72.26630184785758,100.23270466137356,174.99022830891815,74.75752364754459,52.15062375517357,9.133350724387448,-76.21540714493977,0.018297568461662528,0.15478828009164836
2_280,8.8004,221.25500348925706,89.32711818952401,106.25090269938923,390.07795172771927,283.82704902833007,56.20275088035395,9.258380000837608,-83.32169882914629,0.03191461728569474,0.14724457208013034
2_599,4.2028,151.6228037464395,41.88352599164774,114.46163274611037,194.0617305073529,79.60009776124254,76.33809980208261,7.691736706044981,-26.783669622645434,0.023372871995221207,0.17921511887376942
2_27,3.1787,266.7356420529447,48.60333677135821,174.60212519775203,333.2105857426012,158.60846054484918,47.00958091937236,10.411636223424791,-115.02625591932595,0.01975068951121625,0.1582089304787883
2_347,2.56,364.9927407977813,56.63716300242695,278.448099791147,454.11393000507604,175.66583021392904,58.97544442698594,9.09913992094238,-42.926126735371376,0.01618976160508186,0.09299784519592165
2_380,11.2907,251.44026906635676,89.67915310875627,127.35138085487212,364.2704778871749,236.91909703230277,60.17882951828382,12.136730729251916,-91.70374230811932,0.02120603909603957,0.1460261359159827
2_427,2.944,397.97070187518216,87.57678540987834,214.2611580588062,565.2684304490622,351.007272390256,59.728720639642134,11.590721610102499,-76.44833132242596,0.022171714119144318,0.14845473166195153
2_322,5.5264,237.85948149216634,101.98778639767659,84.58471090594422,344.8519827372179,260.26727183127366,69.12952079968986,6.959231854070885,-37.44089300382807,0.02999816000816901,0.17487357332042064
1_6766,5.0133,218.6028068914483,49.65558231116955,169.11891736073355,299.8592127450491,130.74029538431554,67.83456243975733,8.488173731700924,-32.69123177668335,0.018022481198673074,0.13080731534614362
1_430,5.0133,192.39241651686328,62.56266781732428,101.90895964014985,278.830519301382,176.92155966123218,65.80456750433115,13.360619006762597,-64.88215363742411,0.024940129223433544,0.14252092924565307
2_38,2.0907,269.3622424303382,48.154610284154934,169.67443209031939,322.76363137084974,153.08919928053035,63.46391953648133,3.397722977311096,5.0160329139874476,0.020758959932644653,0.12246515656356095
1_10859,3.008,161.03110574084823,42.66903007857977,99.14565787886399,278.0055304680436,178.85987258917964,58.3918846186753,5.411762566604867,-14.343627435481494,0.020841005777959356,0.15687561836501943
2_283,3.9208,155.302633800826,69.57736191197073,76.55722074832853,263.19170996047046,186.63448921214194,73.30782134468383,5.912385377032493,-39.81740893762168,0.03796708771963769,0.19161619443971684
2_254,2.5173,167.69909949220474,25.667514131368275,96.63646953247427,202.61002486519357,105.9735553327193,65.00899336069003,7.77524374791625,-61.651201411056256,0.025743796579489296,0.1139295072929731
2_406,2.6453,161.33411473537416,34.80429047209631,133.84778457845832,250.68544887800414,116.83766429954582,51.6223904130732,14.58383850127452,-85.23306746130704,0.015861142015474023,0.1118024578220439
1_4789,6.016,158.2054818984655,88.08606146528481,86.664445430852,397.6573959591774,310.9929505283254,62.32081297418113,12.112244288903408,-49.105885267471855,0.030037052598824207,0.11644979287944193
1_6645,7.0187,174.6793268685429,133.72282887445422,85.6327421498639,481.9104649773296,396.2777228274657,64.48294064600809,10.902797697861374,-72.98656958367148,0.02853267270355388,0.1743626814504415
2_300,3.3067,310.5294664194544,110.84851880196409,158.09691770329007,494.10727185870655,336.0103541554165,59.9952932841672,7.184619142982579,-38.648619938727414,0.022605916645170948,0.12049098535896097
2_150,7.5093,214.6915562066251,59.54550383557834,112.69296617261101,298.1338748068702,185.4409086342592,51.515069077273374,14.917545569643643,-106.30295046859337,0.02751540006833957,0.16666988418878376
1_1627,8.0,280.1587172131627,123.28602542986077,145.99381249730845,538.0740097084815,392.0801972111731,69.26491313851184,8.879860345131107,-49.629660893929085,0.026409608177968807,0.11692683532926973
2_409,4.8454,256.74802042095257,142.6090641182397,91.51136674598395,464.6220341178089,373.11066737182495,60.23665297722627,5.885550825077542,-62.11947398616222,0.041532310330493385,0.18936759093485891
1_3348,7.0187,258.289168213586,59.63014332034291,190.7071516729537,370.5222114016285,179.8150597286748,66.76532439255888,9.188775743880843,-46.98863294161737,0.017282503655647905,0.09824383572851024
1_3371,9.0027,156.54670877417956,41.73871817373465,116.40953841368864,226.3805799636726,109.97104154998397,69.64992939535007,4.874826780835911,-17.795575966815605,0.021180922242911522,0.14050007414466748
2_576,2.4747,221.88654541498028,57.27946883871965,173.51823406720354,263.8811322563895,90.36289818918596,53.64389287571464,9.739563469864066,-74.9280280128428,0.02896939628161451,0.1432871935471791
2_475,5.6874,153.5897012443868,27.607082391755753,125.05113947437337,193.3247736038711,68.27363412949774,58.33879547586179,8.472059976240718,-75.48876915956755,0.01900450885545037,0.12204091519752801
1_7047,6.016,140.37776098345745,48.0063641646767,100.08838816834583,188.5183188154279,88.42993064708207,60.0622113668467,6.5244247855978745,-38.051251735088755,0.02701445657566161,0.15221636758193766
1_8749,6.016,189.52992379447215,48.44817064571942,146.7534788486029,238.14289938220503,91.38942053360213,54.19051843931649,12.191426537604586,-70.81733294526582,0.015687970787099496,0.1149628898909911
1_11773,6.016,296.5326590945484,94.7640112458557,148.01317620582523,421.6786743220608,273.66549811623554,62.3080583227821,7.251439378355742,-81.38244174569958,0.01940201285718157,0.11473889208183778
2_482,8.3413,413.6045423617022,109.87836978901844,256.87120741653445,578.8462629378631,321.97505552132867,57.719330301661664,8.89130915401456,-67.99070147623699,0.022564082169422205,0.127991036466257
2_268,12.5156,330.39033849952347,79.96912675179824,225.91877795552804,528.2905254080734,302.3717474525454,61.360064376589264,8.92249050166755,-85.25605642418975,0.019873524122908208,0.13247698633336735
1_8185,10.0053,308.6135910966018,63.710813946773264,214.62921348203162,421.1836421547157,206.55442867268408,55.69292780607574,13.251913559024095,-67.24509574276297,0.027598397660257467,0.1401165700066933
1_7487,9.0094,165.52297272331847,83.90305413961835,86.02014519878402,362.3408486114295,276.3207034126455,67.06405962990853,7.488982117315443,-26.98345294426848,0.0177961964105874,0.12093985646770271
2_194,3.4347,208.59817294711382,130.25924119561128,120.22967728922913,538.5621502750291,418.3324729858,55.96083079400863,11.368633149124427,-98.53034756103668,0.027902036047530405,0.14572799457356067
2_147,6.8053,247.48347083061321,48.37813222044761,184.44298784391003,341.8517303510846,157.40874250717457,59.86753158889467,6.812057036748198,-39.18470362825419,0.015591800139743624,0.1274319098732656
2_596,2.5966,270.1644906557473,149.70334514796633,81.0478809191407,492.2345856183692,411.18670469922847,64.99717839244232,8.62357101041588,-52.3190605869861,0.03165687195066122,0.2047460554506382
2_161,4.3189,239.12022246864086,49.69070268482803,166.63365065312667,302.39913166700217,135.7654810138755,63.22868419583034,9.21942340566495,-91.33084916593187,0.02162255701180198,0.16439882974945996
1_2797,4.0107,168.9989420648212,46.60719147034226,98.98805661384128,219.0251875424682,120.03713092862691,68.1010012446627,7.3488470644106,-26.832804945091755,0.027242734295688277,0.1279688504353809
1_10849,5.0133,114.38454834584708,42.67781639255641,79.64277698446598,221.2142297434242,141.57145275895823,54.11872102704567,13.936392509959566,-78.92473866381276,0.018017881389180083,0.08954761621198133
2_228,3.5627,143.39658474527994,30.242731798524446,106.68840999427445,201.6255771663463,94.93716717207184,55.27517773250214,9.47178543310654,-44.58327086826125,0.019869951193537124,0.11325230807874287
1_5169,5.0133,260.3208712932826,44.03779937892912,170.3341340435093,322.7595800997073,152.425446056198,68.89367822420145,7.785687654458052,-57.87845887199357,0.012672345047701183,0.12515243626191005
1_80,4.0107,175.1520518037044,24.378017477552216,143.8982197898658,221.08842900078625,77.19020921092044,81.99823370912945,5.559052148269818,-4.603621648588684,0.017151999099807077,0.11005355051579266
2_120,4.9616,182.02654544493652,35.976041560617844,128.88011741346335,254.75925742577866,125.8791400123153,62.70164161103155,8.725563572855899,-68.22994903692401,0.025979364685062956,0.13085216746306408
2_293,2.0907,437.71907626196185,84.22763420745417,314.87012468406994,577.8047203220234,262.93459563795346,45.09494148654835,14.113962151849105,-121.02534158860405,0.023572332007394836,0.12967270450965696
2_564,3.712,147.31412514908592,61.388147065289445,82.02953554261215,273.716053589438,191.68651804682582,56.848762700264146,8.082935647151837,-90.18198761933778,0.027946816165693802,0.16349887746794797
1_1003,8.0,196.81819976418973,110.65329595851722,89.56380815777499,433.1359318006736,343.5721236428986,77.77009737962395,9.775129805640862,-34.89795013933034,0.0334822918522391,0.12166433886754349
1_3064,5.0133,159.73627317936266,90.29697803095031,104.54651493276546,356.5688016972802,252.02228676451475,68.72149711344785,6.222003221243842,-25.050676761898757,0.025250215475395132,0.13301900039072426
1_11889,4.0107,245.56983674153653,65.56414712718029,92.67967668810583,356.83987891732573,264.1602022292199,61.750972050886325,9.550783798832448,-83.28347162150394,0.019900367698427526,0.11753558724187799
1_6683,6.016,133.4113273555798,47.5322638133877,97.67656292392128,165.7461691838706,68.06960625994931,69.22872488436536,6.821116767970484,-53.36695148591365,0.023456555245337584,0.1123071089158298
1_9594,6.016,226.84863249474984,54.80153896723814,145.1110511793294,317.6609280837933,172.5498769044639,63.03736465935074,10.777522398832646,-24.734713897067703,0.013984049909818299,0.13014345239798875
1_3259,9.0027,193.35689409770416,78.26240925548396,98.26167108315585,251.30630845986508,153.04463737670923,68.55971106377953,8.963596697972127,-32.22210702318059,0.023355225594693375,0.10611700884602263
1_9245,6.016,185.7059229384079,114.05556102383262,96.02057184099391,497.60264199199105,401.58207015099714,55.3103989076415,13.36940125704042,-61.42777085838652,0.03500656383204817,0.15727182565544104
2_260,2.9653,161.52207559177776,55.30225055174031,112.52577753786503,289.5290759571535,177.00329841928848,58.88921188064998,9.312954107636697,-52.90194528730383,0.01850029888099279,0.11787429184776099
2_594,7.0613,251.4110302361808,81.65446701381975,132.88542352091622,415.2068424829082,282.321418961992,51.58643131263582,10.925401022585744,-124.626671587306,0.031139434913555204,0.14776472836351642
1_3069,4.0107,172.1744732975089,92.96637398780567,100.68530181118028,466.7439552110409,366.0586533998606,63.88626130260291,9.503232169043306,-83.41370252388424,0.028601299456523385,0.14755965872201257
1_10890,6.016,182.47230654800094,84.65380985768338,120.03792419549808,458.2132881481724,338.17536395267433,62.18026817425765,6.394168384148779,-96.46482240722102,0.027114367551511108,0.1617345804196748
2_288,3.6688,196.61234170325807,61.795857837234884,145.0352100030536,366.8933060345331,221.8580960314795,65.37050265108314,7.688186260352886,-26.038195176439828,0.02119838474858955,0.10063540952436077
1_12083,4.0107,186.88855363582434,116.730464004217,85.97539902105322,537.9169223717907,451.9415233507375,61.603645221578404,11.23720369135563,-92.42531361394909,0.02909522019576935,0.1746642566239581
1_11253,7.0187,219.01135930985797,57.59872417432563,140.8426324513285,263.28198978054667,122.43935732921815,63.15854655666128,8.936320906683179,-59.81053081969592,0.017754878297787886,0.12464550272164047
2_140,4.0874,201.25450279883523,77.72825386255245,127.43328105894133,351.38678157500743,223.9535005160661,61.05975135027293,12.443936847189516,-95.48720808440314,0.03161787460338635,0.18690404589692305
2_114,10.8438,218.62794113818137,94.39914520091506,143.36787172056302,480.88744580159755,337.51957408103453,58.5584415546778,7.862952158718286,-104.96976050549226,0.021130222093865465,0.1459727372809341
1_6504,12.0107,143.06145003217765,53.03123521491239,99.86648826293577,198.59603088053095,98.72954261759517,68.47681755730952,6.61466004131512,-31.93081159978745,0.027162663018858862,0.13893483500407103
1_10004,7.0187,134.39443253454195,27.648269589969935,111.07234965308949,214.93710694482834,103.86475729173885,61.936059569255875,15.632200211299756,-71.29368440019503,0.02249095706857198,0.16161027814169387
1_2119,4.0107,269.2697947320159,24.79278878316876,225.5793395253378,303.8799158849329,78.30057635959514,74.28797883026886,2.751500833026257,-1.333615808018301,0.01262642907814386,0.10698217429275084
2_440,7.7787,336.4189525483455,110.79502865749205,181.14998471776863,525.5781148821638,344.4281301643952,56.04112951528035,10.540030281454674,-99.44107840990685,0.01681316502821519,0.13184482502354017
2_461,7.2911,177.42211780842732,39.36673366332245,127.18851030814037,256.60236840945583,129.41385810131547,65.70037626496172,5.572304573848878,-28.960124017556918,0.03117710695985702,0.1425721842362497
2_118,1.7707,341.96560064389433,84.5650506113388,170.16055249337123,439.2858864712871,269.12533397791583,45.027505408911985,9.93334753177756,-116.88607255041296,0.026705391475870272,0.15342710118417788
2_158,11.9583,220.503243358242,69.36249343911796,132.34691210981188,344.98997475250303,212.64306264269115,80.38137129165136,5.831539024838938,-12.395604376634562,0.025136169534018676,0.15356143407439998
1_11042,7.0187,472.1055612876396,60.62533902240987,340.46691113017545,547.4191890127075,206.9522778825321,65.07441434869754,6.954731508089713,-55.660430540048466,0.01913183253100358,0.12621152988617104
2_272,2.3467,262.7195315866874,77.65139672023004,185.41579341140562,382.37309962069776,196.95730620929214,63.33899233176622,7.723820438231531,-39.17293153377164,0.024761045105578538,0.11535958268369964
1_537,4.0107,336.1555108359656,82.42983019088086,220.2358346560768,468.3956298792213,248.1597952231445,63.207184884879304,11.08919876035268,-87.36077000185044,0.021048028928776403,0.11546478384910079
1_175,7.0187,162.99009675399842,38.282466495013544,118.56731232491501,224.69597832973156,106.12866600481655,82.22011414445744,5.8198979393136545,-2.494047293013142,0.02231680683785264,0.10324065393070699
2_577,10.944,163.48530729375247,78.32469599292851,123.72738957474645,404.9150981987345,281.18770862398804,63.84738656771908,9.639976365634325,-109.13142155843946,0.018558205189513406,0.16615300552003703
2_517,1.0027,237.18480743939796,48.36705385158631,197.0728239996993,322.5690906090598,125.4962666093605,44.44305294984166,10.924816667793383,-142.3758908453684,0.013001434182475777,0.08323779317833636
2_121,2.4381,162.7816263443598,18.554306787745734,126.70718821105352,188.69443744809888,61.98724923704536,74.11696625602642,5.105025563413704,-16.760686522245187,0.022580340236049826,0.14313113925510168
1_11021,5.0133,224.98398388713355,44.99410337695361,170.56176911175942,278.15553450425716,107.59376539249774,63.22530781282534,10.241121873586655,-66.57581655742429,0.015045780869076977,0.11904948177338825
2_313,2.7947,132.28959657832837,71.9563646017753,99.10838811103358,135.36804359067898,36.2596554796454,57.4026102479813,9.58426409032039,-73.96052251691177,0.02568385419889351,0.10224598219978777
2_102,8.8701,213.01663661737615,114.13354317556163,108.49928847812988,492.4734718370509,383.97418335892104,79.64811013808087,5.674973857224501,-13.697127709253834,0.02935117316284377,0.1711795714898381
1_9993,5.0133,324.91938822451044,90.8164731758666,211.91548664593475,497.72187982932127,285.8063931833865,64.61012947089706,8.597308389380014,-52.45031846986391,0.01685664645636433,0.11625385643454836
1_5699,13.0133,191.2770534270135,71.72142319609816,110.96842787184151,324.36505222736116,213.39662435551963,72.65357248787892,5.1032845520256345,-17.91017456852648,0.022381241503499634,0.14011942363503746
2_72,6.5067,149.04149060796826,54.45772718831489,125.77275462383966,198.97185567526455,73.19910105142489,47.119950807016586,9.269204605179748,-103.85255947448508,0.018922887190678757,0.13771715220081965
1_11201,7.0187,244.7047644895352,54.77695324079878,154.10264586054524,326.7636087473312,172.66096288678597,61.85393304593422,7.622165161864025,-66.27220890626991,0.016442003030037514,0.10410910718423584
2_344,5.6657,175.39928235651132,80.32654215845736,88.54131459243989,330.33509773162695,241.79378313918704,81.98109264204028,3.5085767571238393,-2.369418315693719,0.034405497320310466,0.1384210675857814
1_1798,4.0107,182.43031971970106,35.53864664018034,107.57412574207063,224.63262697047708,117.05850122840644,71.23551737648218,7.855475114958596,-39.70832421115603,0.021297760317413282,0.10837375462862271
1_1144,7.0187,178.13712732398093,59.328329474564,107.2603686390282,260.4622636370056,153.2018949979774,75.0475393782885,6.509472641504575,-29.725849898069406,0.022044240720752367,0.11405501311338535
1_6183,4.0107,202.45364151413372,22.74768409608533,153.3856511233393,229.8762303428156,76.4905792194763,58.549185041407775,14.504324347153037,-86.99689653647647,0.029431069581201223,0.15727936777704557
2_532,9.4509,225.19818631275572,112.21404996055374,130.1515463632366,489.1195080001721,358.9679616369355,64.19213345887357,4.881371212660064,-13.38006427075067,0.02922164376285851,0.16293344936155957
2_542,3.0507,219.7701759305768,89.76728785078922,147.7375199667995,478.8604344932645,331.122914526465,57.221469210859276,8.014667301971212,-48.55835588073706,0.024752342995156176,0.1671354760069576
2_361,2.2291,155.00547207155884,59.230605907418976,78.89393037358761,225.81843445502332,146.9245040814357,66.17770808154994,8.50898840122047,-46.36393727550999,0.024279200061779627,0.18486328687917208
1_12002,4.0107,173.80709199220664,108.70595167240222,111.01113949569573,351.6165988696334,240.60545937393766,66.39863004358604,6.218972133996322,-56.33208426145485,0.026729221687205495,0.16006237891117403
1_7894,7.0187,223.96011224379714,77.02614186001186,115.06661707862949,353.0896519910979,238.02303491246843,68.49807624894909,8.276904533109755,-51.611351740436646,0.028470541090443707,0.15325802532644806
1_3177,5.0133,192.39838994101478,52.33440567984643,134.05805727545794,298.17802979217504,164.1199725167171,71.4715539478441,3.9532163758834056,-9.669741020657437,0.028985085208939686,0.15871655948354343
2_458,1.1307,385.89531763076513,112.73820437870226,253.40325157076256,568.5229191595872,315.11966758882465,59.34784331863593,6.670222012807317,-55.50064647640117,0.02585288381564171,0.1522213046342226
2_389,7.2679,296.6461642082936,120.06098315990877,123.89886254496611,480.0396218944603,356.1407593494942,66.15498901698345,7.104322489100814,-48.991887931757134,0.03944923100111093,0.1942630551468111
2_377,4.9042,161.35854712981933,60.89364947887773,119.24105717541747,340.3453976905712,221.10434051515372,53.18647150235348,8.499680958719413,-61.605789236549086,0.01631993481706239,0.13233557248407565
2_314,1.344,406.18885572959624,59.863979360790935,340.94485147873655,497.58730327785497,156.64245179911842,57.40489920624613,6.7304641950443,-54.89980633878385,0.022976900730574,0.11942423958439778
1_12275,8.0213,196.03933356937387,63.01670452511628,139.58760189845654,337.68645164615066,198.09884974769412,57.75982348126282,8.109136819406165,-83.40944604433682,0.01358223548929043,0.10554580630539756
1_3256,5.0133,173.80199199698362,31.76914389243824,96.69140908348834,222.6521638608089,125.96075477732057,65.16478728096408,10.996816135530846,-46.06611979904529,0.022257650728979315,0.10667813176336051
1_8407,13.0133,203.63414197623632,57.70388432360318,131.69906663057492,287.81457440982837,156.11550777925345,59.67193502533087,9.161960261984078,-38.66689467233776,0.021901472321445948,0.13863308842195676
2_505,4.3654,282.33737937689835,83.6732233865264,163.29463941299286,394.1593650516277,230.8647256386348,85.56156280943303,1.8308681217031593,1.4284941369861226,0.027088188436112683,0.1611497760469135
1_3660,3.008,278.85374011138487,125.49217301107683,118.2311805176366,537.5232455390718,419.2920650214352,67.71115949755635,7.505390698631184,-32.91445344257165,0.019810481605284435,0.12692541500370486
2_456,2.8018,141.88132341204678,20.129140356731945,104.66676581329139,167.8278067259186,63.161040912627215,63.934289239842364,8.141771247562254,-50.99981651321935,0.02996910135061973,0.15529925391321223
2_71,6.1597,163.5711893960367,82.72605915476564,105.40878494474406,319.24478335744055,213.83599841269648,60.902979156721365,9.110702199273668,-79.79359053679256,0.029732202165158518,0.15533551253858224
2_499,1.5147,250.80456393435176,54.623779730119274,176.92687208788726,331.4804794840296,154.55360739614235,57.122258292980966,7.240201757932699,-39.77666680381985,0.03703478966191924,0.1544729774954715
1_3573,7.0187,205.17955954122314,52.79663391475264,158.46239186524923,272.2457299086148,113.78333804336557,65.09435862299983,12.774482775061001,-47.47526121787266,0.018945183451086697,0.12108106346655712
1_12320,11.008,174.75735847557795,57.97100461093858,114.59316079313871,243.9028447120741,129.3096839189354,55.318649751769534,10.632880954081987,-92.50829570780847,0.021969383184683087,0.13877194264105713
1_3842,5.0133,138.1502933334192,38.614224807192784,80.51873814632918,214.80951124862443,134.29077310229525,65.84613301622221,7.737366253545309,-62.61686175054248,0.03624414483389164,0.14827071979749165
2_522,0.9173,430.8319466975281,207.92224047852218,89.50537677301291,574.6779323366419,485.172555563629,48.21683758549269,7.405837203877485,-129.47308713089316,0.06766740346947087,0.14582305803121398
1_4544,13.0133,257.57334021362175,67.66634419503998,144.61176905496907,388.87958172484224,244.26781266987317,63.52502840172617,7.8229905447986665,-42.0898537897137,0.01874297282777669,0.12507950471532883
2_615,7.808,253.61249365636507,111.02595568814706,104.83271842518265,484.3822190674037,379.54950064222106,54.559877126757634,7.19673686705996,-90.65150115795953,0.025663354714054124,0.13896194150548705
1_7357,5.0133,168.55343570580055,71.00988809793665,112.47152895680982,304.06244790826315,191.59091895145332,74.50110514332219,3.8278802878536493,-8.344879478184215,0.026983724006857092,0.161248620362037
2_495,15.936,316.4362818134665,136.31855602337097,100.27590340085241,519.2493161596883,418.9734127588359,54.56459789370242,11.188115059657992,-110.32856834670281,0.027083077492103775,0.0996542345737487
1_5572,6.016,149.3638688809167,50.27199958133199,97.67927172137867,187.30650316894065,89.62723144756198,73.41355223513634,5.058604610397656,-21.448341209867202,0.021975291634063955,0.13966331947153235
2_183,3.6456,170.6658869672949,80.03656307380157,110.40702996091343,391.0448949263594,280.63786496544594,59.8575397496545,9.761212681912825,-82.48980502915595,0.02087063773988398,0.1665106517917208
2_422,1.9627,230.33867212558013,155.38887549806327,134.24611845374747,591.6465808835525,457.400462429805,57.778584267792986,6.978403723858529,-97.0641058480483,0.03363703688784598,0.18586674558779054
2_9,3.9706,163.3458998619578,40.99505662883199,106.06335855322347,239.900652066238,133.83729351301452,81.08377925089654,8.010118022020137,-20.11423883365028,0.019761714290574984,0.12117452293555928
1_1185,3.008,253.21929372441386,67.38723746851808,161.67951284461884,348.1265374597085,186.44702461508967,71.89761572423792,10.475884837178999,-62.267483871083684,0.017955722122468883,0.15514989859632294
2_197,5.4567,135.9084706665073,70.08490315774954,76.27332987993128,282.8875063328685,206.61417645293722,72.06623878217286,4.818594035082865,-20.152326272978712,0.02474116318617222,0.15143093941641428
1_11306,15.0187,98.79173960087519,32.69963845601714,82.5236372968669,121.13589683893447,38.61225954206758,53.57775265888074,15.834286044172313,-123.45684801552763,0.013496795539818114,0.13186133793913657
2_191,3.264,209.4468127418222,121.76379434969918,108.47766605673804,387.8782205498629,279.40055449312484,49.964315878300596,10.108740813112156,-136.50829816609917,0.02127055642419178,0.17850879202760353
2_43,3.0507,221.15126833727894,83.5183297969198,102.4122869738736,345.05583633556705,242.64354936169343,57.8295390368613,10.678695599927282,-50.37974558882348,0.0246384589051853,0.11840265269344954
2_449,5.6253,188.3970400995863,36.912531972433236,150.85592777022057,268.4498000621143,117.59387229189375,69.93143275358787,4.42711160769161,-10.031239469863038,0.014265953640907129,0.1401285107004388
1_6134,6.016,147.77250659771565,43.40437434532863,106.26469391114671,187.8478307699867,81.58313685883999,67.84442644943891,7.142319738824914,-37.913955877017955,0.031677949657312826,0.1254428287886538
2_548,2.4533,171.63587309993616,45.31293940049473,112.18448258500854,272.2052981520093,160.02081556700074,57.12301265952041,8.779790549866739,-81.47915079776237,0.029543143496662004,0.17613850525291122
2_131,4.8829,144.42653554069616,66.86349492053178,102.40083037742453,210.69073262952153,108.28990225209701,65.2139226874923,4.398050038466003,-13.529727742639468,0.021412280077378477,0.14795645721369327
2_135,7.5232,173.00045569472465,82.93866624538983,114.58363174409462,401.08318542488445,286.49955368078986,81.65884900401005,4.836320321845083,-3.216275131163793,0.02657321152070412,0.15985430232581452
1_12331,4.0107,246.42766922381443,76.54343537384726,174.2190340836889,325.2845887724398,151.0655546887509,56.06805137935609,7.113922222859459,-95.58692052599238,0.021206162365953185,0.1387944830029699
2_66,6.9196,199.57730806732755,109.49940825773191,104.21834599574532,499.0719248829992,394.8535788872539,69.49000254253355,5.82345294762634,-64.68793994356447,0.030540893130760305,0.16106101239544895
1_7082,13.0133,206.25018251141412,50.563586056250806,136.81404745745525,285.36513096562925,148.551083508174,59.99566612330451,8.576544083230301,-34.8431795427265,0.023717991093185894,0.13766483145870445
2_240,1.216,206.35767018628917,50.14310059061087,146.7889875014795,291.52991502727906,144.74092752579955,55.61655131168301,8.795127417096607,-56.8650139298733,0.02093677239593961,0.13515183880637252
2_393,0.8107,306.203163307086,36.106646960915135,241.25117050882784,346.25544347804714,105.0042729692193,56.13137246671694,11.762425612784082,-89.26429788269358,0.01710830190696556,0.08240377601064044
2_87,3.008,214.09049649284128,66.45458207220123,122.41082239154086,305.9200572023565,183.5092348108156,47.04037774373532,13.688827891146884,-123.03471890795686,0.0298186661697848,0.1369851480353518
2_170,1.5093,198.06252828919017,48.52824231932075,133.50946759918696,287.72028171968634,154.21081412049938,65.83638444761598,6.685128298611131,-31.76265958723957,0.06470839372528367,0.1370619508962674
2_171,2.6453,358.4109843011741,85.6303908423299,218.26371150012753,490.5496144632091,272.2859029630815,56.35626266901781,7.629337822999524,-75.78365062561647,0.03322586601774081,0.17417766526772616
1_2830,6.016,249.1317099479423,88.03288255782577,116.11436874738757,395.28999459228214,279.17562584489457,72.62778939247275,2.7034858518872844,0.21263203405448797,0.033483983497842665,0.1991273860649252
2_242,4.1783,181.23542361440988,40.52636987400693,143.3826424931912,224.71161558862664,81.32897309543543,70.19887564948729,8.635987671559826,-23.558564705623773,0.013072389090629508,0.10294473939197628
2_444,2.3467,346.9375653478876,57.92069546649412,258.9916635963393,441.43638374712873,182.4447201507894,62.187071112343745,4.247848842988409,-3.2492921256683838,0.023460970113197317,0.11090211653505526
2_115,3.6252,182.43552965928353,65.54332343932091,89.05598691985571,366.54959450640206,277.4936075865463,56.42953220859095,7.167888914538647,-22.855843290940285,0.023695561776579308,0.1609711354676731
2_559,1.0027,348.90361173499457,112.44636164812864,84.34643378835186,463.8874258524703,379.5409920641184,67.01739627922387,2.6643803390154734,-0.021652620690699523,0.06425344496556198,0.19161383811543317
1_1638,4.0107,156.20196036769207,49.30709577673265,112.15028684270148,252.64437854595732,140.49409170325583,67.79561652479553,14.739943642397108,-55.27935272063015,0.02647518884122191,0.15560943345688724
1_9003,3.008,195.8760949203718,99.9619803005651,96.29896664934004,383.4525751811612,287.15360853182113,64.79985629737723,10.842838925073291,-72.16656917501264,0.026357057545239194,0.17479312820246887
2_167,12.0744,283.66347844543446,88.89184363820058,176.6346008287376,476.723677620712,300.08907679197443,58.113215584158304,9.984426132084051,-65.53285804785843,0.022836327053008528,0.14282025513177887
2_96,12.7787,263.3041711497884,105.66380651680304,123.872412279056,436.06487242978,312.192460150724,59.348291785165365,7.173433818558513,-58.06521737606222,0.03703856134284391,0.18422574677659012
1_6534,5.0133,184.86456524752253,74.97008407951954,113.94555820933473,366.29547548342714,252.3499172740924,69.99185822620746,5.802033995335738,-17.780186169203155,0.0242394965096897,0.1376864262873692
1_5617,4.0107,187.02252498969247,70.19490189210576,108.5826807417312,316.6719175918525,208.0892368501213,73.09811483118617,4.292174411568937,-18.17159151404066,0.022296827888975516,0.12999811815094883
2_367,0.9813,219.15487008077017,25.979022384004786,196.1245571852541,271.1274886503334,75.00293146507931,56.21522999677048,12.896977839561186,-60.52904363571966,0.019709395255972012,0.11086068663293053
2_204,4.5279,311.6655556575295,102.10154690954485,173.23466570187054,485.24518385840327,312.0105181565327,65.33972275488351,11.745061695804246,-63.37821629706066,0.02220127202640012,0.1427832974228271
1_7575,7.0124,276.68894080515406,84.38024143365911,183.27440012651726,444.0129115329329,260.7385114064156,72.30861401836661,6.0720674883085275,-41.92611859412823,0.021402814282236605,0.15694320923160382
2_556,4.8052,223.09749482203893,103.2224633942245,140.80955533987344,440.26975665382906,299.4602013139556,53.676450671032114,7.748577465632598,-57.181558946337226,0.024265854325702173,0.16552830231894117
1_5212,5.0133,218.61726255500656,45.99281819447854,157.8271291501057,301.77836879835394,143.95123964824825,72.44338902315967,5.972390170155135,-32.10433556861836,0.01931707538859838,0.11426478857154694
2_441,3.84,195.51618691625404,47.129876163640375,142.79012616705248,315.1921886979358,172.40206253088334,60.96225243371779,6.463655740231019,-45.90014233324227,0.02286079758804997,0.11814133185257583
2_112,7.1286,166.0646383085531,111.32127695344504,78.21409970326205,511.7517264826564,433.5376267793944,71.8805334955413,5.088593730642409,-22.878196900607836,0.029163836392859327,0.17955526954743245
2_433,3.0629,151.00958079943496,88.02268346923687,100.5485126855749,214.9728594201432,114.4243467345683,64.66640793547845,5.734039237335686,-25.22398608869584,0.02005163739457896,0.1342611195091927
1_2853,10.0053,130.74076299720807,36.05237306985615,104.89477152649937,162.1109519202409,57.216180393741524,68.42524526497651,6.51998942064937,-39.8024191244922,0.02139547030568085,0.11864689549068064
1_11526,13.0133,190.39378286861054,78.79779774369258,105.66983226668917,377.3080069115448,271.6381746448556,62.32463610774762,8.587461764492057,-76.86999491543322,0.02218843648098906,0.1431406133408592
2_562,4.928,151.13888085333144,57.7122216869416,106.55924798448764,176.36233875284663,69.80309076835898,56.79008718343172,8.040056336300662,-80.9504744305017,0.014695436468311118,0.12453423379846024
2_284,2.7947,337.0424700861182,134.43247097561033,141.10437157783772,576.3575907822863,435.25321920444856,56.562218859413065,8.731041063679031,-69.52327938274847,0.026991623682665562,0.1381713623958527
1_3125,7.0187,212.77057577337985,57.06399682610947,108.65508352393456,311.84309121523336,203.1880076912988,69.43924974940879,4.674887619701118,-19.596399393687587,0.024259499615419202,0.1255465003493261
2_104,4.2763,229.38658527681181,87.29634074594408,130.29774604294866,468.8933825893754,338.5956365464267,57.91933101492608,11.640572224156504,-51.60528590661828,0.02083609164132306,0.13088266023817124
2_302,4.48,397.6431048470614,84.79123905225372,257.07043422409515,517.5114964226784,260.44106219858327,58.728640528229356,8.725646943704726,-61.683386370456155,0.02042090821113252,0.1067173735117548
2_123,2.6239,209.72227689040997,95.19089411107358,87.39388981497801,425.4717655755778,338.0778757605998,64.23465141899338,8.091181099862622,-61.543383976454784,0.03576433767949814,0.219177915558251
1_105,6.016,186.19844829418886,69.89836497082567,120.15541566102483,273.31595009599636,153.1605344349715,83.43737819863598,5.545429081169321,-3.944789324858913,0.02448900137116338,0.1277653992294804
2_196,0.8533,371.1424530361028,15.81444972452484,347.2634371461793,394.3707513731581,47.107314226978815,48.512757406882756,14.008403283243874,-97.04084699582357,0.025790350797676734,0.07036918477670545
1_2664,5.0133,194.20176235127883,96.79154007221261,90.93069687939315,509.60049560324956,418.6697987238564,66.80911805040945,12.5557709918025,-74.49470251124687,0.030544444501013582,0.1319711870168667
1_213,20.0107,181.0530240461353,81.58424722791797,115.72189113849822,334.0451360683619,218.32324492986368,80.01605982215673,8.482284897713074,-18.023711897598634,0.027338612913767844,0.12466832827484864
1_6032,5.0133,186.62633776185933,63.34004773398596,97.01685456910484,345.9605837561976,248.94372918709274,68.95512711294484,7.040165272667249,-28.08717188496023,0.021008311099198672,0.09698853216191343
1_4290,5.0133,171.6847371867354,93.3296917150707,91.32325314070269,389.48314755292955,298.1598944122269,59.81063037318324,8.314133480078342,-49.54389594224542,0.026393431202193562,0.1491822603841961
2_523,8.8701,164.7908730449154,44.82614448467693,115.33257886555079,243.92218236243883,128.58960349688806,62.77426534585451,8.166753817291502,-71.9533624960734,0.01856832423951049,0.1241529620613503
1_2580,6.016,143.49339299429346,70.12999572937046,83.37459107115062,246.9867522473291,163.61216117617846,74.67374624899868,7.277420680357589,-45.360881021469545,0.03253259384389833,0.15747941907227384
2_186,2.0907,154.47784083343873,26.588203212750166,118.1230739324834,185.99483934672753,67.87176541424414,61.00478916571425,5.617950765264132,-26.20253995233764,0.01385431406583197,0.10731157670923358
2_387,4.352,162.82257558432374,57.53934045890612,102.17324902827258,286.4069394801977,184.23369045192513,57.323896523804756,7.264665217529008,-61.65731987648786,0.027051946694879352,0.1371154880839601
2_251,3.4347,398.0327602599829,89.88209415662071,250.5956655520782,542.3840863031573,291.7884207510791,64.87383530264115,8.258184809369457,-59.56083955562691,0.02051664754924752,0.12223712669866074
2_546,5.0388,156.56661336296582,69.49865729837583,104.51206750691233,255.64425910575724,151.1321915988449,66.99073414461114,8.971070255118937,-39.86077131116038,0.02354001603539024,0.1398687375348646
2_581,8.9831,186.79431748321622,84.51673418232431,122.30886131210924,315.6042671049596,193.29540579285037,70.33789022086405,6.167869506725507,-43.95705902378756,0.014461131984430315,0.11769175254126547
1_11439,7.0187,261.9492921742317,95.72272332448857,115.22030550797388,443.56586648026587,328.345560972292,63.85960625838924,7.893557347951266,-80.28992463080942,0.01849975316899116,0.123639307627185
2_65,1.9627,218.3988793022607,29.924129492057556,186.20814581775687,272.6543024264218,86.44615660866492,48.84779582766803,8.896281921394754,-136.42166940041074,0.022191782581683528,0.11099548518226834
1_672,4.0107,194.40213528520536,72.52016266048165,148.80549369063561,276.0295566447163,127.2240629540807,65.62372136783532,14.917341862255004,-92.1870664199285,0.024445472667547596,0.117587627210911
2_531,9.2587,128.10515133051962,71.37210951819652,89.57799411837655,312.6050651235652,223.02707100518867,63.10813396958141,10.057040409788499,-99.76418846167013,0.020649449852279723,0.12310481927338142
1_2842,5.0133,131.92719223661933,66.3321455131433,76.75110953592375,325.58160665673927,248.83049712081552,71.76478191928459,2.9666000594163746,-4.6708329648135125,0.020986098919221218,0.21604423443196843
1_2669,4.0107,135.99961622710185,36.85189286803396,89.1421804066708,216.59348757014658,127.45130716347578,63.1038820928873,15.313710469199,-86.4100784410439,0.01622117247276301,0.12993867037604415
1_11485,4.0107,350.8398318124764,87.80862955652127,172.91979007391402,504.2038161791904,331.28402610527644,59.9611387843764,9.64330437589277,-61.52630058667656,0.02394952661722703,0.10705231414577752
1_2616,5.0133,188.38917498943584,64.49014382756496,96.16010235183609,320.0388952982466,223.8787929464105,74.33948332257214,6.809851435629161,-26.37375253603415,0.024855822616205257,0.14158005624899817
1_7281,5.0133,180.713506118292,56.183100410891754,108.34523717382604,258.2303622132846,149.88512503945856,67.48990717270853,8.234753775131328,-49.64154196656482,0.020333503715115993,0.15778082755891618
2_481,0.7893,182.43862560649333,34.93957921659571,136.65578300522048,224.85264906251638,88.19686605729589,56.438451465836074,10.912103499045223,-78.00493844136193,0.0275833039972179,0.13041427199587888
2_617,2.88,164.69671137674453,66.47588267990396,110.04780190149326,219.22704746984496,109.1792455683517,59.11825492775383,8.93158835865118,-64.08749600335383,0.026860722849087172,0.12508350284692552
2_243,3.1787,221.08750150765417,52.81039416184704,171.07151545335938,355.7636093366971,184.6920938833377,51.42277317038452,9.408699627248716,-129.99530638998593,0.014871593685781432,0.15073304561596604
2_235,2.7367,181.42628068498487,38.90137187974224,111.6334003143817,242.566548548036,130.9331482336543,74.40390560914065,8.248222558953268,-47.931161295675274,0.020422577374024822,0.14561136387024287
2_612,4.8297,157.33879277588784,68.19323698406039,99.67912533777049,290.41818015481505,190.73905481704458,72.96237805699951,7.106826114424652,-33.36487955899158,0.020187912931921608,0.1375415735282952
1_7722,8.0,156.7080895003798,68.25281314096705,120.96167205057374,267.43008894865585,146.46841689808213,47.29114151357089,12.824001507607496,-73.98519995301378,0.020121159177186883,0.12114097053848683
1_8417,6.016,119.67651959516553,50.10790010865037,86.40798232934146,182.80994136785745,96.40195903851598,60.70418942329462,8.556060607563714,-41.04223247121607,0.020144363843255037,0.15047453760001583
2_109,4.7072,210.56425921140266,127.47290141833683,118.81478144972559,558.311584479223,439.4968030294974,66.43678650875911,7.510349020991957,-58.66122321032159,0.025372792773054514,0.16139611148648728
2_518,3.473,191.59835329349892,84.62426400605572,88.79304093590473,359.6758656603984,270.8828247244937,70.95753631371385,7.023291855832207,-32.805738797189946,0.030010474056813233,0.1470274980503402
1_276,8.0,147.5758898719143,61.310092928449656,109.0593000675009,334.9510357671179,225.89173569961702,76.46193873957196,6.965963099915187,-20.45780149813518,0.020244081554068313,0.11529294906928084
2_575,4.2667,217.85805913633575,55.93703524692785,111.15141131385572,283.1763605996031,172.02494928574737,58.98230000347263,5.973456769727542,-51.33501398866626,0.02558959037174338,0.136558992569636
1_533,7.0187,195.0842663463668,134.33044278934673,105.46229552215503,538.7789643437079,433.31666882155287,58.43352392054275,14.302642842603047,-109.7687113056551,0.0332853852260358,0.1872259235464546
2_205,3.6053,378.5220299666151,76.00103983238965,196.79255401971025,468.5787634440671,271.7862094243568,65.59379136671446,4.67164859696421,-8.149630761206966,0.026490839479168332,0.1665534690008253
2_42,2.304,144.7826856136237,34.75918181777073,93.29762569080448,211.98100442320475,118.68337873240027,48.80080522419435,8.978828383819707,-77.21239185923379,0.033461093536967725,0.16302235290299522
2_292,4.7137,151.42050943654104,28.22005108444513,113.33779187218947,191.21498590972507,77.8771940375356,82.25649037665389,5.31490288710154,-0.46752649069932656,0.021303626111242903,0.148214835027724
2_428,8.336,283.5093950946728,74.17722830115227,203.3782631881386,406.0885104492842,202.71024726114558,61.64115462057137,7.949501561759808,-65.56679349058165,0.020501517886176015,0.11553906586640098
2_103,7.2149,160.65209699260842,70.86418805930764,114.02920381089206,272.81613544823534,158.7869316373433,61.41072675875441,7.551622185157842,-46.82480935593108,0.02482554307127985,0.1261770392710735
2_463,1.1733,204.78456905358212,111.38602463015003,87.23791911075463,371.33600115537956,284.0980820446249,51.43271622011368,6.991034760734312,-148.57663318905173,0.03888018830649877,0.25518208482099275
2_105,7.8251,161.88564868171733,54.308540985039066,96.91853355679055,260.1250044605474,163.20647090375687,59.74680150249238,7.448172328575023,-39.84560346834049,0.01847419019350866,0.12881669720338904
2_34,4.4582,240.8315631221262,105.99378665783962,112.55529712871275,472.1477112243524,359.59241409563964,63.2141740625312,5.54095981177308,-13.549519035485568,0.03157385471677996,0.13903155627826402
1_467,9.0027,194.5627407722494,114.45895626129656,84.04048887597942,503.8577631890582,419.81727431307877,69.41485994961823,7.770685265321781,-70.88287848883478,0.028874400986163392,0.1656031852183464
2_443,4.6377,285.5406275021853,72.46617462522877,182.74045292884378,401.34001670143516,218.59956377259138,65.51059445658434,7.681508195453759,-33.25335541773322,0.02018545400895281,0.10033844380639062
2_99,1.664,398.36500163287235,108.70438180747657,128.97308741807063,552.5044567370271,423.5313693189565,58.621207615369016,8.319899968026592,-86.56538699433028,0.030868991672185497,0.13442383877347092
1_6221,4.0107,320.6334777633845,61.02149641035971,191.1305216468706,416.5910660496952,225.4605444028246,66.81039110975621,7.870456728005582,-52.14238711192586,0.019157927645488126,0.10039517517436163
1_11177,6.016,193.15687428994752,51.02114776378,127.22664418388128,298.91824144250484,171.69159725862357,58.37288862272774,9.983755914029015,-88.57131448434838,0.018943441851714257,0.1289643879712746
1_3333,4.0107,122.67607997161038,84.33115097674342,81.08982523518615,209.69783133445085,128.60800609926468,68.92262161217178,6.6098147442005075,-55.88565010652106,0.025945988622408482,0.15010966737189027
2_69,1.088,420.589889825868,83.10957947074635,311.260788679454,525.0876879545193,213.82689927506533,63.77917034883433,4.2896322218414165,-3.431549819500712,0.031360447155038336,0.20561231870776478
1_7675,6.016,338.1820715015596,71.98365279063819,265.2008636710883,485.2138755613497,220.0130118902614,53.08284709592181,8.071951091352053,-45.47327937100928,0.018347243027303367,0.10394157207423406
1_11051,7.0187,186.49132401312417,74.61300218932078,133.69543766627825,403.1482485225281,269.4528108562498,65.88776349631786,5.867101947268653,-22.091861087543375,0.02492458924401048,0.14972280361867385
1_6370,9.0027,230.72675785529162,112.97506771798334,105.1975807972657,464.7703516760562,359.5727708787905,67.98637706307849,6.54155972947798,-25.745628111534504,0.023101913946937242,0.12185981450937776
1_70,3.008,219.46066011192877,65.10977004011818,166.94600744435945,261.9666101549074,95.02060271054796,72.07446790166266,10.655078166324133,-55.122942292131654,0.021255204933242285,0.08292055095372426
2_473,1.6,201.54658144172978,42.47442876041941,154.18621063211475,275.06732740805825,120.8811167759435,54.8715892979569,9.660237608730004,-72.35785503309351,0.028173366800480854,0.14763465384709057
2_137,4.0918,133.03341453369794,44.216757962813865,94.69979551478295,179.45004567950087,84.75025016471793,74.05547724937556,5.0400564646876145,-19.601585529165227,0.028656378175313392,0.1640681126805251
2_489,8.8236,181.33406127622172,56.5979479381493,131.6343990236621,224.79078710556075,93.15638808189865,81.55688652887669,4.284106076684696,-2.494667919366597,0.02690349318110001,0.1225234909357617
1_5786,15.0187,161.07413480050138,61.787949093183784,109.58097612347345,242.97486832491168,133.39389220143823,67.81039630284873,8.136990968464149,-54.19635374863604,0.02193986397394023,0.1378053996377918
2_574,4.2667,309.05668912177356,106.29772333257395,129.3480036831029,510.73236039910637,381.3843567160035,62.875065717517494,6.358845217455571,-35.62256703894515,0.032274023987473956,0.15783931796531558
2_457,4.8139,146.00722886720618,35.255794626880416,82.65856979203315,199.2297990418862,116.57122924985305,71.41176130464555,4.432504957840541,-7.287634580405923,0.0288598431462312,0.16417535400738895
1_2575,3.008,196.9421109698699,85.86560779423242,115.22750733340244,386.17117572292926,270.9436683895268,72.06574436421315,11.611559688401638,-48.75927199886745,0.029580702756434034,0.1562765224622984
2_223,11.4797,186.92650699524083,41.80636069498248,132.88497284769682,218.35585473543082,85.47088188773401,59.406011228314625,9.671955841571679,-54.58893032220714,0.015750425967483696,0.10532685107365454
1_3287,5.0133,158.97107913958422,34.93281923407567,110.37068414735468,223.6153562580782,113.24467211072353,70.3056388893454,4.982496871426398,-13.626097653431442,0.020391458542328975,0.11941642177080289
